{
"type": "FeatureCollection",
"name": "building",
"crs": { "type": "name", "properties": { "name": "urn:ogc:def:crs:OGC:1.3:CRS84" } },
"features": [
{ "type": "Feature", "properties": { "full_id": "w132062427", "osm_id": "132062427", "osm_type": "way", "building": "yes", "construction": null, "height": null, "roof:levels": null, "industrial": null, "source:addr": null, "addr:postcode": null, "wheelchair": null, "tourism": null, "name": null, "internet_access": null, "roof:shape": null, "start_date": null, "building:levels": null, "addr:street": "улица Верещагина", "addr:housenumber": "8 к2", "addr:city": "Светлогорск" }, "geometry": { "type": "MultiPolygon", "coordinates": [ [ [ [ 20.1668442, 54.9453804 ], [ 20.1667392, 54.9452056 ], [ 20.1661937, 54.9453137 ], [ 20.1662987, 54.9454885 ], [ 20.1668442, 54.9453804 ] ] ] ] } },
{ "type": "Feature", "properties": { "full_id": "w132062431", "osm_id": "132062431", "osm_type": "way", "building": "yes", "construction": null, "height": null, "roof:levels": null, "industrial": null, "source:addr": null, "addr:postcode": null, "wheelchair": null, "tourism": null, "name": null, "internet_access": null, "roof:shape": null, "start_date": null, "building:levels": null, "addr:street": null, "addr:housenumber": null, "addr:city": null }, "geometry": { "type": "MultiPolygon", "coordinates": [ [ [ [ 20.1669147, 54.9450585 ], [ 20.166907, 54.9449633 ], [ 20.1665393, 54.9449732 ], [ 20.166518, 54.9447122 ], [ 20.1663162, 54.9447176 ], [ 20.1663453, 54.9450739 ], [ 20.1669147, 54.9450585 ] ] ] ] } },
{ "type": "Feature", "properties": { "full_id": "w185249641", "osm_id": "185249641", "osm_type": "way", "building": "yes", "construction": null, "height": null, "roof:levels": null, "industrial": null, "source:addr": null, "addr:postcode": null, "wheelchair": null, "tourism": null, "name": null, "internet_access": null, "roof:shape": null, "start_date": "2024", "building:levels": "5", "addr:street": "улица Верещагина", "addr:housenumber": "10", "addr:city": "Светлогорск" }, "geometry": { "type": "MultiPolygon", "coordinates": [ [ [ [ 20.1654932, 54.9468999 ], [ 20.1655064, 54.9468998 ], [ 20.1655216, 54.9468985 ], [ 20.1655386, 54.946896 ], [ 20.1655644, 54.9468891 ], [ 20.1655781, 54.9468834 ], [ 20.1655971, 54.9468717 ], [ 20.1656072, 54.9468622 ], [ 20.1656139, 54.9468544 ], [ 20.1656178, 54.9468474 ], [ 20.1656198, 54.9468407 ], [ 20.165751, 54.9468503 ], [ 20.1657545, 54.9468355 ], [ 20.1656251, 54.9468257 ], [ 20.1656554, 54.9466871 ], [ 20.1656314, 54.9466853 ], [ 20.165638, 54.9466559 ], [ 20.1656986, 54.9466604 ], [ 20.165951, 54.9466564 ], [ 20.1659654, 54.9469463 ], [ 20.1659677, 54.9469815 ], [ 20.1660095, 54.9469802 ], [ 20.1660181, 54.9469873 ], [ 20.1660263, 54.9469925 ], [ 20.1660345, 54.9469968 ], [ 20.1660466, 54.9470013 ], [ 20.1660613, 54.9470058 ], [ 20.1660723, 54.9470087 ], [ 20.1660818, 54.9470105 ], [ 20.1660916, 54.9470117 ], [ 20.1661112, 54.9470126 ], [ 20.1661257, 54.9470125 ], [ 20.1661395, 54.9470116 ], [ 20.1661591, 54.9470088 ], [ 20.1661625, 54.9470081 ], [ 20.1661781, 54.9470041 ], [ 20.1661895, 54.9469994 ], [ 20.1662003, 54.9469947 ], [ 20.1662143, 54.946986 ], [ 20.1662371, 54.9469947 ], [ 20.1662469, 54.946986 ], [ 20.1662522, 54.9469805 ], [ 20.1662597, 54.9469706 ], [ 20.1662634, 54.9469637 ], [ 20.166267, 54.9469533 ], [ 20.1662686, 54.946943 ], [ 20.1662687, 54.9469388 ], [ 20.166264, 54.9469389 ], [ 20.1662587, 54.9468268 ], [ 20.1662563, 54.9467943 ], [ 20.1662559, 54.9467862 ], [ 20.1662872, 54.9467857 ], [ 20.1662861, 54.9467653 ], [ 20.1662547, 54.9467658 ], [ 20.1662544, 54.9467571 ], [ 20.1662322, 54.9467575 ], [ 20.1662314, 54.9467415 ], [ 20.1662547, 54.9467411 ], [ 20.1662504, 54.9466524 ], [ 20.1662467, 54.9465812 ], [ 20.1662459, 54.9465659 ], [ 20.1662228, 54.9465663 ], [ 20.1662217, 54.9465434 ], [ 20.1662442, 54.946543 ], [ 20.1662442, 54.9465416 ], [ 20.1662762, 54.9465411 ], [ 20.1662752, 54.9465209 ], [ 20.1662431, 54.9465215 ], [ 20.166243, 54.9465201 ], [ 20.1662205, 54.9465205 ], [ 20.1662201, 54.9465133 ], [ 20.1664005, 54.9465103 ], [ 20.166486, 54.9465012 ], [ 20.1664864, 54.9465022 ], [ 20.166454, 54.9465057 ], [ 20.166458, 54.9465181 ], [ 20.166509, 54.9465127 ], [ 20.1665048, 54.9464993 ], [ 20.1665425, 54.9464953 ], [ 20.1665407, 54.9464899 ], [ 20.1665422, 54.9464897 ], [ 20.1665526, 54.9465217 ], [ 20.1665741, 54.9465193 ], [ 20.1665684, 54.946502 ], [ 20.1665808, 54.9465007 ], [ 20.1665906, 54.946531 ], [ 20.1665675, 54.9465335 ], [ 20.1665725, 54.9465489 ], [ 20.1665495, 54.9465514 ], [ 20.1665614, 54.9465881 ], [ 20.1665829, 54.9465858 ], [ 20.1665758, 54.9465636 ], [ 20.1665772, 54.9465635 ], [ 20.1666045, 54.9466474 ], [ 20.1666028, 54.9466475 ], [ 20.1665958, 54.9466264 ], [ 20.1665743, 54.9466287 ], [ 20.1665847, 54.9466609 ], [ 20.1666082, 54.9466584 ], [ 20.1666159, 54.9466819 ], [ 20.1665925, 54.9466844 ], [ 20.1666039, 54.9467193 ], [ 20.1666254, 54.946717 ], [ 20.1666177, 54.9466934 ], [ 20.1666194, 54.9466932 ], [ 20.166628, 54.9467191 ], [ 20.1665885, 54.9467233 ], [ 20.1665939, 54.9467401 ], [ 20.1666333, 54.9467359 ], [ 20.1666484, 54.9467822 ], [ 20.1666713, 54.9467798 ], [ 20.1666763, 54.946789 ], [ 20.1666865, 54.9468017 ], [ 20.1667027, 54.9468131 ], [ 20.1667199, 54.9468221 ], [ 20.166744, 54.9468296 ], [ 20.1667708, 54.9468345 ], [ 20.1667904, 54.9468358 ], [ 20.1668114, 54.9468351 ], [ 20.166825, 54.9468336 ], [ 20.1668385, 54.9468314 ], [ 20.1668615, 54.9468246 ], [ 20.1668843, 54.9468145 ], [ 20.1669, 54.9468029 ], [ 20.1669124, 54.9467901 ], [ 20.1669188, 54.9467784 ], [ 20.1669214, 54.9467621 ], [ 20.16692, 54.9467529 ], [ 20.1669425, 54.9467505 ], [ 20.1669314, 54.9467166 ], [ 20.166979, 54.9467114 ], [ 20.1669735, 54.9466946 ], [ 20.166926, 54.9466997 ], [ 20.1669216, 54.9466864 ], [ 20.1668991, 54.9466889 ], [ 20.1668971, 54.9466825 ], [ 20.1669196, 54.9466802 ], [ 20.1669192, 54.9466789 ], [ 20.1669638, 54.9466741 ], [ 20.1669573, 54.9466541 ], [ 20.1669127, 54.9466589 ], [ 20.1669122, 54.9466577 ], [ 20.1668897, 54.9466602 ], [ 20.1668775, 54.9466225 ], [ 20.1669, 54.9466201 ], [ 20.1668916, 54.9465943 ], [ 20.1668929, 54.9465942 ], [ 20.1669007, 54.9466182 ], [ 20.1669228, 54.9466157 ], [ 20.1669114, 54.9465808 ], [ 20.1668881, 54.9465834 ], [ 20.1668802, 54.9465597 ], [ 20.1669037, 54.9465572 ], [ 20.1668924, 54.9465225 ], [ 20.1668709, 54.9465248 ], [ 20.1668786, 54.9465486 ], [ 20.1668767, 54.9465487 ], [ 20.1668683, 54.9465228 ], [ 20.1668456, 54.9465252 ], [ 20.1668359, 54.9464956 ], [ 20.1668574, 54.9464932 ], [ 20.1668568, 54.9464918 ], [ 20.1669049, 54.9464866 ], [ 20.1668983, 54.9464668 ], [ 20.1668504, 54.946472 ], [ 20.16685, 54.9464707 ], [ 20.1668284, 54.9464729 ], [ 20.1668257, 54.9464643 ], [ 20.1668484, 54.9464618 ], [ 20.1668512, 54.9464707 ], [ 20.1669126, 54.946464 ], [ 20.1669098, 54.9464552 ], [ 20.1670014, 54.9464452 ], [ 20.167085, 54.9464283 ], [ 20.1670856, 54.9464294 ], [ 20.1670461, 54.9464373 ], [ 20.1670534, 54.9464492 ], [ 20.1671112, 54.9464375 ], [ 20.1671034, 54.9464246 ], [ 20.1671382, 54.9464175 ], [ 20.1671568, 54.9464478 ], [ 20.1671775, 54.9464437 ], [ 20.1671637, 54.946421 ], [ 20.1671758, 54.9464185 ], [ 20.1672122, 54.946477 ], [ 20.167191, 54.9464814 ], [ 20.1672088, 54.9465101 ], [ 20.1672068, 54.9465105 ], [ 20.1671925, 54.9464874 ], [ 20.1671719, 54.9464916 ], [ 20.1671929, 54.9465252 ], [ 20.1672152, 54.9465206 ], [ 20.1672253, 54.9465367 ], [ 20.1672028, 54.9465413 ], [ 20.1672261, 54.9465788 ], [ 20.1672467, 54.9465746 ], [ 20.1672324, 54.9465517 ], [ 20.1672343, 54.9465513 ], [ 20.1672717, 54.9466117 ], [ 20.1672702, 54.946612 ], [ 20.1672543, 54.9465865 ], [ 20.1672337, 54.9465908 ], [ 20.1672559, 54.9466269 ], [ 20.1672783, 54.9466223 ], [ 20.1672983, 54.9466546 ], [ 20.1672966, 54.946655 ], [ 20.1672807, 54.9466294 ], [ 20.1672601, 54.9466336 ], [ 20.1672825, 54.9466697 ], [ 20.1673048, 54.9466651 ], [ 20.1673243, 54.9466965 ], [ 20.1673221, 54.9466969 ], [ 20.1673065, 54.9466718 ], [ 20.1672859, 54.946676 ], [ 20.1673083, 54.946712 ], [ 20.167331, 54.9467074 ], [ 20.1673407, 54.9467233 ], [ 20.1672993, 54.9467317 ], [ 20.1673094, 54.946748 ], [ 20.1673508, 54.9467395 ], [ 20.1673783, 54.9467839 ], [ 20.167402, 54.9467791 ], [ 20.1674077, 54.9467877 ], [ 20.1674154, 54.9467945 ], [ 20.167424, 54.9468008 ], [ 20.1674346, 54.9468063 ], [ 20.1674401, 54.9468092 ], [ 20.1674501, 54.9468132 ], [ 20.1674618, 54.946817 ], [ 20.1674739, 54.9468199 ], [ 20.1674862, 54.9468221 ], [ 20.1675128, 54.9468244 ], [ 20.1675524, 54.9468213 ], [ 20.1675663, 54.9468187 ], [ 20.1675791, 54.9468155 ], [ 20.1675835, 54.9468135 ], [ 20.1675952, 54.9468085 ], [ 20.167599, 54.9468066 ], [ 20.1676095, 54.9468008 ], [ 20.1676188, 54.9467948 ], [ 20.1676234, 54.9467909 ], [ 20.1676349, 54.9467777 ], [ 20.1676404, 54.946767 ], [ 20.1676422, 54.9467608 ], [ 20.1676435, 54.9467522 ], [ 20.1676431, 54.9467452 ], [ 20.1676403, 54.9467361 ], [ 20.1676373, 54.9467311 ], [ 20.1676604, 54.9467263 ], [ 20.1676334, 54.9466828 ], [ 20.1676776, 54.9466737 ], [ 20.1676676, 54.9466575 ], [ 20.1676233, 54.9466666 ], [ 20.1675967, 54.9466239 ], [ 20.1675985, 54.9466236 ], [ 20.1676142, 54.9466486 ], [ 20.1676348, 54.9466443 ], [ 20.1676097, 54.9466042 ], [ 20.1675874, 54.9466088 ], [ 20.1675803, 54.9465975 ], [ 20.1675576, 54.9466021 ], [ 20.1675562, 54.9465995 ], [ 20.1675772, 54.9465952 ], [ 20.1675713, 54.9465856 ], [ 20.1676182, 54.9465762 ], [ 20.167611, 54.9465643 ], [ 20.1675431, 54.9465779 ], [ 20.1675218, 54.9465423 ], [ 20.1675433, 54.9465379 ], [ 20.1675287, 54.9465145 ], [ 20.1675509, 54.94651 ], [ 20.1675267, 54.9464711 ], [ 20.1675061, 54.9464753 ], [ 20.1675238, 54.9465036 ], [ 20.1675222, 54.946504 ], [ 20.1674872, 54.9464476 ], [ 20.1674889, 54.9464472 ], [ 20.1675018, 54.9464681 ], [ 20.1675226, 54.9464638 ], [ 20.1675003, 54.9464278 ], [ 20.1674778, 54.9464325 ], [ 20.1674679, 54.9464165 ], [ 20.1674464, 54.9464209 ], [ 20.1674226, 54.9463826 ], [ 20.1674243, 54.9463823 ], [ 20.1674399, 54.9464074 ], [ 20.1674605, 54.9464031 ], [ 20.1674382, 54.9463672 ], [ 20.1674158, 54.9463718 ], [ 20.1674095, 54.9463616 ], [ 20.1674545, 54.9463523 ], [ 20.1674609, 54.9463627 ], [ 20.1674624, 54.9463623 ], [ 20.1674786, 54.9463878 ], [ 20.1674992, 54.9463835 ], [ 20.167483, 54.946358 ], [ 20.1674846, 54.9463576 ], [ 20.167478, 54.9463473 ], [ 20.1675004, 54.9463427 ], [ 20.1674217, 54.9462632 ], [ 20.167347, 54.9462238 ], [ 20.1673097, 54.9462316 ], [ 20.1673005, 54.9462164 ], [ 20.1672776, 54.9462209 ], [ 20.1672424, 54.9462282 ], [ 20.1671713, 54.9462428 ], [ 20.1671369, 54.9462499 ], [ 20.1670795, 54.9462617 ], [ 20.1670885, 54.9462771 ], [ 20.1670271, 54.9462898 ], [ 20.1670292, 54.946294 ], [ 20.1669377, 54.9463127 ], [ 20.166827, 54.946325 ], [ 20.1668254, 54.9463202 ], [ 20.1664659, 54.9463597 ], [ 20.1664671, 54.9463633 ], [ 20.1663741, 54.9463737 ], [ 20.1662603, 54.9463757 ], [ 20.1662598, 54.9463712 ], [ 20.16596, 54.9463757 ], [ 20.1659607, 54.946394 ], [ 20.1657984, 54.9463968 ], [ 20.1655579, 54.9463786 ], [ 20.165559, 54.9463733 ], [ 20.1652784, 54.9463527 ], [ 20.1653045, 54.9465655 ], [ 20.1653869, 54.9465719 ], [ 20.1653416, 54.9467727 ], [ 20.1653591, 54.9467739 ], [ 20.1653451, 54.9468396 ], [ 20.1653485, 54.9468398 ], [ 20.1653471, 54.9468458 ], [ 20.1653751, 54.9468478 ], [ 20.1653802, 54.9468554 ], [ 20.1653915, 54.9468672 ], [ 20.165406, 54.946877 ], [ 20.1654249, 54.946887 ], [ 20.1654433, 54.9468928 ], [ 20.1654563, 54.9468961 ], [ 20.1654698, 54.9468984 ], [ 20.1654932, 54.9468999 ] ] ] ] } },
{ "type": "Feature", "properties": { "full_id": "w185249651", "osm_id": "185249651", "osm_type": "way", "building": "detached", "construction": null, "height": null, "roof:levels": null, "industrial": null, "source:addr": null, "addr:postcode": null, "wheelchair": null, "tourism": null, "name": null, "internet_access": null, "roof:shape": "gabled", "start_date": null, "building:levels": "1", "addr:street": "улица Верещагина", "addr:housenumber": "6", "addr:city": "Светлогорск" }, "geometry": { "type": "MultiPolygon", "coordinates": [ [ [ [ 20.165171, 54.9449892 ], [ 20.165349, 54.9449841 ], [ 20.1653334, 54.9448039 ], [ 20.1651553, 54.944809 ], [ 20.165171, 54.9449892 ] ] ] ] } },
{ "type": "Feature", "properties": { "full_id": "w185249692", "osm_id": "185249692", "osm_type": "way", "building": "yes", "construction": null, "height": null, "roof:levels": null, "industrial": null, "source:addr": null, "addr:postcode": null, "wheelchair": null, "tourism": null, "name": null, "internet_access": null, "roof:shape": null, "start_date": null, "building:levels": "3", "addr:street": "переулок Верещагина", "addr:housenumber": "5", "addr:city": "Светлогорск" }, "geometry": { "type": "MultiPolygon", "coordinates": [ [ [ [ 20.1654846, 54.9443947 ], [ 20.1656783, 54.9443921 ], [ 20.1656731, 54.944263 ], [ 20.1654794, 54.9442656 ], [ 20.1654846, 54.9443947 ] ] ] ] } },
{ "type": "Feature", "properties": { "full_id": "w185249751", "osm_id": "185249751", "osm_type": "way", "building": "yes", "construction": null, "height": null, "roof:levels": null, "industrial": null, "source:addr": null, "addr:postcode": null, "wheelchair": null, "tourism": null, "name": null, "internet_access": null, "roof:shape": null, "start_date": null, "building:levels": "3", "addr:street": "улица Верещагина", "addr:housenumber": "4", "addr:city": "Светлогорск" }, "geometry": { "type": "MultiPolygon", "coordinates": [ [ [ [ 20.1651344, 54.9445568 ], [ 20.1652951, 54.9445594 ], [ 20.1653004, 54.9444513 ], [ 20.1651396, 54.9444487 ], [ 20.1651344, 54.9445568 ] ] ] ] } },
{ "type": "Feature", "properties": { "full_id": "w185249785", "osm_id": "185249785", "osm_type": "way", "building": "yes", "construction": null, "height": null, "roof:levels": null, "industrial": null, "source:addr": null, "addr:postcode": null, "wheelchair": null, "tourism": null, "name": null, "internet_access": null, "roof:shape": null, "start_date": null, "building:levels": "3", "addr:street": "улица Верещагина", "addr:housenumber": "3Б", "addr:city": "Светлогорск" }, "geometry": { "type": "MultiPolygon", "coordinates": [ [ [ [ 20.1644159, 54.9446947 ], [ 20.164529, 54.9446929 ], [ 20.1645281, 54.9446746 ], [ 20.1646153, 54.9446732 ], [ 20.1646023, 54.9444149 ], [ 20.1644071, 54.9444181 ], [ 20.1644134, 54.9445441 ], [ 20.1642985, 54.9445459 ], [ 20.1643016, 54.9446078 ], [ 20.1643404, 54.9446071 ], [ 20.1643427, 54.9446538 ], [ 20.1644137, 54.9446526 ], [ 20.1644159, 54.9446947 ] ] ] ] } },
{ "type": "Feature", "properties": { "full_id": "w185249824", "osm_id": "185249824", "osm_type": "way", "building": "yes", "construction": null, "height": null, "roof:levels": null, "industrial": null, "source:addr": null, "addr:postcode": null, "wheelchair": null, "tourism": null, "name": null, "internet_access": null, "roof:shape": null, "start_date": null, "building:levels": "1", "addr:street": "улица Верещагина", "addr:housenumber": "5", "addr:city": "Светлогорск" }, "geometry": { "type": "MultiPolygon", "coordinates": [ [ [ [ 20.164483, 54.9450087 ], [ 20.1646521, 54.9450037 ], [ 20.1646444, 54.9449029 ], [ 20.164471, 54.9449066 ], [ 20.164483, 54.9450087 ] ] ] ] } },
{ "type": "Feature", "properties": { "full_id": "w185249846", "osm_id": "185249846", "osm_type": "way", "building": "hotel", "construction": null, "height": null, "roof:levels": null, "industrial": null, "source:addr": null, "addr:postcode": null, "wheelchair": null, "tourism": null, "name": null, "internet_access": null, "roof:shape": null, "start_date": null, "building:levels": "3", "addr:street": "улица Верещагина", "addr:housenumber": "8", "addr:city": "Светлогорск" }, "geometry": { "type": "MultiPolygon", "coordinates": [ [ [ [ 20.1653141, 54.9457752 ], [ 20.1655903, 54.9457694 ], [ 20.1655784, 54.9455855 ], [ 20.1654554, 54.9455881 ], [ 20.1654413, 54.9453683 ], [ 20.1651445, 54.9453746 ], [ 20.1651558, 54.9455492 ], [ 20.1652993, 54.9455461 ], [ 20.1653141, 54.9457752 ] ] ] ] } },
{ "type": "Feature", "properties": { "full_id": "w185249851", "osm_id": "185249851", "osm_type": "way", "building": "yes", "construction": null, "height": null, "roof:levels": null, "industrial": null, "source:addr": null, "addr:postcode": null, "wheelchair": "no", "tourism": "hotel", "name": "пансионат Балтика", "internet_access": "wlan", "roof:shape": null, "start_date": null, "building:levels": "4", "addr:street": "улица Верещагина", "addr:housenumber": "8", "addr:city": "Светлогорск" }, "geometry": { "type": "MultiPolygon", "coordinates": [ [ [ [ 20.1654219, 54.9461062 ], [ 20.1657617, 54.9461062 ], [ 20.1657617, 54.9458419 ], [ 20.1654219, 54.9458419 ], [ 20.1654219, 54.9461062 ] ] ] ] } },
{ "type": "Feature", "properties": { "full_id": "w185410924", "osm_id": "185410924", "osm_type": "way", "building": "yes", "construction": null, "height": null, "roof:levels": null, "industrial": null, "source:addr": null, "addr:postcode": null, "wheelchair": null, "tourism": null, "name": null, "internet_access": null, "roof:shape": null, "start_date": "1980", "building:levels": "1", "addr:street": null, "addr:housenumber": null, "addr:city": null }, "geometry": { "type": "MultiPolygon", "coordinates": [ [ [ [ 20.1749441, 54.949987 ], [ 20.1750215, 54.9499694 ], [ 20.1756214, 54.9498372 ], [ 20.1759066, 54.9502581 ], [ 20.1753105, 54.9503907 ], [ 20.1752518, 54.9503054 ], [ 20.1751739, 54.950323 ], [ 20.1749441, 54.949987 ] ] ] ] } },
{ "type": "Feature", "properties": { "full_id": "w313005990", "osm_id": "313005990", "osm_type": "way", "building": "house", "construction": null, "height": null, "roof:levels": null, "industrial": null, "source:addr": null, "addr:postcode": null, "wheelchair": null, "tourism": null, "name": null, "internet_access": null, "roof:shape": null, "start_date": null, "building:levels": null, "addr:street": "Дачный переулок", "addr:housenumber": "7", "addr:city": "Светлогорск" }, "geometry": { "type": "MultiPolygon", "coordinates": [ [ [ [ 20.1746029, 54.9441567 ], [ 20.1746411, 54.9441832 ], [ 20.1746599, 54.9441744 ], [ 20.1747043, 54.9442059 ], [ 20.1746845, 54.9442153 ], [ 20.1747325, 54.9442504 ], [ 20.1745887, 54.9443205 ], [ 20.1744537, 54.9442336 ], [ 20.1746029, 54.9441567 ] ] ] ] } },
{ "type": "Feature", "properties": { "full_id": "w313006066", "osm_id": "313006066", "osm_type": "way", "building": "house", "construction": null, "height": null, "roof:levels": null, "industrial": null, "source:addr": null, "addr:postcode": null, "wheelchair": null, "tourism": null, "name": null, "internet_access": null, "roof:shape": null, "start_date": null, "building:levels": null, "addr:street": "Ольховая улица", "addr:housenumber": "22", "addr:city": "Светлогорск" }, "geometry": { "type": "MultiPolygon", "coordinates": [ [ [ [ 20.1749501, 54.9447863 ], [ 20.1750741, 54.9448361 ], [ 20.1749889, 54.9449054 ], [ 20.1748668, 54.9448556 ], [ 20.1748864, 54.9448396 ], [ 20.1748505, 54.9448263 ], [ 20.1748956, 54.9447896 ], [ 20.1749291, 54.9448028 ], [ 20.1749501, 54.9447863 ] ] ] ] } },
{ "type": "Feature", "properties": { "full_id": "w313006553", "osm_id": "313006553", "osm_type": "way", "building": "house", "construction": null, "height": null, "roof:levels": null, "industrial": null, "source:addr": null, "addr:postcode": null, "wheelchair": null, "tourism": null, "name": null, "internet_access": null, "roof:shape": null, "start_date": null, "building:levels": null, "addr:street": "Ольховая улица", "addr:housenumber": "20", "addr:city": "Светлогорск" }, "geometry": { "type": "MultiPolygon", "coordinates": [ [ [ [ 20.1745476, 54.9445828 ], [ 20.1747073, 54.9446394 ], [ 20.1746003, 54.9447331 ], [ 20.1744455, 54.9446748 ], [ 20.1745476, 54.9445828 ] ] ] ] } },
{ "type": "Feature", "properties": { "full_id": "w313006554", "osm_id": "313006554", "osm_type": "way", "building": "house", "construction": null, "height": null, "roof:levels": null, "industrial": null, "source:addr": null, "addr:postcode": null, "wheelchair": null, "tourism": null, "name": null, "internet_access": null, "roof:shape": null, "start_date": null, "building:levels": null, "addr:street": "Ольховая улица", "addr:housenumber": "10", "addr:city": "Светлогорск" }, "geometry": { "type": "MultiPolygon", "coordinates": [ [ [ [ 20.1732812, 54.9442921 ], [ 20.173343, 54.9442316 ], [ 20.1733242, 54.9442241 ], [ 20.1734104, 54.9441483 ], [ 20.1735684, 54.9442067 ], [ 20.1734869, 54.944284 ], [ 20.1734592, 54.9442737 ], [ 20.1733975, 54.9443324 ], [ 20.1732812, 54.9442921 ] ] ] ] } },
{ "type": "Feature", "properties": { "full_id": "w313477037", "osm_id": "313477037", "osm_type": "way", "building": "house", "construction": null, "height": null, "roof:levels": null, "industrial": null, "source:addr": null, "addr:postcode": null, "wheelchair": null, "tourism": null, "name": null, "internet_access": null, "roof:shape": null, "start_date": null, "building:levels": null, "addr:street": "Ольховая улица", "addr:housenumber": "16-18", "addr:city": "Светлогорск" }, "geometry": { "type": "MultiPolygon", "coordinates": [ [ [ [ 20.1744117, 54.9445804 ], [ 20.1742769, 54.9445286 ], [ 20.1742631, 54.9445401 ], [ 20.1741361, 54.9444942 ], [ 20.1740943, 54.9445 ], [ 20.174078, 54.9445091 ], [ 20.1740684, 54.9445192 ], [ 20.1740749, 54.9445496 ], [ 20.1742008, 54.9445941 ], [ 20.1741877, 54.9446053 ], [ 20.1743225, 54.944657 ], [ 20.1744117, 54.9445804 ] ] ] ] } },
{ "type": "Feature", "properties": { "full_id": "w313477039", "osm_id": "313477039", "osm_type": "way", "building": "house", "construction": null, "height": null, "roof:levels": null, "industrial": null, "source:addr": null, "addr:postcode": null, "wheelchair": null, "tourism": null, "name": null, "internet_access": null, "roof:shape": null, "start_date": null, "building:levels": null, "addr:street": "Дачный переулок", "addr:housenumber": "1", "addr:city": "Светлогорск" }, "geometry": { "type": "MultiPolygon", "coordinates": [ [ [ [ 20.1753895, 54.9447097 ], [ 20.1752422, 54.9446549 ], [ 20.1752017, 54.9446909 ], [ 20.1751904, 54.9446873 ], [ 20.1751462, 54.9447226 ], [ 20.1752198, 54.9447493 ], [ 20.1752053, 54.9447616 ], [ 20.1752487, 54.9447765 ], [ 20.1752621, 54.9447646 ], [ 20.1752973, 54.9447768 ], [ 20.1753256, 54.944755 ], [ 20.1753359, 54.9447583 ], [ 20.1753895, 54.9447097 ] ] ] ] } },
{ "type": "Feature", "properties": { "full_id": "w313477054", "osm_id": "313477054", "osm_type": "way", "building": "house", "construction": null, "height": null, "roof:levels": null, "industrial": null, "source:addr": null, "addr:postcode": null, "wheelchair": null, "tourism": null, "name": null, "internet_access": null, "roof:shape": null, "start_date": null, "building:levels": null, "addr:street": "Дачный переулок", "addr:housenumber": "5", "addr:city": "Светлогорск" }, "geometry": { "type": "MultiPolygon", "coordinates": [ [ [ [ 20.1748, 54.9444682 ], [ 20.174926, 54.9444108 ], [ 20.1748941, 54.944388 ], [ 20.1749191, 54.9443774 ], [ 20.1748048, 54.944297 ], [ 20.1746905, 54.9443497 ], [ 20.1747384, 54.9443805 ], [ 20.1747027, 54.9443978 ], [ 20.1748, 54.9444682 ] ] ] ] } },
{ "type": "Feature", "properties": { "full_id": "w313477059", "osm_id": "313477059", "osm_type": "way", "building": "apartments", "construction": null, "height": null, "roof:levels": null, "industrial": null, "source:addr": null, "addr:postcode": "238560", "wheelchair": null, "tourism": null, "name": null, "internet_access": null, "roof:shape": null, "start_date": "2020", "building:levels": "5", "addr:street": "Дачный переулок", "addr:housenumber": "2", "addr:city": "Светлогорск" }, "geometry": { "type": "MultiPolygon", "coordinates": [ [ [ [ 20.175617, 54.9442563 ], [ 20.1758409, 54.9444148 ], [ 20.1757107, 54.9444757 ], [ 20.1756326, 54.9444205 ], [ 20.1755858, 54.9444424 ], [ 20.1755185, 54.9443948 ], [ 20.1755653, 54.9443729 ], [ 20.1754868, 54.9443173 ], [ 20.175617, 54.9442563 ] ] ] ] } },
{ "type": "Feature", "properties": { "full_id": "w313495572", "osm_id": "313495572", "osm_type": "way", "building": "yes", "construction": null, "height": null, "roof:levels": null, "industrial": null, "source:addr": null, "addr:postcode": null, "wheelchair": null, "tourism": null, "name": null, "internet_access": null, "roof:shape": null, "start_date": null, "building:levels": null, "addr:street": "Балтийская улица", "addr:housenumber": "26А", "addr:city": "Светлогорск" }, "geometry": { "type": "MultiPolygon", "coordinates": [ [ [ [ 20.172574, 54.9475912 ], [ 20.1726366, 54.9477462 ], [ 20.1725399, 54.9477577 ], [ 20.1725805, 54.9478557 ], [ 20.172753, 54.9478324 ], [ 20.1727754, 54.947889 ], [ 20.1728856, 54.9478744 ], [ 20.1728663, 54.9478217 ], [ 20.1730163, 54.9478039 ], [ 20.1729831, 54.9477107 ], [ 20.1728431, 54.947728 ], [ 20.1727719, 54.9475645 ], [ 20.172574, 54.9475912 ] ] ] ] } },
{ "type": "Feature", "properties": { "full_id": "w313495578", "osm_id": "313495578", "osm_type": "way", "building": "yes", "construction": null, "height": null, "roof:levels": null, "industrial": null, "source:addr": null, "addr:postcode": null, "wheelchair": null, "tourism": null, "name": null, "internet_access": null, "roof:shape": null, "start_date": null, "building:levels": null, "addr:street": null, "addr:housenumber": null, "addr:city": null }, "geometry": { "type": "MultiPolygon", "coordinates": [ [ [ [ 20.1694897, 54.9490897 ], [ 20.1695269, 54.9489854 ], [ 20.1691403, 54.9489399 ], [ 20.1691031, 54.9490442 ], [ 20.1694897, 54.9490897 ] ] ] ] } },
{ "type": "Feature", "properties": { "full_id": "w313495583", "osm_id": "313495583", "osm_type": "way", "building": "yes", "construction": null, "height": null, "roof:levels": null, "industrial": null, "source:addr": null, "addr:postcode": null, "wheelchair": null, "tourism": null, "name": null, "internet_access": null, "roof:shape": null, "start_date": "1970", "building:levels": "2", "addr:street": null, "addr:housenumber": null, "addr:city": null }, "geometry": { "type": "MultiPolygon", "coordinates": [ [ [ [ 20.1743657, 54.9497163 ], [ 20.1743585, 54.9496882 ], [ 20.1743491, 54.9496543 ], [ 20.1743099, 54.9496579 ], [ 20.1743041, 54.9496365 ], [ 20.1743432, 54.9496329 ], [ 20.1743383, 54.9496155 ], [ 20.1744559, 54.9496042 ], [ 20.1744763, 54.9496772 ], [ 20.1744848, 54.9497058 ], [ 20.1743657, 54.9497163 ] ] ] ] } },
{ "type": "Feature", "properties": { "full_id": "w313495584", "osm_id": "313495584", "osm_type": "way", "building": "yes", "construction": null, "height": null, "roof:levels": null, "industrial": null, "source:addr": null, "addr:postcode": null, "wheelchair": null, "tourism": null, "name": null, "internet_access": null, "roof:shape": null, "start_date": "1970", "building:levels": "1", "addr:street": "Балтийская улица", "addr:housenumber": "30", "addr:city": "Светлогорск" }, "geometry": { "type": "MultiPolygon", "coordinates": [ [ [ [ 20.1737102, 54.9492117 ], [ 20.173701, 54.9492024 ], [ 20.1736896, 54.9492063 ], [ 20.1736855, 54.9492022 ], [ 20.1736709, 54.9492073 ], [ 20.1736553, 54.9491923 ], [ 20.1736703, 54.9491873 ], [ 20.1736415, 54.9491592 ], [ 20.1736132, 54.9491311 ], [ 20.1735938, 54.9491375 ], [ 20.1735487, 54.9490931 ], [ 20.1736306, 54.9490647 ], [ 20.1736176, 54.9490522 ], [ 20.1736398, 54.9490447 ], [ 20.1736525, 54.9490571 ], [ 20.1737368, 54.9490279 ], [ 20.1738103, 54.9490027 ], [ 20.1737681, 54.9489609 ], [ 20.1737941, 54.9489522 ], [ 20.1737733, 54.9489317 ], [ 20.1739129, 54.9488845 ], [ 20.1740047, 54.9489755 ], [ 20.1740368, 54.9489646 ], [ 20.174069, 54.9489965 ], [ 20.174037, 54.9490073 ], [ 20.1741281, 54.9490975 ], [ 20.1739892, 54.9491442 ], [ 20.1739579, 54.9491134 ], [ 20.1738029, 54.9491671 ], [ 20.1738122, 54.9491754 ], [ 20.1737893, 54.9491837 ], [ 20.1737799, 54.949175 ], [ 20.173731, 54.949192 ], [ 20.1737407, 54.9492014 ], [ 20.1737102, 54.9492117 ] ] ] ] } },
{ "type": "Feature", "properties": { "full_id": "w313495594", "osm_id": "313495594", "osm_type": "way", "building": "yes", "construction": null, "height": null, "roof:levels": null, "industrial": null, "source:addr": null, "addr:postcode": null, "wheelchair": null, "tourism": null, "name": null, "internet_access": null, "roof:shape": null, "start_date": null, "building:levels": null, "addr:street": null, "addr:housenumber": null, "addr:city": null }, "geometry": { "type": "MultiPolygon", "coordinates": [ [ [ [ 20.1744853, 54.9497552 ], [ 20.1743206, 54.9497721 ], [ 20.1743506, 54.9498687 ], [ 20.1745153, 54.9498519 ], [ 20.1744853, 54.9497552 ] ] ] ] } },
{ "type": "Feature", "properties": { "full_id": "w313495596", "osm_id": "313495596", "osm_type": "way", "building": "yes", "construction": null, "height": null, "roof:levels": null, "industrial": null, "source:addr": null, "addr:postcode": null, "wheelchair": null, "tourism": null, "name": null, "internet_access": null, "roof:shape": null, "start_date": "1970", "building:levels": "1", "addr:street": null, "addr:housenumber": null, "addr:city": null }, "geometry": { "type": "MultiPolygon", "coordinates": [ [ [ [ 20.1750602, 54.9485187 ], [ 20.175104, 54.9485558 ], [ 20.1749588, 54.9486125 ], [ 20.1747425, 54.9484336 ], [ 20.1748876, 54.9483761 ], [ 20.1749323, 54.9484131 ], [ 20.1749171, 54.9484197 ], [ 20.1750441, 54.9485251 ], [ 20.1750602, 54.9485187 ] ] ] ] } },
{ "type": "Feature", "properties": { "full_id": "w313495597", "osm_id": "313495597", "osm_type": "way", "building": "yes", "construction": null, "height": null, "roof:levels": null, "industrial": null, "source:addr": null, "addr:postcode": null, "wheelchair": null, "tourism": null, "name": null, "internet_access": null, "roof:shape": null, "start_date": null, "building:levels": null, "addr:street": null, "addr:housenumber": null, "addr:city": null }, "geometry": { "type": "MultiPolygon", "coordinates": [ [ [ [ 20.17106, 54.9479866 ], [ 20.170879, 54.9480168 ], [ 20.1709651, 54.9481981 ], [ 20.1711461, 54.9481679 ], [ 20.17106, 54.9479866 ] ] ] ] } },
{ "type": "Feature", "properties": { "full_id": "w313495600", "osm_id": "313495600", "osm_type": "way", "building": "house", "construction": null, "height": null, "roof:levels": null, "industrial": null, "source:addr": null, "addr:postcode": null, "wheelchair": null, "tourism": null, "name": null, "internet_access": null, "roof:shape": null, "start_date": null, "building:levels": "1", "addr:street": "Балтийская улица", "addr:housenumber": "23А", "addr:city": "Светлогорск" }, "geometry": { "type": "MultiPolygon", "coordinates": [ [ [ [ 20.1753319, 54.948774 ], [ 20.1751617, 54.9488406 ], [ 20.1753854, 54.949029 ], [ 20.1755556, 54.9489624 ], [ 20.1753319, 54.948774 ] ] ] ] } },
{ "type": "Feature", "properties": { "full_id": "w313495603", "osm_id": "313495603", "osm_type": "way", "building": "yes", "construction": null, "height": null, "roof:levels": null, "industrial": null, "source:addr": null, "addr:postcode": null, "wheelchair": null, "tourism": null, "name": null, "internet_access": null, "roof:shape": null, "start_date": null, "building:levels": null, "addr:street": null, "addr:housenumber": null, "addr:city": null }, "geometry": { "type": "MultiPolygon", "coordinates": [ [ [ [ 20.1718804, 54.9467767 ], [ 20.1718015, 54.9468772 ], [ 20.1720487, 54.9469412 ], [ 20.1721276, 54.9468408 ], [ 20.1718804, 54.9467767 ] ] ] ] } },
{ "type": "Feature", "properties": { "full_id": "w313495604", "osm_id": "313495604", "osm_type": "way", "building": "yes", "construction": null, "height": null, "roof:levels": null, "industrial": null, "source:addr": null, "addr:postcode": null, "wheelchair": null, "tourism": null, "name": null, "internet_access": null, "roof:shape": null, "start_date": null, "building:levels": null, "addr:street": null, "addr:housenumber": null, "addr:city": null }, "geometry": { "type": "MultiPolygon", "coordinates": [ [ [ [ 20.1708805, 54.9486245 ], [ 20.1708449, 54.9485339 ], [ 20.17054, 54.9485734 ], [ 20.1705756, 54.948664 ], [ 20.1708805, 54.9486245 ] ] ] ] } },
{ "type": "Feature", "properties": { "full_id": "w313495607", "osm_id": "313495607", "osm_type": "way", "building": "yes", "construction": null, "height": null, "roof:levels": null, "industrial": null, "source:addr": null, "addr:postcode": null, "wheelchair": null, "tourism": null, "name": null, "internet_access": null, "roof:shape": null, "start_date": "1959", "building:levels": "1", "addr:street": null, "addr:housenumber": null, "addr:city": null }, "geometry": { "type": "MultiPolygon", "coordinates": [ [ [ [ 20.1716647, 54.9482598 ], [ 20.1719646, 54.9482187 ], [ 20.1720014, 54.9483075 ], [ 20.1719798, 54.9483105 ], [ 20.1719871, 54.9483355 ], [ 20.1719721, 54.9483381 ], [ 20.1719616, 54.948313 ], [ 20.1717403, 54.9483434 ], [ 20.1717494, 54.9483653 ], [ 20.1717298, 54.948368 ], [ 20.1717207, 54.948346 ], [ 20.1717016, 54.9483487 ], [ 20.1716647, 54.9482598 ] ] ] ] } },
{ "type": "Feature", "properties": { "full_id": "w313495608", "osm_id": "313495608", "osm_type": "way", "building": "yes", "construction": null, "height": null, "roof:levels": null, "industrial": null, "source:addr": null, "addr:postcode": null, "wheelchair": null, "tourism": null, "name": null, "internet_access": null, "roof:shape": null, "start_date": null, "building:levels": null, "addr:street": null, "addr:housenumber": null, "addr:city": null }, "geometry": { "type": "MultiPolygon", "coordinates": [ [ [ [ 20.1704733, 54.9484231 ], [ 20.1707818, 54.9483811 ], [ 20.1707449, 54.9482919 ], [ 20.1704365, 54.948334 ], [ 20.1704733, 54.9484231 ] ] ] ] } },
{ "type": "Feature", "properties": { "full_id": "w313495609", "osm_id": "313495609", "osm_type": "way", "building": "house", "construction": null, "height": null, "roof:levels": null, "industrial": null, "source:addr": null, "addr:postcode": null, "wheelchair": null, "tourism": null, "name": null, "internet_access": null, "roof:shape": null, "start_date": null, "building:levels": "1", "addr:street": "Балтийская улица", "addr:housenumber": "23", "addr:city": "Светлогорск" }, "geometry": { "type": "MultiPolygon", "coordinates": [ [ [ [ 20.1746336, 54.9475138 ], [ 20.1746924, 54.9475924 ], [ 20.1749175, 54.9475369 ], [ 20.1748587, 54.9474583 ], [ 20.1746336, 54.9475138 ] ] ] ] } },
{ "type": "Feature", "properties": { "full_id": "w313495610", "osm_id": "313495610", "osm_type": "way", "building": "yes", "construction": null, "height": null, "roof:levels": null, "industrial": null, "source:addr": null, "addr:postcode": null, "wheelchair": null, "tourism": null, "name": null, "internet_access": null, "roof:shape": null, "start_date": null, "building:levels": null, "addr:street": null, "addr:housenumber": null, "addr:city": null }, "geometry": { "type": "MultiPolygon", "coordinates": [ [ [ [ 20.1759738, 54.9484897 ], [ 20.1757696, 54.9485679 ], [ 20.1759969, 54.9487636 ], [ 20.176201, 54.9486855 ], [ 20.1759738, 54.9484897 ] ] ] ] } },
{ "type": "Feature", "properties": { "full_id": "w313495612", "osm_id": "313495612", "osm_type": "way", "building": "yes", "construction": null, "height": null, "roof:levels": null, "industrial": null, "source:addr": null, "addr:postcode": null, "wheelchair": null, "tourism": null, "name": null, "internet_access": null, "roof:shape": null, "start_date": null, "building:levels": null, "addr:street": null, "addr:housenumber": null, "addr:city": null }, "geometry": { "type": "MultiPolygon", "coordinates": [ [ [ [ 20.1702181, 54.9491229 ], [ 20.1702389, 54.9490224 ], [ 20.1700062, 54.9490066 ], [ 20.1699854, 54.9491071 ], [ 20.1702181, 54.9491229 ] ] ] ] } },
{ "type": "Feature", "properties": { "full_id": "w313495614", "osm_id": "313495614", "osm_type": "way", "building": "yes", "construction": null, "height": null, "roof:levels": null, "industrial": null, "source:addr": null, "addr:postcode": null, "wheelchair": null, "tourism": null, "name": null, "internet_access": null, "roof:shape": null, "start_date": null, "building:levels": null, "addr:street": null, "addr:housenumber": null, "addr:city": null }, "geometry": { "type": "MultiPolygon", "coordinates": [ [ [ [ 20.1703748, 54.9466024 ], [ 20.1705006, 54.9465571 ], [ 20.1703597, 54.9464279 ], [ 20.170234, 54.9464731 ], [ 20.1703748, 54.9466024 ] ] ] ] } },
{ "type": "Feature", "properties": { "full_id": "w313495615", "osm_id": "313495615", "osm_type": "way", "building": "yes", "construction": null, "height": null, "roof:levels": null, "industrial": null, "source:addr": null, "addr:postcode": null, "wheelchair": null, "tourism": null, "name": null, "internet_access": null, "roof:shape": null, "start_date": "1970", "building:levels": "1", "addr:street": null, "addr:housenumber": null, "addr:city": null }, "geometry": { "type": "MultiPolygon", "coordinates": [ [ [ [ 20.1745499, 54.9487683 ], [ 20.1743428, 54.948587 ], [ 20.1744539, 54.9485443 ], [ 20.1744472, 54.9485385 ], [ 20.174466, 54.9485313 ], [ 20.1744727, 54.948537 ], [ 20.1744891, 54.9485306 ], [ 20.1745324, 54.9485681 ], [ 20.1745436, 54.9485638 ], [ 20.1745893, 54.9486038 ], [ 20.1745915, 54.948603 ], [ 20.174623, 54.9486302 ], [ 20.1746203, 54.9486312 ], [ 20.174668, 54.9486726 ], [ 20.1746571, 54.9486767 ], [ 20.1746972, 54.9487126 ], [ 20.1745499, 54.9487683 ] ] ] ] } },
{ "type": "Feature", "properties": { "full_id": "w313495616", "osm_id": "313495616", "osm_type": "way", "building": "yes", "construction": null, "height": null, "roof:levels": null, "industrial": null, "source:addr": null, "addr:postcode": null, "wheelchair": null, "tourism": null, "name": null, "internet_access": null, "roof:shape": null, "start_date": null, "building:levels": "3", "addr:street": "Балтийская улица", "addr:housenumber": "19Б", "addr:city": "Светлогорск" }, "geometry": { "type": "MultiPolygon", "coordinates": [ [ [ [ 20.1699068, 54.9446705 ], [ 20.1701431, 54.9445925 ], [ 20.1700224, 54.9444907 ], [ 20.1697861, 54.9445688 ], [ 20.1699068, 54.9446705 ] ] ] ] } },
{ "type": "Feature", "properties": { "full_id": "w313495617", "osm_id": "313495617", "osm_type": "way", "building": "yes", "construction": null, "height": null, "roof:levels": null, "industrial": null, "source:addr": null, "addr:postcode": null, "wheelchair": null, "tourism": null, "name": null, "internet_access": null, "roof:shape": null, "start_date": null, "building:levels": null, "addr:street": null, "addr:housenumber": null, "addr:city": null }, "geometry": { "type": "MultiPolygon", "coordinates": [ [ [ [ 20.1709095, 54.9486887 ], [ 20.1707531, 54.9487258 ], [ 20.170842, 54.9488495 ], [ 20.1709984, 54.9488124 ], [ 20.1709095, 54.9486887 ] ] ] ] } },
{ "type": "Feature", "properties": { "full_id": "w313495619", "osm_id": "313495619", "osm_type": "way", "building": "yes", "construction": null, "height": null, "roof:levels": null, "industrial": null, "source:addr": null, "addr:postcode": null, "wheelchair": null, "tourism": null, "name": null, "internet_access": null, "roof:shape": null, "start_date": "1980", "building:levels": "1", "addr:street": null, "addr:housenumber": null, "addr:city": null }, "geometry": { "type": "MultiPolygon", "coordinates": [ [ [ [ 20.1747336, 54.9497552 ], [ 20.1747759, 54.9497437 ], [ 20.1747874, 54.9497576 ], [ 20.1750224, 54.9496934 ], [ 20.175062, 54.9497413 ], [ 20.1748078, 54.9498106 ], [ 20.174788, 54.9497867 ], [ 20.1747655, 54.9497931 ], [ 20.1747336, 54.9497552 ] ] ] ] } },
{ "type": "Feature", "properties": { "full_id": "w313495621", "osm_id": "313495621", "osm_type": "way", "building": "yes", "construction": null, "height": null, "roof:levels": null, "industrial": null, "source:addr": null, "addr:postcode": null, "wheelchair": null, "tourism": null, "name": null, "internet_access": null, "roof:shape": null, "start_date": null, "building:levels": null, "addr:street": null, "addr:housenumber": null, "addr:city": null }, "geometry": { "type": "MultiPolygon", "coordinates": [ [ [ [ 20.1724261, 54.9469076 ], [ 20.1722119, 54.9467255 ], [ 20.1721309, 54.9467569 ], [ 20.1723452, 54.946939 ], [ 20.1724261, 54.9469076 ] ] ] ] } },
{ "type": "Feature", "properties": { "full_id": "w313495623", "osm_id": "313495623", "osm_type": "way", "building": "yes", "construction": null, "height": null, "roof:levels": null, "industrial": null, "source:addr": null, "addr:postcode": null, "wheelchair": null, "tourism": null, "name": null, "internet_access": null, "roof:shape": null, "start_date": null, "building:levels": null, "addr:street": null, "addr:housenumber": null, "addr:city": null }, "geometry": { "type": "MultiPolygon", "coordinates": [ [ [ [ 20.172065, 54.9477908 ], [ 20.1722425, 54.9477705 ], [ 20.1722108, 54.9476788 ], [ 20.1720333, 54.9476991 ], [ 20.172065, 54.9477908 ] ] ] ] } },
{ "type": "Feature", "properties": { "full_id": "w313495625", "osm_id": "313495625", "osm_type": "way", "building": "yes", "construction": null, "height": null, "roof:levels": null, "industrial": null, "source:addr": null, "addr:postcode": null, "wheelchair": null, "tourism": null, "name": null, "internet_access": null, "roof:shape": null, "start_date": null, "building:levels": null, "addr:street": "Балтийская улица", "addr:housenumber": "22", "addr:city": "Светлогорск" }, "geometry": { "type": "MultiPolygon", "coordinates": [ [ [ [ 20.1688581, 54.944381 ], [ 20.1688153, 54.9443064 ], [ 20.1686261, 54.9443422 ], [ 20.1686689, 54.9444168 ], [ 20.1688581, 54.944381 ] ] ] ] } },
{ "type": "Feature", "properties": { "full_id": "w313495626", "osm_id": "313495626", "osm_type": "way", "building": "yes", "construction": null, "height": null, "roof:levels": null, "industrial": null, "source:addr": null, "addr:postcode": null, "wheelchair": null, "tourism": null, "name": "Детский оздоровительный лагерь им. А.Матросова.", "internet_access": null, "roof:shape": null, "start_date": "1980", "building:levels": "1", "addr:street": "Балтийская улица", "addr:housenumber": "30", "addr:city": "Светлогорск" }, "geometry": { "type": "MultiPolygon", "coordinates": [ [ [ [ 20.1752038, 54.9496325 ], [ 20.1753236, 54.9495913 ], [ 20.1753612, 54.9496284 ], [ 20.1753383, 54.9496358 ], [ 20.1754361, 54.949736 ], [ 20.1753593, 54.9497608 ], [ 20.1752725, 54.9496718 ], [ 20.1752497, 54.9496795 ], [ 20.1752038, 54.9496325 ] ] ] ] } },
{ "type": "Feature", "properties": { "full_id": "w313495627", "osm_id": "313495627", "osm_type": "way", "building": "yes", "construction": null, "height": null, "roof:levels": null, "industrial": null, "source:addr": null, "addr:postcode": null, "wheelchair": null, "tourism": null, "name": null, "internet_access": null, "roof:shape": null, "start_date": "1959", "building:levels": "1", "addr:street": null, "addr:housenumber": null, "addr:city": null }, "geometry": { "type": "MultiPolygon", "coordinates": [ [ [ [ 20.1721868, 54.9481876 ], [ 20.1724866, 54.9481463 ], [ 20.1725235, 54.9482352 ], [ 20.1725015, 54.9482382 ], [ 20.1725102, 54.9482592 ], [ 20.1724917, 54.9482617 ], [ 20.172483, 54.9482408 ], [ 20.1722634, 54.948271 ], [ 20.1722711, 54.9482894 ], [ 20.1722524, 54.948292 ], [ 20.1722449, 54.9482736 ], [ 20.1722237, 54.9482764 ], [ 20.1721868, 54.9481876 ] ] ] ] } },
{ "type": "Feature", "properties": { "full_id": "w313495629", "osm_id": "313495629", "osm_type": "way", "building": "yes", "construction": null, "height": null, "roof:levels": null, "industrial": null, "source:addr": null, "addr:postcode": null, "wheelchair": null, "tourism": null, "name": null, "internet_access": null, "roof:shape": null, "start_date": null, "building:levels": "2", "addr:street": "Балтийская улица", "addr:housenumber": "24А", "addr:city": "Светлогорск" }, "geometry": { "type": "MultiPolygon", "coordinates": [ [ [ [ 20.1689587, 54.9445079 ], [ 20.1688122, 54.9445343 ], [ 20.1688685, 54.9446375 ], [ 20.169015, 54.9446111 ], [ 20.1689587, 54.9445079 ] ] ] ] } },
{ "type": "Feature", "properties": { "full_id": "w313495630", "osm_id": "313495630", "osm_type": "way", "building": "yes", "construction": null, "height": null, "roof:levels": null, "industrial": null, "source:addr": null, "addr:postcode": null, "wheelchair": null, "tourism": null, "name": null, "internet_access": null, "roof:shape": null, "start_date": "1980", "building:levels": "1", "addr:street": null, "addr:housenumber": null, "addr:city": null }, "geometry": { "type": "MultiPolygon", "coordinates": [ [ [ [ 20.1738359, 54.9498415 ], [ 20.1738332, 54.949783 ], [ 20.1739119, 54.9497818 ], [ 20.1739138, 54.9498408 ], [ 20.1738359, 54.9498415 ] ] ] ] } },
{ "type": "Feature", "properties": { "full_id": "w313495631", "osm_id": "313495631", "osm_type": "way", "building": "yes", "construction": null, "height": null, "roof:levels": null, "industrial": null, "source:addr": null, "addr:postcode": null, "wheelchair": null, "tourism": null, "name": null, "internet_access": null, "roof:shape": null, "start_date": null, "building:levels": null, "addr:street": null, "addr:housenumber": null, "addr:city": null }, "geometry": { "type": "MultiPolygon", "coordinates": [ [ [ [ 20.170656, 54.9480695 ], [ 20.1706254, 54.9479728 ], [ 20.1703154, 54.9480086 ], [ 20.1703471, 54.9481028 ], [ 20.170656, 54.9480695 ] ] ] ] } },
{ "type": "Feature", "properties": { "full_id": "w313495633", "osm_id": "313495633", "osm_type": "way", "building": "yes", "construction": null, "height": null, "roof:levels": null, "industrial": null, "source:addr": null, "addr:postcode": null, "wheelchair": null, "tourism": null, "name": null, "internet_access": null, "roof:shape": null, "start_date": "1980", "building:levels": "2", "addr:street": "Балтийская улица", "addr:housenumber": "25А", "addr:city": "Светлогорск" }, "geometry": { "type": "MultiPolygon", "coordinates": [ [ [ [ 20.173712, 54.9499888 ], [ 20.1737577, 54.9498819 ], [ 20.1740748, 54.9499302 ], [ 20.1740733, 54.9499339 ], [ 20.1741496, 54.9499455 ], [ 20.1741062, 54.9500454 ], [ 20.1740305, 54.9500337 ], [ 20.1740287, 54.9500375 ], [ 20.173712, 54.9499888 ] ] ] ] } },
{ "type": "Feature", "properties": { "full_id": "w313495636", "osm_id": "313495636", "osm_type": "way", "building": "yes", "construction": null, "height": null, "roof:levels": null, "industrial": null, "source:addr": null, "addr:postcode": null, "wheelchair": null, "tourism": null, "name": null, "internet_access": null, "roof:shape": null, "start_date": null, "building:levels": null, "addr:street": null, "addr:housenumber": null, "addr:city": null }, "geometry": { "type": "MultiPolygon", "coordinates": [ [ [ [ 20.1701759, 54.9482325 ], [ 20.1700053, 54.9482519 ], [ 20.1700596, 54.9484091 ], [ 20.1702302, 54.9483896 ], [ 20.1701759, 54.9482325 ] ] ] ] } },
{ "type": "Feature", "properties": { "full_id": "w313495637", "osm_id": "313495637", "osm_type": "way", "building": "yes", "construction": null, "height": null, "roof:levels": null, "industrial": null, "source:addr": null, "addr:postcode": null, "wheelchair": null, "tourism": null, "name": null, "internet_access": null, "roof:shape": null, "start_date": null, "building:levels": null, "addr:street": null, "addr:housenumber": null, "addr:city": null }, "geometry": { "type": "MultiPolygon", "coordinates": [ [ [ [ 20.1708155, 54.9445226 ], [ 20.1707523, 54.9444669 ], [ 20.1706657, 54.9444993 ], [ 20.1707289, 54.944555 ], [ 20.1708155, 54.9445226 ] ] ] ] } },
{ "type": "Feature", "properties": { "full_id": "w313495639", "osm_id": "313495639", "osm_type": "way", "building": "yes", "construction": null, "height": null, "roof:levels": null, "industrial": null, "source:addr": null, "addr:postcode": null, "wheelchair": null, "tourism": null, "name": null, "internet_access": null, "roof:shape": null, "start_date": null, "building:levels": null, "addr:street": null, "addr:housenumber": null, "addr:city": null }, "geometry": { "type": "MultiPolygon", "coordinates": [ [ [ [ 20.1689413, 54.9485263 ], [ 20.1691222, 54.9485307 ], [ 20.1691357, 54.9483501 ], [ 20.1689547, 54.9483457 ], [ 20.1689413, 54.9485263 ] ] ] ] } },
{ "type": "Feature", "properties": { "full_id": "w313495641", "osm_id": "313495641", "osm_type": "way", "building": "yes", "construction": null, "height": null, "roof:levels": null, "industrial": null, "source:addr": null, "addr:postcode": null, "wheelchair": null, "tourism": null, "name": null, "internet_access": null, "roof:shape": null, "start_date": null, "building:levels": null, "addr:street": null, "addr:housenumber": null, "addr:city": null }, "geometry": { "type": "MultiPolygon", "coordinates": [ [ [ [ 20.1742347, 54.9492407 ], [ 20.1740039, 54.9493136 ], [ 20.1741055, 54.9494197 ], [ 20.1743363, 54.9493469 ], [ 20.1742347, 54.9492407 ] ] ] ] } },
{ "type": "Feature", "properties": { "full_id": "w313495645", "osm_id": "313495645", "osm_type": "way", "building": "yes", "construction": null, "height": null, "roof:levels": null, "industrial": null, "source:addr": null, "addr:postcode": null, "wheelchair": null, "tourism": null, "name": null, "internet_access": null, "roof:shape": null, "start_date": null, "building:levels": null, "addr:street": "Балтийская улица", "addr:housenumber": "26", "addr:city": "Светлогорск" }, "geometry": { "type": "MultiPolygon", "coordinates": [ [ [ [ 20.1686166, 54.9448728 ], [ 20.1686642, 54.9449263 ], [ 20.1686777, 54.9449228 ], [ 20.1688239, 54.9450867 ], [ 20.1688134, 54.94509 ], [ 20.1688503, 54.9451342 ], [ 20.1689002, 54.9451207 ], [ 20.1688816, 54.9451016 ], [ 20.1689114, 54.945092 ], [ 20.1689462, 54.9451302 ], [ 20.1689868, 54.9451189 ], [ 20.1689941, 54.9451276 ], [ 20.1690185, 54.9451204 ], [ 20.1689856, 54.9450842 ], [ 20.1690026, 54.9450789 ], [ 20.1690138, 54.9450907 ], [ 20.1690563, 54.9450796 ], [ 20.169032, 54.9450512 ], [ 20.1690854, 54.9450372 ], [ 20.1690727, 54.9450182 ], [ 20.1690484, 54.945024 ], [ 20.1690341, 54.9450051 ], [ 20.169014, 54.9450091 ], [ 20.1689846, 54.9449747 ], [ 20.1689571, 54.9449833 ], [ 20.1688983, 54.9449189 ], [ 20.1689266, 54.9449105 ], [ 20.1688952, 54.9448772 ], [ 20.1689169, 54.9448719 ], [ 20.168896, 54.9448481 ], [ 20.168915, 54.9448434 ], [ 20.168902, 54.9448261 ], [ 20.1688494, 54.9448412 ], [ 20.1688226, 54.9448113 ], [ 20.1687759, 54.9448244 ], [ 20.1687871, 54.9448364 ], [ 20.1687736, 54.9448404 ], [ 20.1687407, 54.9448046 ], [ 20.168711, 54.9448117 ], [ 20.1687226, 54.9448253 ], [ 20.1686812, 54.9448361 ], [ 20.1687171, 54.9448766 ], [ 20.1686835, 54.944885 ], [ 20.1686638, 54.9448632 ], [ 20.1686166, 54.9448728 ] ] ] ] } },
{ "type": "Feature", "properties": { "full_id": "w313495649", "osm_id": "313495649", "osm_type": "way", "building": "yes", "construction": null, "height": null, "roof:levels": null, "industrial": null, "source:addr": "ЕГРН", "addr:postcode": null, "wheelchair": null, "tourism": null, "name": null, "internet_access": null, "roof:shape": null, "start_date": "2010", "building:levels": "1", "addr:street": "Балтийская улица", "addr:housenumber": "21А", "addr:city": null }, "geometry": { "type": "MultiPolygon", "coordinates": [ [ [ [ 20.1726236, 54.946206 ], [ 20.1724776, 54.9460691 ], [ 20.1725813, 54.9460324 ], [ 20.1726194, 54.9460681 ], [ 20.1728118, 54.946 ], [ 20.1728356, 54.9460224 ], [ 20.172863, 54.9460127 ], [ 20.172894, 54.9460417 ], [ 20.1728666, 54.9460514 ], [ 20.172875, 54.9460592 ], [ 20.1729018, 54.9460496 ], [ 20.172938, 54.9460834 ], [ 20.1729104, 54.9460932 ], [ 20.1729197, 54.9461018 ], [ 20.1729099, 54.9461052 ], [ 20.17292, 54.9461148 ], [ 20.1728894, 54.9461256 ], [ 20.1728788, 54.9461158 ], [ 20.1726236, 54.946206 ] ] ] ] } },
{ "type": "Feature", "properties": { "full_id": "w313495653", "osm_id": "313495653", "osm_type": "way", "building": "yes", "construction": null, "height": null, "roof:levels": null, "industrial": null, "source:addr": null, "addr:postcode": null, "wheelchair": null, "tourism": null, "name": null, "internet_access": null, "roof:shape": null, "start_date": "1951", "building:levels": "1", "addr:street": "Балтийская улица", "addr:housenumber": "24", "addr:city": "Светлогорск" }, "geometry": { "type": "MultiPolygon", "coordinates": [ [ [ [ 20.1713362, 54.9465939 ], [ 20.1712756, 54.9465399 ], [ 20.1716302, 54.9464038 ], [ 20.1716186, 54.9463946 ], [ 20.1717129, 54.9463584 ], [ 20.1720423, 54.9466416 ], [ 20.1720665, 54.946632 ], [ 20.1721238, 54.9466803 ], [ 20.1720222, 54.9467183 ], [ 20.1719663, 54.9466716 ], [ 20.1719498, 54.9466781 ], [ 20.1716923, 54.9464573 ], [ 20.1713362, 54.9465939 ] ] ] ] } },
{ "type": "Feature", "properties": { "full_id": "w313495655", "osm_id": "313495655", "osm_type": "way", "building": "house", "construction": null, "height": null, "roof:levels": null, "industrial": null, "source:addr": null, "addr:postcode": null, "wheelchair": null, "tourism": null, "name": null, "internet_access": null, "roof:shape": null, "start_date": null, "building:levels": "3", "addr:street": "Балтийская улица", "addr:housenumber": "19А", "addr:city": "Светлогорск" }, "geometry": { "type": "MultiPolygon", "coordinates": [ [ [ [ 20.1702825, 54.9447558 ], [ 20.1704608, 54.9446947 ], [ 20.1704293, 54.9446669 ], [ 20.1705637, 54.94462 ], [ 20.1704461, 54.9445075 ], [ 20.170303, 54.944555 ], [ 20.1703291, 54.9445845 ], [ 20.1701658, 54.9446434 ], [ 20.1702825, 54.9447558 ] ] ] ] } },
{ "type": "Feature", "properties": { "full_id": "w313509776", "osm_id": "313509776", "osm_type": "way", "building": "yes", "construction": null, "height": null, "roof:levels": null, "industrial": null, "source:addr": null, "addr:postcode": null, "wheelchair": null, "tourism": null, "name": null, "internet_access": null, "roof:shape": null, "start_date": null, "building:levels": null, "addr:street": null, "addr:housenumber": null, "addr:city": null }, "geometry": { "type": "MultiPolygon", "coordinates": [ [ [ [ 20.1660387, 54.9446081 ], [ 20.1666466, 54.9445388 ], [ 20.1667251, 54.9445073 ], [ 20.166763, 54.9444766 ], [ 20.1667669, 54.9444495 ], [ 20.1667398, 54.9444158 ], [ 20.1666865, 54.9443936 ], [ 20.1665991, 54.9443967 ], [ 20.1665583, 54.9444091 ], [ 20.166521, 54.9444349 ], [ 20.1665132, 54.9444642 ], [ 20.1660641, 54.9445201 ], [ 20.1660387, 54.9446081 ] ] ] ] } },
{ "type": "Feature", "properties": { "full_id": "w313509780", "osm_id": "313509780", "osm_type": "way", "building": "detached", "construction": null, "height": null, "roof:levels": null, "industrial": null, "source:addr": null, "addr:postcode": null, "wheelchair": null, "tourism": null, "name": null, "internet_access": null, "roof:shape": null, "start_date": null, "building:levels": "3", "addr:street": "улица Верещагина", "addr:housenumber": "2А", "addr:city": "Светлогорск" }, "geometry": { "type": "MultiPolygon", "coordinates": [ [ [ [ 20.1652929, 54.9441884 ], [ 20.165033, 54.9441971 ], [ 20.165044, 54.9443067 ], [ 20.1653039, 54.944298 ], [ 20.1652929, 54.9441884 ] ] ] ] } },
{ "type": "Feature", "properties": { "full_id": "w313509782", "osm_id": "313509782", "osm_type": "way", "building": "yes", "construction": null, "height": null, "roof:levels": null, "industrial": null, "source:addr": null, "addr:postcode": null, "wheelchair": null, "tourism": null, "name": null, "internet_access": null, "roof:shape": null, "start_date": null, "building:levels": null, "addr:street": null, "addr:housenumber": null, "addr:city": null }, "geometry": { "type": "MultiPolygon", "coordinates": [ [ [ [ 20.1655952, 54.9446529 ], [ 20.1657352, 54.9446492 ], [ 20.1657295, 54.9445797 ], [ 20.1655895, 54.9445835 ], [ 20.1655952, 54.9446529 ] ] ] ] } },
{ "type": "Feature", "properties": { "full_id": "w313509800", "osm_id": "313509800", "osm_type": "way", "building": "yes", "construction": null, "height": null, "roof:levels": null, "industrial": null, "source:addr": null, "addr:postcode": null, "wheelchair": null, "tourism": null, "name": null, "internet_access": null, "roof:shape": null, "start_date": null, "building:levels": null, "addr:street": null, "addr:housenumber": null, "addr:city": null }, "geometry": { "type": "MultiPolygon", "coordinates": [ [ [ [ 20.1674439, 54.9448973 ], [ 20.167249, 54.9449026 ], [ 20.1672533, 54.9449882 ], [ 20.1671984, 54.9449904 ], [ 20.1672046, 54.9450566 ], [ 20.1673037, 54.9450554 ], [ 20.1673036, 54.945029 ], [ 20.1674545, 54.9450252 ], [ 20.1674439, 54.9448973 ] ] ] ] } },
{ "type": "Feature", "properties": { "full_id": "w317438249", "osm_id": "317438249", "osm_type": "way", "building": "yes", "construction": null, "height": null, "roof:levels": null, "industrial": null, "source:addr": null, "addr:postcode": null, "wheelchair": null, "tourism": null, "name": null, "internet_access": null, "roof:shape": null, "start_date": null, "building:levels": null, "addr:street": null, "addr:housenumber": null, "addr:city": null }, "geometry": { "type": "MultiPolygon", "coordinates": [ [ [ [ 20.1735002, 54.9443988 ], [ 20.173583, 54.9444281 ], [ 20.1736123, 54.9444008 ], [ 20.1735296, 54.9443715 ], [ 20.1735002, 54.9443988 ] ] ] ] } },
{ "type": "Feature", "properties": { "full_id": "w317438251", "osm_id": "317438251", "osm_type": "way", "building": "yes", "construction": null, "height": null, "roof:levels": null, "industrial": null, "source:addr": null, "addr:postcode": null, "wheelchair": null, "tourism": null, "name": null, "internet_access": null, "roof:shape": null, "start_date": null, "building:levels": null, "addr:street": null, "addr:housenumber": null, "addr:city": null }, "geometry": { "type": "MultiPolygon", "coordinates": [ [ [ [ 20.1739078, 54.944246 ], [ 20.1738355, 54.9443103 ], [ 20.1740257, 54.9443809 ], [ 20.174098, 54.9443166 ], [ 20.1739078, 54.944246 ] ] ] ] } },
{ "type": "Feature", "properties": { "full_id": "w352660896", "osm_id": "352660896", "osm_type": "way", "building": "house", "construction": null, "height": null, "roof:levels": null, "industrial": null, "source:addr": null, "addr:postcode": null, "wheelchair": null, "tourism": null, "name": null, "internet_access": null, "roof:shape": null, "start_date": null, "building:levels": null, "addr:street": "Ольховая улица", "addr:housenumber": "24", "addr:city": "Светлогорск" }, "geometry": { "type": "MultiPolygon", "coordinates": [ [ [ [ 20.1752027, 54.9449827 ], [ 20.1753221, 54.9448806 ], [ 20.1751884, 54.944829 ], [ 20.175069, 54.9449311 ], [ 20.1752027, 54.9449827 ] ] ] ] } },
{ "type": "Feature", "properties": { "full_id": "w352672186", "osm_id": "352672186", "osm_type": "way", "building": "house", "construction": null, "height": null, "roof:levels": null, "industrial": null, "source:addr": null, "addr:postcode": null, "wheelchair": null, "tourism": null, "name": null, "internet_access": null, "roof:shape": null, "start_date": "2014", "building:levels": "2", "addr:street": "улица Верещагина", "addr:housenumber": "7", "addr:city": "Светлогорск" }, "geometry": { "type": "MultiPolygon", "coordinates": [ [ [ [ 20.1646428, 54.9453179 ], [ 20.1646447, 54.9452751 ], [ 20.1646606, 54.9452759 ], [ 20.1646641, 54.9452632 ], [ 20.1646767, 54.9452641 ], [ 20.164682, 54.9452401 ], [ 20.1647033, 54.9452416 ], [ 20.1647088, 54.9452175 ], [ 20.1647802, 54.9452188 ], [ 20.1647821, 54.9451493 ], [ 20.1646765, 54.9451479 ], [ 20.1646719, 54.9451705 ], [ 20.1643999, 54.9451502 ], [ 20.1643932, 54.9451784 ], [ 20.1643839, 54.9451776 ], [ 20.1643817, 54.9451884 ], [ 20.164391, 54.945189 ], [ 20.1643849, 54.9452174 ], [ 20.1644997, 54.9452259 ], [ 20.1644992, 54.9452447 ], [ 20.1644832, 54.9452445 ], [ 20.164483, 54.9452499 ], [ 20.1644958, 54.94525 ], [ 20.164479, 54.9453158 ], [ 20.1643878, 54.9453146 ], [ 20.1643858, 54.945365 ], [ 20.1643856, 54.9453741 ], [ 20.1645649, 54.9453768 ], [ 20.1645656, 54.9453672 ], [ 20.1646021, 54.9453677 ], [ 20.1646024, 54.9453774 ], [ 20.1647403, 54.9453791 ], [ 20.1647424, 54.9453188 ], [ 20.1647032, 54.9453187 ], [ 20.1646428, 54.9453179 ] ] ] ] } },
{ "type": "Feature", "properties": { "full_id": "w358547105", "osm_id": "358547105", "osm_type": "way", "building": "house", "construction": null, "height": null, "roof:levels": null, "industrial": null, "source:addr": null, "addr:postcode": null, "wheelchair": null, "tourism": null, "name": null, "internet_access": null, "roof:shape": null, "start_date": null, "building:levels": "1", "addr:street": "Балтийская улица", "addr:housenumber": null, "addr:city": "Светлогорск" }, "geometry": { "type": "MultiPolygon", "coordinates": [ [ [ [ 20.1759208, 54.949406 ], [ 20.1760773, 54.9493429 ], [ 20.1758858, 54.9491914 ], [ 20.1757293, 54.9492491 ], [ 20.1759208, 54.949406 ] ] ] ] } },
{ "type": "Feature", "properties": { "full_id": "w358547107", "osm_id": "358547107", "osm_type": "way", "building": "house", "construction": null, "height": null, "roof:levels": null, "industrial": null, "source:addr": null, "addr:postcode": null, "wheelchair": null, "tourism": null, "name": null, "internet_access": null, "roof:shape": null, "start_date": null, "building:levels": "1", "addr:street": "Балтийская улица", "addr:housenumber": "21", "addr:city": "Светлогорск" }, "geometry": { "type": "MultiPolygon", "coordinates": [ [ [ [ 20.1743589, 54.9467595 ], [ 20.174485, 54.9467353 ], [ 20.1744337, 54.9466334 ], [ 20.1743029, 54.9466575 ], [ 20.1743589, 54.9467595 ] ] ] ] } },
{ "type": "Feature", "properties": { "full_id": "w428660841", "osm_id": "428660841", "osm_type": "way", "building": "service", "construction": null, "height": null, "roof:levels": null, "industrial": "heating_station", "source:addr": "ЕГРН", "addr:postcode": null, "wheelchair": null, "tourism": null, "name": null, "internet_access": null, "roof:shape": null, "start_date": "2015", "building:levels": "1", "addr:street": "улица Ленина", "addr:housenumber": "11А", "addr:city": null }, "geometry": { "type": "MultiPolygon", "coordinates": [ [ [ [ 20.1615934, 54.9450236 ], [ 20.1615951, 54.944941 ], [ 20.1619049, 54.9449436 ], [ 20.1619027, 54.9450272 ], [ 20.1615934, 54.9450236 ] ] ] ] } },
{ "type": "Feature", "properties": { "full_id": "w428660842", "osm_id": "428660842", "osm_type": "way", "building": "service", "construction": null, "height": null, "roof:levels": null, "industrial": null, "source:addr": null, "addr:postcode": null, "wheelchair": null, "tourism": null, "name": null, "internet_access": null, "roof:shape": null, "start_date": null, "building:levels": null, "addr:street": null, "addr:housenumber": null, "addr:city": null }, "geometry": { "type": "MultiPolygon", "coordinates": [ [ [ [ 20.1616475, 54.9450895 ], [ 20.1614627, 54.9450923 ], [ 20.1614654, 54.9451509 ], [ 20.1616502, 54.9451481 ], [ 20.1616475, 54.9450895 ] ] ] ] } },
{ "type": "Feature", "properties": { "full_id": "w627840149", "osm_id": "627840149", "osm_type": "way", "building": "yes", "construction": null, "height": null, "roof:levels": null, "industrial": null, "source:addr": null, "addr:postcode": null, "wheelchair": null, "tourism": null, "name": null, "internet_access": null, "roof:shape": null, "start_date": null, "building:levels": "1", "addr:street": "Дачная улица", "addr:housenumber": "2к1", "addr:city": null }, "geometry": { "type": "MultiPolygon", "coordinates": [ [ [ [ 20.1757515, 54.9450021 ], [ 20.1759439, 54.9450776 ], [ 20.1760266, 54.9450081 ], [ 20.1761385, 54.944914 ], [ 20.175946, 54.9448385 ], [ 20.1757515, 54.9450021 ] ] ] ] } },
{ "type": "Feature", "properties": { "full_id": "w740539977", "osm_id": "740539977", "osm_type": "way", "building": "yes", "construction": null, "height": null, "roof:levels": null, "industrial": null, "source:addr": null, "addr:postcode": null, "wheelchair": null, "tourism": null, "name": null, "internet_access": null, "roof:shape": null, "start_date": null, "building:levels": null, "addr:street": "Балтийская улица", "addr:housenumber": "31", "addr:city": null }, "geometry": { "type": "MultiPolygon", "coordinates": [ [ [ [ 20.1704344, 54.9450533 ], [ 20.1709789, 54.9448114 ], [ 20.1707986, 54.9446776 ], [ 20.1702542, 54.9449194 ], [ 20.1704344, 54.9450533 ] ] ] ] } },
{ "type": "Feature", "properties": { "full_id": "w974320274", "osm_id": "974320274", "osm_type": "way", "building": "service", "construction": null, "height": null, "roof:levels": null, "industrial": null, "source:addr": null, "addr:postcode": null, "wheelchair": null, "tourism": null, "name": null, "internet_access": null, "roof:shape": null, "start_date": null, "building:levels": null, "addr:street": null, "addr:housenumber": null, "addr:city": null }, "geometry": { "type": "MultiPolygon", "coordinates": [ [ [ [ 20.1678091, 54.9468146 ], [ 20.167919, 54.9468146 ], [ 20.167919, 54.9467022 ], [ 20.1678091, 54.9467022 ], [ 20.1678091, 54.9468146 ] ] ] ] } },
{ "type": "Feature", "properties": { "full_id": "w974320275", "osm_id": "974320275", "osm_type": "way", "building": "apartments", "construction": null, "height": null, "roof:levels": null, "industrial": null, "source:addr": null, "addr:postcode": null, "wheelchair": null, "tourism": null, "name": null, "internet_access": null, "roof:shape": null, "start_date": null, "building:levels": "5", "addr:street": "улица Верещагина", "addr:housenumber": "12", "addr:city": "Светлогорск" }, "geometry": { "type": "MultiPolygon", "coordinates": [ [ [ [ 20.1675461, 54.9470299 ], [ 20.1676619, 54.9469229 ], [ 20.1677528, 54.9469554 ], [ 20.1677755, 54.9469344 ], [ 20.1677984, 54.9469426 ], [ 20.1678137, 54.9469284 ], [ 20.1679247, 54.9469681 ], [ 20.1680292, 54.9470054 ], [ 20.1680108, 54.9470224 ], [ 20.1680947, 54.9470524 ], [ 20.1680832, 54.9470631 ], [ 20.1681389, 54.9470829 ], [ 20.1680339, 54.9471798 ], [ 20.1679732, 54.9471582 ], [ 20.1679455, 54.9471838 ], [ 20.1678888, 54.9471635 ], [ 20.1678582, 54.9471917 ], [ 20.1676576, 54.94712 ], [ 20.167671, 54.9471076 ], [ 20.1675708, 54.9470718 ], [ 20.1675966, 54.947048 ], [ 20.1675461, 54.9470299 ] ] ] ] } },
{ "type": "Feature", "properties": { "full_id": "w974565610", "osm_id": "974565610", "osm_type": "way", "building": "apartments", "construction": null, "height": null, "roof:levels": "1", "industrial": null, "source:addr": null, "addr:postcode": null, "wheelchair": null, "tourism": null, "name": null, "internet_access": null, "roof:shape": "flat", "start_date": null, "building:levels": "4", "addr:street": "Балтийский проезд", "addr:housenumber": "11", "addr:city": null }, "geometry": { "type": "MultiPolygon", "coordinates": [ [ [ [ 20.1676681, 54.9457202 ], [ 20.1677246, 54.9457129 ], [ 20.1677117, 54.9456799 ], [ 20.167823, 54.9456655 ], [ 20.1677724, 54.9455359 ], [ 20.1675223, 54.9455681 ], [ 20.1675359, 54.9456029 ], [ 20.1676181, 54.9455923 ], [ 20.1676681, 54.9457202 ] ] ] ] } },
{ "type": "Feature", "properties": { "full_id": "w1283603236", "osm_id": "1283603236", "osm_type": "way", "building": "house", "construction": null, "height": null, "roof:levels": null, "industrial": null, "source:addr": "ЕГРН", "addr:postcode": null, "wheelchair": null, "tourism": null, "name": null, "internet_access": null, "roof:shape": null, "start_date": "2025", "building:levels": "2", "addr:street": "Ольховая улица", "addr:housenumber": "11", "addr:city": null }, "geometry": { "type": "MultiPolygon", "coordinates": [ [ [ [ 20.1756219, 54.9455032 ], [ 20.1755384, 54.9454716 ], [ 20.175534, 54.9454748 ], [ 20.1755273, 54.9454725 ], [ 20.1755323, 54.9454689 ], [ 20.175441, 54.9454348 ], [ 20.1754368, 54.9454385 ], [ 20.1754302, 54.945436 ], [ 20.1754343, 54.9454325 ], [ 20.1753426, 54.9453979 ], [ 20.1753387, 54.9454014 ], [ 20.1753319, 54.9453991 ], [ 20.1753356, 54.9453953 ], [ 20.1752534, 54.9453645 ], [ 20.1753077, 54.9453152 ], [ 20.1753517, 54.945332 ], [ 20.1753632, 54.9453219 ], [ 20.1754013, 54.9453363 ], [ 20.1754098, 54.9453287 ], [ 20.1756131, 54.9454048 ], [ 20.175604, 54.9454129 ], [ 20.1756424, 54.9454276 ], [ 20.1756305, 54.9454378 ], [ 20.1756746, 54.9454547 ], [ 20.1756219, 54.9455032 ] ] ] ] } },
{ "type": "Feature", "properties": { "full_id": "w1283603237", "osm_id": "1283603237", "osm_type": "way", "building": "yes", "construction": null, "height": null, "roof:levels": null, "industrial": null, "source:addr": null, "addr:postcode": null, "wheelchair": null, "tourism": null, "name": null, "internet_access": null, "roof:shape": null, "start_date": null, "building:levels": null, "addr:street": "Ольховая улица", "addr:housenumber": "13", "addr:city": null }, "geometry": { "type": "MultiPolygon", "coordinates": [ [ [ [ 20.1756673, 54.9455361 ], [ 20.1757142, 54.9455537 ], [ 20.175705, 54.9455618 ], [ 20.1759103, 54.9456388 ], [ 20.1759195, 54.9456306 ], [ 20.1759541, 54.9456436 ], [ 20.1760287, 54.9455778 ], [ 20.175971, 54.9455562 ], [ 20.1759633, 54.9455631 ], [ 20.1757946, 54.9454999 ], [ 20.1758024, 54.9454931 ], [ 20.1757419, 54.9454704 ], [ 20.1756673, 54.9455361 ] ] ] ] } },
{ "type": "Feature", "properties": { "full_id": "w1298999054", "osm_id": "1298999054", "osm_type": "way", "building": "gatehouse", "construction": null, "height": "2", "roof:levels": null, "industrial": null, "source:addr": null, "addr:postcode": null, "wheelchair": null, "tourism": null, "name": null, "internet_access": null, "roof:shape": null, "start_date": null, "building:levels": null, "addr:street": null, "addr:housenumber": null, "addr:city": null }, "geometry": { "type": "MultiPolygon", "coordinates": [ [ [ [ 20.1619393, 54.9443076 ], [ 20.1619576, 54.9443073 ], [ 20.1619573, 54.9443023 ], [ 20.1619391, 54.9443026 ], [ 20.1619393, 54.9443076 ] ] ] ] } },
{ "type": "Feature", "properties": { "full_id": "w1371101624", "osm_id": "1371101624", "osm_type": "way", "building": "yes", "construction": null, "height": null, "roof:levels": null, "industrial": null, "source:addr": null, "addr:postcode": null, "wheelchair": null, "tourism": null, "name": "ЖК \"Променад\"", "internet_access": null, "roof:shape": null, "start_date": "2024", "building:levels": "5", "addr:street": "Морской бульвар", "addr:housenumber": "17", "addr:city": "Светлогорск" }, "geometry": { "type": "MultiPolygon", "coordinates": [ [ [ [ 20.1608189, 54.9473482 ], [ 20.1608616, 54.9472855 ], [ 20.1618493, 54.9475081 ], [ 20.1620625, 54.9475562 ], [ 20.1630451, 54.9477775 ], [ 20.163256, 54.947825 ], [ 20.1642428, 54.9480474 ], [ 20.1642, 54.948107 ], [ 20.1641636, 54.9480986 ], [ 20.1641271, 54.9481499 ], [ 20.1641186, 54.9481625 ], [ 20.1632133, 54.9479584 ], [ 20.1632485, 54.9479066 ], [ 20.162958, 54.9478411 ], [ 20.1629226, 54.9478929 ], [ 20.1620175, 54.9476889 ], [ 20.1620527, 54.947637 ], [ 20.1617622, 54.9475715 ], [ 20.1617268, 54.9476234 ], [ 20.1608216, 54.9474193 ], [ 20.1608632, 54.9473582 ], [ 20.1608189, 54.9473482 ] ] ] ] } },
{ "type": "Feature", "properties": { "full_id": "w1452858782", "osm_id": "1452858782", "osm_type": "way", "building": "house", "construction": null, "height": null, "roof:levels": null, "industrial": null, "source:addr": "ЕГРН", "addr:postcode": null, "wheelchair": null, "tourism": null, "name": null, "internet_access": null, "roof:shape": null, "start_date": "1991", "building:levels": "2", "addr:street": "переулок Верещагина", "addr:housenumber": "14", "addr:city": null }, "geometry": { "type": "MultiPolygon", "coordinates": [ [ [ [ 20.1662465, 54.9441931 ], [ 20.1662507, 54.9442518 ], [ 20.1662585, 54.9442516 ], [ 20.1662576, 54.9442405 ], [ 20.1662906, 54.9442398 ], [ 20.1662901, 54.9442342 ], [ 20.1663098, 54.9442338 ], [ 20.166311, 54.9442503 ], [ 20.1663377, 54.9442497 ], [ 20.1663411, 54.9442997 ], [ 20.1662101, 54.9443028 ], [ 20.1662089, 54.9442864 ], [ 20.166083, 54.9442892 ], [ 20.16608, 54.9442456 ], [ 20.1660646, 54.944246 ], [ 20.1660626, 54.9442186 ], [ 20.1660353, 54.9442192 ], [ 20.166034, 54.9442008 ], [ 20.1660614, 54.9442002 ], [ 20.1660611, 54.9441974 ], [ 20.1662465, 54.9441931 ] ] ] ] } },
{ "type": "Feature", "properties": { "full_id": "w1452859019", "osm_id": "1452859019", "osm_type": "way", "building": "yes", "construction": null, "height": null, "roof:levels": null, "industrial": null, "source:addr": "ЕГРН", "addr:postcode": null, "wheelchair": null, "tourism": null, "name": null, "internet_access": null, "roof:shape": null, "start_date": "1980", "building:levels": "1", "addr:street": "Балтийская улица", "addr:housenumber": "25", "addr:city": null }, "geometry": { "type": "MultiPolygon", "coordinates": [ [ [ [ 20.1736388, 54.9497859 ], [ 20.1736492, 54.9497331 ], [ 20.1737417, 54.9497391 ], [ 20.1737316, 54.9497918 ], [ 20.1736388, 54.9497859 ] ] ] ] } },
{ "type": "Feature", "properties": { "full_id": "w1452859024", "osm_id": "1452859024", "osm_type": "way", "building": "house", "construction": null, "height": null, "roof:levels": null, "industrial": null, "source:addr": null, "addr:postcode": null, "wheelchair": null, "tourism": null, "name": null, "internet_access": null, "roof:shape": null, "start_date": "2022", "building:levels": "1", "addr:street": null, "addr:housenumber": null, "addr:city": null }, "geometry": { "type": "MultiPolygon", "coordinates": [ [ [ [ 20.1675628, 54.9444019 ], [ 20.1675323, 54.9443204 ], [ 20.1677336, 54.9442954 ], [ 20.1677641, 54.9443769 ], [ 20.1675628, 54.9444019 ] ] ] ] } },
{ "type": "Feature", "properties": { "full_id": "w1452862318", "osm_id": "1452862318", "osm_type": "way", "building": "house", "construction": null, "height": null, "roof:levels": null, "industrial": null, "source:addr": "ЕГРН", "addr:postcode": null, "wheelchair": null, "tourism": null, "name": null, "internet_access": null, "roof:shape": null, "start_date": "2022", "building:levels": "1", "addr:street": "Дачный переулок", "addr:housenumber": "3", "addr:city": null }, "geometry": { "type": "MultiPolygon", "coordinates": [ [ [ [ 20.1750552, 54.944591 ], [ 20.1750844, 54.9445615 ], [ 20.1750642, 54.9445548 ], [ 20.1750985, 54.94452 ], [ 20.1751187, 54.9445267 ], [ 20.1751505, 54.9444945 ], [ 20.1752716, 54.9445341 ], [ 20.1751762, 54.9446307 ], [ 20.1750552, 54.944591 ] ] ] ] } },
{ "type": "Feature", "properties": { "full_id": "w1453908315", "osm_id": "1453908315", "osm_type": "way", "building": "construction", "construction": "apartments", "height": null, "roof:levels": null, "industrial": null, "source:addr": null, "addr:postcode": null, "wheelchair": null, "tourism": null, "name": null, "internet_access": null, "roof:shape": null, "start_date": null, "building:levels": null, "addr:street": null, "addr:housenumber": null, "addr:city": null }, "geometry": { "type": "MultiPolygon", "coordinates": [ [ [ [ 20.1728497, 54.9498426 ], [ 20.1729477, 54.9496262 ], [ 20.1723665, 54.9495395 ], [ 20.1723453, 54.9495863 ], [ 20.1717088, 54.9494912 ], [ 20.171632, 54.9496608 ], [ 20.1728497, 54.9498426 ] ] ] ] } },
{ "type": "Feature", "properties": { "full_id": "w1453908316", "osm_id": "1453908316", "osm_type": "way", "building": "construction", "construction": "apartments", "height": null, "roof:levels": null, "industrial": null, "source:addr": null, "addr:postcode": null, "wheelchair": null, "tourism": null, "name": null, "internet_access": null, "roof:shape": null, "start_date": null, "building:levels": null, "addr:street": null, "addr:housenumber": null, "addr:city": null }, "geometry": { "type": "MultiPolygon", "coordinates": [ [ [ [ 20.1687594, 54.9489207 ], [ 20.1692703, 54.9491371 ], [ 20.1694146, 54.9490247 ], [ 20.1692674, 54.9489624 ], [ 20.1692194, 54.9489998 ], [ 20.1688557, 54.9488457 ], [ 20.1687594, 54.9489207 ] ] ] ] } },
{ "type": "Feature", "properties": { "full_id": "w1453908317", "osm_id": "1453908317", "osm_type": "way", "building": "construction", "construction": "apartments", "height": null, "roof:levels": null, "industrial": null, "source:addr": null, "addr:postcode": null, "wheelchair": null, "tourism": null, "name": null, "internet_access": null, "roof:shape": null, "start_date": null, "building:levels": null, "addr:street": null, "addr:housenumber": null, "addr:city": null }, "geometry": { "type": "MultiPolygon", "coordinates": [ [ [ [ 20.1694219, 54.9491556 ], [ 20.1713987, 54.9495253 ], [ 20.1715133, 54.9493232 ], [ 20.1695365, 54.9489535 ], [ 20.1694219, 54.9491556 ] ] ] ] } },
{ "type": "Feature", "properties": { "full_id": "w185249651", "osm_id": "185249651", "osm_type": "way", "building": "detached", "height": null, "roof:levels": null, "industrial": null, "source:addr": null, "addr:postcode": null, "tourism": null, "name": null, "roof:shape": "gabled", "start_date": null, "building:levels": "1", "addr:street": "улица Верещагина", "addr:housenumber": "6", "addr:city": "Светлогорск" }, "geometry": { "type": "MultiPolygon", "coordinates": [ [ [ [ 20.165171, 54.9449892 ], [ 20.165349, 54.9449841 ], [ 20.1653334, 54.9448039 ], [ 20.1651553, 54.944809 ], [ 20.165171, 54.9449892 ] ] ] ] } },
{ "type": "Feature", "properties": { "full_id": "w185249652", "osm_id": "185249652", "osm_type": "way", "building": "detached", "height": null, "roof:levels": null, "industrial": null, "source:addr": null, "addr:postcode": null, "tourism": null, "name": null, "roof:shape": null, "start_date": null, "building:levels": "3", "addr:street": "улица Гагарина", "addr:housenumber": "17", "addr:city": "Светлогорск" }, "geometry": { "type": "MultiPolygon", "coordinates": [ [ [ [ 20.1586134, 54.9417691 ], [ 20.1587878, 54.9417229 ], [ 20.1586355, 54.9415333 ], [ 20.158461, 54.9415795 ], [ 20.1585012, 54.9416295 ], [ 20.1584763, 54.9416361 ], [ 20.1585587, 54.9417386 ], [ 20.1585835, 54.941732 ], [ 20.1586134, 54.9417691 ] ] ] ] } },
{ "type": "Feature", "properties": { "full_id": "w185249654", "osm_id": "185249654", "osm_type": "way", "building": "detached", "height": null, "roof:levels": "1", "industrial": null, "source:addr": null, "addr:postcode": null, "tourism": null, "name": null, "roof:shape": "gabled", "start_date": null, "building:levels": "2", "addr:street": "улица Ленина", "addr:housenumber": "12", "addr:city": "Светлогорск" }, "geometry": { "type": "MultiPolygon", "coordinates": [ [ [ [ 20.1608479, 54.9436411 ], [ 20.1610547, 54.9436129 ], [ 20.1609901, 54.9434562 ], [ 20.1607832, 54.9434843 ], [ 20.1608479, 54.9436411 ] ] ] ] } },
{ "type": "Feature", "properties": { "full_id": "w185249664", "osm_id": "185249664", "osm_type": "way", "building": "detached", "height": null, "roof:levels": "2", "industrial": null, "source:addr": null, "addr:postcode": "238560", "tourism": null, "name": null, "roof:shape": "half-hipped", "start_date": null, "building:levels": "1", "addr:street": "Курортная улица", "addr:housenumber": "12", "addr:city": "Светлогорск" }, "geometry": { "type": "MultiPolygon", "coordinates": [ [ [ [ 20.1590521, 54.9435546 ], [ 20.1592199, 54.9435525 ], [ 20.1592148, 54.9434183 ], [ 20.1590471, 54.9434204 ], [ 20.1590521, 54.9435546 ] ] ] ] } },
{ "type": "Feature", "properties": { "full_id": "w185249666", "osm_id": "185249666", "osm_type": "way", "building": "apartments", "height": null, "roof:levels": null, "industrial": null, "source:addr": null, "addr:postcode": null, "tourism": null, "name": null, "roof:shape": null, "start_date": "2020-10-29", "building:levels": "4", "addr:street": "улица Ленина", "addr:housenumber": "6", "addr:city": null }, "geometry": { "type": "MultiPolygon", "coordinates": [ [ [ [ 20.1637605, 54.9429469 ], [ 20.1639204, 54.9431298 ], [ 20.1637181, 54.9431888 ], [ 20.1637075, 54.9432071 ], [ 20.1636421, 54.9431947 ], [ 20.1636526, 54.9431763 ], [ 20.1636105, 54.9431285 ], [ 20.163579, 54.9431382 ], [ 20.1635416, 54.9430963 ], [ 20.163552, 54.9430934 ], [ 20.1634935, 54.9430246 ], [ 20.1637605, 54.9429469 ] ] ] ] } },
{ "type": "Feature", "properties": { "full_id": "w185249686", "osm_id": "185249686", "osm_type": "way", "building": "yes", "height": null, "roof:levels": null, "industrial": null, "source:addr": null, "addr:postcode": null, "tourism": null, "name": null, "roof:shape": null, "start_date": null, "building:levels": null, "addr:street": "переулок Баха", "addr:housenumber": "6", "addr:city": "Светлогорск" }, "geometry": { "type": "MultiPolygon", "coordinates": [ [ [ [ 20.1641624, 54.9421657 ], [ 20.1640348, 54.9421904 ], [ 20.1640923, 54.9422792 ], [ 20.1642152, 54.9422577 ], [ 20.1641624, 54.9421657 ] ] ] ] } },
{ "type": "Feature", "properties": { "full_id": "w185249692", "osm_id": "185249692", "osm_type": "way", "building": "yes", "height": null, "roof:levels": null, "industrial": null, "source:addr": null, "addr:postcode": null, "tourism": null, "name": null, "roof:shape": null, "start_date": null, "building:levels": "3", "addr:street": "переулок Верещагина", "addr:housenumber": "5", "addr:city": "Светлогорск" }, "geometry": { "type": "MultiPolygon", "coordinates": [ [ [ [ 20.1654846, 54.9443947 ], [ 20.1656783, 54.9443921 ], [ 20.1656731, 54.944263 ], [ 20.1654794, 54.9442656 ], [ 20.1654846, 54.9443947 ] ] ] ] } },
{ "type": "Feature", "properties": { "full_id": "w185249706", "osm_id": "185249706", "osm_type": "way", "building": "house", "height": null, "roof:levels": null, "industrial": null, "source:addr": "ЕГРН", "addr:postcode": null, "tourism": null, "name": null, "roof:shape": null, "start_date": "2007", "building:levels": "2", "addr:street": "улица Ленина", "addr:housenumber": "2Г", "addr:city": "Светлогорск" }, "geometry": { "type": "MultiPolygon", "coordinates": [ [ [ [ 20.1657953, 54.9425742 ], [ 20.1656915, 54.9425994 ], [ 20.1656966, 54.9426064 ], [ 20.1656722, 54.9426123 ], [ 20.1656893, 54.9426349 ], [ 20.1656723, 54.9426351 ], [ 20.1656528, 54.9426341 ], [ 20.1656391, 54.9426328 ], [ 20.1656092, 54.9426273 ], [ 20.1655972, 54.9426241 ], [ 20.1655802, 54.9426185 ], [ 20.1655645, 54.942612 ], [ 20.1656018, 54.9426035 ], [ 20.1655927, 54.9425914 ], [ 20.1655697, 54.9425971 ], [ 20.1655459, 54.9425654 ], [ 20.1655372, 54.9425675 ], [ 20.165529, 54.942567 ], [ 20.1655194, 54.9425646 ], [ 20.1655111, 54.9425602 ], [ 20.1655044, 54.9425557 ], [ 20.1655008, 54.9425497 ], [ 20.165501, 54.9425432 ], [ 20.1655026, 54.9425376 ], [ 20.1655064, 54.9425322 ], [ 20.1654881, 54.942508 ], [ 20.1655005, 54.942505 ], [ 20.1654772, 54.942474 ], [ 20.1655407, 54.942458 ], [ 20.1655373, 54.9424534 ], [ 20.1655865, 54.9424413 ], [ 20.1655627, 54.9424092 ], [ 20.1655999, 54.9424002 ], [ 20.1656191, 54.9423936 ], [ 20.1656618, 54.9424039 ], [ 20.16567, 54.9424078 ], [ 20.1656855, 54.9424292 ], [ 20.1656736, 54.942432 ], [ 20.1656924, 54.9424576 ], [ 20.1657131, 54.942485 ], [ 20.1657258, 54.9424818 ], [ 20.1657953, 54.9425742 ] ] ] ] } },
{ "type": "Feature", "properties": { "full_id": "w185249739", "osm_id": "185249739", "osm_type": "way", "building": "yes", "height": null, "roof:levels": null, "industrial": null, "source:addr": null, "addr:postcode": "238560", "tourism": "guest_house", "name": "Karmann’s", "roof:shape": null, "start_date": "2021", "building:levels": "5", "addr:street": "улица Ленина", "addr:housenumber": "14", "addr:city": "Светлогорск" }, "geometry": { "type": "MultiPolygon", "coordinates": [ [ [ [ 20.1603468, 54.943842 ], [ 20.1602153, 54.9438684 ], [ 20.1602016, 54.9438454 ], [ 20.1599664, 54.9438927 ], [ 20.1599488, 54.9438637 ], [ 20.1599001, 54.9438734 ], [ 20.1598183, 54.9437384 ], [ 20.1598338, 54.9437353 ], [ 20.1598196, 54.9437118 ], [ 20.1599236, 54.9436909 ], [ 20.1599119, 54.9436718 ], [ 20.1602492, 54.943604 ], [ 20.1602773, 54.9436502 ], [ 20.1602286, 54.94366 ], [ 20.1602508, 54.9436967 ], [ 20.1601977, 54.9437073 ], [ 20.1602105, 54.9437284 ], [ 20.160229, 54.9437247 ], [ 20.1602425, 54.9437471 ], [ 20.1602843, 54.9437387 ], [ 20.1603468, 54.943842 ] ] ] ] } },
{ "type": "Feature", "properties": { "full_id": "w185249751", "osm_id": "185249751", "osm_type": "way", "building": "yes", "height": null, "roof:levels": null, "industrial": null, "source:addr": null, "addr:postcode": null, "tourism": null, "name": null, "roof:shape": null, "start_date": null, "building:levels": "3", "addr:street": "улица Верещагина", "addr:housenumber": "4", "addr:city": "Светлогорск" }, "geometry": { "type": "MultiPolygon", "coordinates": [ [ [ [ 20.1651344, 54.9445568 ], [ 20.1652951, 54.9445594 ], [ 20.1653004, 54.9444513 ], [ 20.1651396, 54.9444487 ], [ 20.1651344, 54.9445568 ] ] ] ] } },
{ "type": "Feature", "properties": { "full_id": "w185249754", "osm_id": "185249754", "osm_type": "way", "building": "yes", "height": null, "roof:levels": null, "industrial": null, "source:addr": null, "addr:postcode": null, "tourism": null, "name": null, "roof:shape": null, "start_date": null, "building:levels": null, "addr:street": "улица Ленина", "addr:housenumber": "10", "addr:city": "Светлогорск" }, "geometry": { "type": "MultiPolygon", "coordinates": [ [ [ [ 20.1613965, 54.9434055 ], [ 20.1616376, 54.943327 ], [ 20.1615155, 54.9432033 ], [ 20.1612744, 54.9432818 ], [ 20.1613965, 54.9434055 ] ] ] ] } },
{ "type": "Feature", "properties": { "full_id": "w185249759", "osm_id": "185249759", "osm_type": "way", "building": "yes", "height": null, "roof:levels": null, "industrial": null, "source:addr": null, "addr:postcode": null, "tourism": null, "name": null, "roof:shape": null, "start_date": null, "building:levels": null, "addr:street": "улица Баха", "addr:housenumber": "4А", "addr:city": "Светлогорск" }, "geometry": { "type": "MultiPolygon", "coordinates": [ [ [ [ 20.1647619, 54.9417721 ], [ 20.1649767, 54.9417136 ], [ 20.1648859, 54.9416157 ], [ 20.1647168, 54.9416704 ], [ 20.1647275, 54.9416806 ], [ 20.1647117, 54.9417018 ], [ 20.1647412, 54.9417313 ], [ 20.1647341, 54.9417415 ], [ 20.1647619, 54.9417721 ] ] ] ] } },
{ "type": "Feature", "properties": { "full_id": "w185249762", "osm_id": "185249762", "osm_type": "way", "building": "yes", "height": null, "roof:levels": null, "industrial": null, "source:addr": null, "addr:postcode": null, "tourism": null, "name": null, "roof:shape": null, "start_date": null, "building:levels": null, "addr:street": "улица Баха", "addr:housenumber": "2", "addr:city": "Светлогорск" }, "geometry": { "type": "MultiPolygon", "coordinates": [ [ [ [ 20.1624405, 54.9417646 ], [ 20.1625278, 54.9418728 ], [ 20.162736, 54.9418173 ], [ 20.1626487, 54.9417092 ], [ 20.1624405, 54.9417646 ] ] ] ] } },
{ "type": "Feature", "properties": { "full_id": "w185249782", "osm_id": "185249782", "osm_type": "way", "building": "house", "height": null, "roof:levels": "2", "industrial": null, "source:addr": "ЕГРН", "addr:postcode": "238560", "tourism": null, "name": null, "roof:shape": "gambrel", "start_date": null, "building:levels": "1", "addr:street": "Курортная улица", "addr:housenumber": "10", "addr:city": "Светлогорск" }, "geometry": { "type": "MultiPolygon", "coordinates": [ [ [ [ 20.1585697, 54.9434962 ], [ 20.1587533, 54.943494 ], [ 20.1587482, 54.943354 ], [ 20.1585646, 54.9433562 ], [ 20.1585697, 54.9434962 ] ] ] ] } },
{ "type": "Feature", "properties": { "full_id": "w185249785", "osm_id": "185249785", "osm_type": "way", "building": "yes", "height": null, "roof:levels": null, "industrial": null, "source:addr": null, "addr:postcode": null, "tourism": null, "name": null, "roof:shape": null, "start_date": null, "building:levels": "3", "addr:street": "улица Верещагина", "addr:housenumber": "3Б", "addr:city": "Светлогорск" }, "geometry": { "type": "MultiPolygon", "coordinates": [ [ [ [ 20.1644159, 54.9446947 ], [ 20.164529, 54.9446929 ], [ 20.1645281, 54.9446746 ], [ 20.1646153, 54.9446732 ], [ 20.1646023, 54.9444149 ], [ 20.1644071, 54.9444181 ], [ 20.1644134, 54.9445441 ], [ 20.1642985, 54.9445459 ], [ 20.1643016, 54.9446078 ], [ 20.1643404, 54.9446071 ], [ 20.1643427, 54.9446538 ], [ 20.1644137, 54.9446526 ], [ 20.1644159, 54.9446947 ] ] ] ] } },
{ "type": "Feature", "properties": { "full_id": "w185249790", "osm_id": "185249790", "osm_type": "way", "building": "yes", "height": null, "roof:levels": null, "industrial": null, "source:addr": null, "addr:postcode": null, "tourism": null, "name": null, "roof:shape": null, "start_date": null, "building:levels": null, "addr:street": "переулок Баха", "addr:housenumber": "2А", "addr:city": "Светлогорск" }, "geometry": { "type": "MultiPolygon", "coordinates": [ [ [ [ 20.1644718, 54.9426309 ], [ 20.1645609, 54.9427423 ], [ 20.1647488, 54.9426927 ], [ 20.1646597, 54.9425813 ], [ 20.1644718, 54.9426309 ] ] ] ] } },
{ "type": "Feature", "properties": { "full_id": "w185249793", "osm_id": "185249793", "osm_type": "way", "building": "house", "height": null, "roof:levels": null, "industrial": null, "source:addr": null, "addr:postcode": null, "tourism": null, "name": null, "roof:shape": null, "start_date": "1958", "building:levels": "2", "addr:street": "улица Верещагина", "addr:housenumber": "1", "addr:city": "Светлогорск" }, "geometry": { "type": "MultiPolygon", "coordinates": [ [ [ [ 20.1644638, 54.944229 ], [ 20.1644558, 54.944147 ], [ 20.1646118, 54.9441419 ], [ 20.16462, 54.9442239 ], [ 20.1644638, 54.944229 ] ] ] ] } },
{ "type": "Feature", "properties": { "full_id": "w185249800", "osm_id": "185249800", "osm_type": "way", "building": "yes", "height": null, "roof:levels": null, "industrial": null, "source:addr": null, "addr:postcode": null, "tourism": null, "name": null, "roof:shape": null, "start_date": null, "building:levels": null, "addr:street": "Садовая улица", "addr:housenumber": "6", "addr:city": "Светлогорск" }, "geometry": { "type": "MultiPolygon", "coordinates": [ [ [ [ 20.1606733, 54.9418638 ], [ 20.1607745, 54.9419902 ], [ 20.1610284, 54.9419231 ], [ 20.1609272, 54.9417967 ], [ 20.1606733, 54.9418638 ] ] ] ] } },
{ "type": "Feature", "properties": { "full_id": "w185249807", "osm_id": "185249807", "osm_type": "way", "building": "house", "height": null, "roof:levels": null, "industrial": null, "source:addr": null, "addr:postcode": null, "tourism": null, "name": null, "roof:shape": null, "start_date": "1999", "building:levels": "3", "addr:street": "улица Верещагина", "addr:housenumber": "2В", "addr:city": "Светлогорск" }, "geometry": { "type": "MultiPolygon", "coordinates": [ [ [ [ 20.1650819, 54.9436283 ], [ 20.1650808, 54.9435654 ], [ 20.1650571, 54.9435654 ], [ 20.1650568, 54.9435258 ], [ 20.1651559, 54.9435246 ], [ 20.1651594, 54.9435215 ], [ 20.1651727, 54.9435166 ], [ 20.1651816, 54.9435156 ], [ 20.1651925, 54.9435158 ], [ 20.1652052, 54.9435189 ], [ 20.1652131, 54.943523 ], [ 20.1652171, 54.9435277 ], [ 20.1652187, 54.9435333 ], [ 20.1652181, 54.943546 ], [ 20.1652198, 54.9436112 ], [ 20.1652342, 54.9436273 ], [ 20.1651883, 54.9436279 ], [ 20.1651738, 54.943633 ], [ 20.1651574, 54.9436346 ], [ 20.1651404, 54.943633 ], [ 20.1651262, 54.9436283 ], [ 20.1650819, 54.9436283 ] ] ] ] } },
{ "type": "Feature", "properties": { "full_id": "w185249809", "osm_id": "185249809", "osm_type": "way", "building": "detached", "height": null, "roof:levels": null, "industrial": null, "source:addr": null, "addr:postcode": "238560", "tourism": null, "name": null, "roof:shape": "many", "start_date": null, "building:levels": "2", "addr:street": "улица Ленина", "addr:housenumber": "8Б", "addr:city": "Светлогорск" }, "geometry": { "type": "MultiPolygon", "coordinates": [ [ [ [ 20.1590334, 54.943865 ], [ 20.1590956, 54.9439915 ], [ 20.1593261, 54.9439498 ], [ 20.159267, 54.9438268 ], [ 20.1590334, 54.943865 ] ] ] ] } },
{ "type": "Feature", "properties": { "full_id": "w185249813", "osm_id": "185249813", "osm_type": "way", "building": "yes", "height": null, "roof:levels": null, "industrial": null, "source:addr": null, "addr:postcode": null, "tourism": null, "name": null, "roof:shape": null, "start_date": null, "building:levels": "2", "addr:street": "переулок Верещагина", "addr:housenumber": "2", "addr:city": "Светлогорск" }, "geometry": { "type": "MultiPolygon", "coordinates": [ [ [ [ 20.1649671, 54.943716 ], [ 20.1649558, 54.9438261 ], [ 20.1651336, 54.9438321 ], [ 20.1651448, 54.9437221 ], [ 20.1649671, 54.943716 ] ] ] ] } },
{ "type": "Feature", "properties": { "full_id": "w185249816", "osm_id": "185249816", "osm_type": "way", "building": "yes", "height": null, "roof:levels": null, "industrial": null, "source:addr": null, "addr:postcode": null, "tourism": null, "name": null, "roof:shape": null, "start_date": null, "building:levels": null, "addr:street": null, "addr:housenumber": null, "addr:city": null }, "geometry": { "type": "MultiPolygon", "coordinates": [ [ [ [ 20.1615217, 54.9438921 ], [ 20.1615377, 54.9439364 ], [ 20.1615103, 54.9439413 ], [ 20.1615219, 54.9439686 ], [ 20.1615474, 54.9439649 ], [ 20.1615589, 54.9439975 ], [ 20.1617742, 54.9439735 ], [ 20.1617635, 54.9439409 ], [ 20.1618328, 54.9439315 ], [ 20.1618161, 54.9438862 ], [ 20.161745, 54.9438962 ], [ 20.161731, 54.9438643 ], [ 20.1615217, 54.9438921 ] ] ] ] } },
{ "type": "Feature", "properties": { "full_id": "w185249822", "osm_id": "185249822", "osm_type": "way", "building": "yes", "height": null, "roof:levels": null, "industrial": null, "source:addr": null, "addr:postcode": null, "tourism": null, "name": null, "roof:shape": null, "start_date": null, "building:levels": null, "addr:street": "переулок Баха", "addr:housenumber": "2В", "addr:city": "Светлогорск" }, "geometry": { "type": "MultiPolygon", "coordinates": [ [ [ [ 20.1648883, 54.9422782 ], [ 20.1649862, 54.9423759 ], [ 20.1651491, 54.9423198 ], [ 20.1650559, 54.942222 ], [ 20.1648883, 54.9422782 ] ] ] ] } },
{ "type": "Feature", "properties": { "full_id": "w185249824", "osm_id": "185249824", "osm_type": "way", "building": "yes", "height": null, "roof:levels": null, "industrial": null, "source:addr": null, "addr:postcode": null, "tourism": null, "name": null, "roof:shape": null, "start_date": null, "building:levels": "1", "addr:street": "улица Верещагина", "addr:housenumber": "5", "addr:city": "Светлогорск" }, "geometry": { "type": "MultiPolygon", "coordinates": [ [ [ [ 20.164483, 54.9450087 ], [ 20.1646521, 54.9450037 ], [ 20.1646444, 54.9449029 ], [ 20.164471, 54.9449066 ], [ 20.164483, 54.9450087 ] ] ] ] } },
{ "type": "Feature", "properties": { "full_id": "w185249835", "osm_id": "185249835", "osm_type": "way", "building": "yes", "height": null, "roof:levels": null, "industrial": null, "source:addr": null, "addr:postcode": null, "tourism": null, "name": null, "roof:shape": null, "start_date": null, "building:levels": null, "addr:street": "переулок Верещагина", "addr:housenumber": "3", "addr:city": "Светлогорск" }, "geometry": { "type": "MultiPolygon", "coordinates": [ [ [ [ 20.1656907, 54.9440645 ], [ 20.1656854, 54.9439804 ], [ 20.1655184, 54.9439838 ], [ 20.1655236, 54.9440679 ], [ 20.1656907, 54.9440645 ] ] ] ] } },
{ "type": "Feature", "properties": { "full_id": "w185249844", "osm_id": "185249844", "osm_type": "way", "building": "yes", "height": null, "roof:levels": null, "industrial": null, "source:addr": null, "addr:postcode": null, "tourism": null, "name": null, "roof:shape": null, "start_date": null, "building:levels": null, "addr:street": "переулок Баха", "addr:housenumber": "4А", "addr:city": "Светлогорск" }, "geometry": { "type": "MultiPolygon", "coordinates": [ [ [ [ 20.1643804, 54.9424676 ], [ 20.1645213, 54.9424257 ], [ 20.1644452, 54.9423411 ], [ 20.1643042, 54.942383 ], [ 20.1643804, 54.9424676 ] ] ] ] } },
{ "type": "Feature", "properties": { "full_id": "w185249847", "osm_id": "185249847", "osm_type": "way", "building": "yes", "height": null, "roof:levels": null, "industrial": null, "source:addr": null, "addr:postcode": null, "tourism": null, "name": null, "roof:shape": null, "start_date": null, "building:levels": "5", "addr:street": "улица Ленина", "addr:housenumber": "7А", "addr:city": "Светлогорск" }, "geometry": { "type": "MultiPolygon", "coordinates": [ [ [ [ 20.1638328, 54.9438697 ], [ 20.1638216, 54.9436789 ], [ 20.1640336, 54.9436748 ], [ 20.1640988, 54.9436738 ], [ 20.1641863, 54.9436724 ], [ 20.1641989, 54.9438626 ], [ 20.1638328, 54.9438697 ] ] ] ] } },
{ "type": "Feature", "properties": { "full_id": "w200392457", "osm_id": "200392457", "osm_type": "way", "building": "yes", "height": null, "roof:levels": null, "industrial": null, "source:addr": null, "addr:postcode": null, "tourism": null, "name": "Органный зал", "roof:shape": null, "start_date": null, "building:levels": null, "addr:street": "Курортная улица", "addr:housenumber": "3", "addr:city": "Светлогорск" }, "geometry": { "type": "MultiPolygon", "coordinates": [ [ [ [ 20.1582039, 54.9430631 ], [ 20.1582037, 54.9430458 ], [ 20.1582028, 54.9429455 ], [ 20.1580249, 54.942946 ], [ 20.1580242, 54.9428799 ], [ 20.1582021, 54.9428793 ], [ 20.1583853, 54.9428787 ], [ 20.1583869, 54.9430452 ], [ 20.1583871, 54.9430625 ], [ 20.1583027, 54.9430628 ], [ 20.1582039, 54.9430631 ] ] ] ] } },
{ "type": "Feature", "properties": { "full_id": "w216368628", "osm_id": "216368628", "osm_type": "way", "building": "detached", "height": null, "roof:levels": null, "industrial": null, "source:addr": null, "addr:postcode": null, "tourism": null, "name": null, "roof:shape": null, "start_date": null, "building:levels": "2", "addr:street": "улица Гагарина", "addr:housenumber": "19", "addr:city": "Светлогорск" }, "geometry": { "type": "MultiPolygon", "coordinates": [ [ [ [ 20.1586824, 54.9419186 ], [ 20.158701, 54.9419462 ], [ 20.1586656, 54.9419541 ], [ 20.1587094, 54.9420192 ], [ 20.1587448, 54.9420113 ], [ 20.1587921, 54.9420814 ], [ 20.1588855, 54.9420606 ], [ 20.1588559, 54.9420167 ], [ 20.1588886, 54.9420094 ], [ 20.158912, 54.9420441 ], [ 20.1589531, 54.9420349 ], [ 20.1589297, 54.9420003 ], [ 20.1589549, 54.9419947 ], [ 20.1588748, 54.9418758 ], [ 20.1586824, 54.9419186 ] ] ] ] } },
{ "type": "Feature", "properties": { "full_id": "w220328254", "osm_id": "220328254", "osm_type": "way", "building": "yes", "height": null, "roof:levels": null, "industrial": null, "source:addr": null, "addr:postcode": null, "tourism": null, "name": null, "roof:shape": null, "start_date": null, "building:levels": null, "addr:street": "улица Ленина", "addr:housenumber": "1А", "addr:city": "Светлогорск" }, "geometry": { "type": "MultiPolygon", "coordinates": [ [ [ [ 20.1657453, 54.9431359 ], [ 20.165718, 54.9430361 ], [ 20.1655479, 54.9430556 ], [ 20.1655763, 54.9431526 ], [ 20.1657453, 54.9431359 ] ] ] ] } },
{ "type": "Feature", "properties": { "full_id": "w220328255", "osm_id": "220328255", "osm_type": "way", "building": "yes", "height": null, "roof:levels": null, "industrial": null, "source:addr": null, "addr:postcode": null, "tourism": null, "name": null, "roof:shape": null, "start_date": null, "building:levels": "2", "addr:street": "переулок Баха", "addr:housenumber": "2", "addr:city": "Светлогорск" }, "geometry": { "type": "MultiPolygon", "coordinates": [ [ [ [ 20.1647267, 54.9428992 ], [ 20.164804, 54.9429995 ], [ 20.1649853, 54.9429534 ], [ 20.1649136, 54.9428545 ], [ 20.1647267, 54.9428992 ] ] ] ] } },
{ "type": "Feature", "properties": { "full_id": "w220328265", "osm_id": "220328265", "osm_type": "way", "building": "house", "height": null, "roof:levels": null, "industrial": null, "source:addr": "ЕГРН", "addr:postcode": null, "tourism": null, "name": null, "roof:shape": null, "start_date": "1998", "building:levels": "2", "addr:street": "улица Ленина", "addr:housenumber": "3", "addr:city": "Светлогорск" }, "geometry": { "type": "MultiPolygon", "coordinates": [ [ [ [ 20.1649786, 54.9432279 ], [ 20.1651247, 54.9432251 ], [ 20.1651265, 54.9432617 ], [ 20.165161, 54.9432612 ], [ 20.1651621, 54.9432865 ], [ 20.1651677, 54.9432863 ], [ 20.1651717, 54.9432874 ], [ 20.1651748, 54.9432899 ], [ 20.1651751, 54.9432906 ], [ 20.1651747, 54.9432925 ], [ 20.1651728, 54.9432949 ], [ 20.1651786, 54.9432979 ], [ 20.1651672, 54.9433064 ], [ 20.1651568, 54.9433118 ], [ 20.165142, 54.9433186 ], [ 20.1651402, 54.9433177 ], [ 20.1651378, 54.9433185 ], [ 20.1651348, 54.9433189 ], [ 20.1651313, 54.9433183 ], [ 20.1651284, 54.9433163 ], [ 20.1651276, 54.9433125 ], [ 20.1650269, 54.9433134 ], [ 20.1650261, 54.9432892 ], [ 20.1650159, 54.9432892 ], [ 20.1649804, 54.9432648 ], [ 20.1649786, 54.9432279 ] ] ] ] } },
{ "type": "Feature", "properties": { "full_id": "w220328269", "osm_id": "220328269", "osm_type": "way", "building": "yes", "height": null, "roof:levels": null, "industrial": null, "source:addr": null, "addr:postcode": null, "tourism": null, "name": null, "roof:shape": null, "start_date": null, "building:levels": null, "addr:street": "улица Ленина", "addr:housenumber": "1В", "addr:city": "Светлогорск" }, "geometry": { "type": "MultiPolygon", "coordinates": [ [ [ [ 20.1655423, 54.943318 ], [ 20.1655644, 54.9433805 ], [ 20.1656006, 54.9433892 ], [ 20.1657374, 54.943372 ], [ 20.1656908, 54.9432601 ], [ 20.1655724, 54.9432769 ], [ 20.1655884, 54.9433113 ], [ 20.1655423, 54.943318 ] ] ] ] } },
{ "type": "Feature", "properties": { "full_id": "w241072629", "osm_id": "241072629", "osm_type": "way", "building": "chapel", "height": null, "roof:levels": null, "industrial": null, "source:addr": null, "addr:postcode": null, "tourism": null, "name": "Церковь иконы Божией Матери «Всех скорбящих Радость»", "roof:shape": "many", "start_date": "1994", "building:levels": "3", "addr:street": "улица Ленина", "addr:housenumber": "5", "addr:city": null }, "geometry": { "type": "MultiPolygon", "coordinates": [ [ [ [ 20.1623863, 54.9438678 ], [ 20.1623853, 54.9438741 ], [ 20.1623815, 54.9438973 ], [ 20.1623517, 54.943906 ], [ 20.1623452, 54.9439194 ], [ 20.1623446, 54.9439349 ], [ 20.1623579, 54.9439485 ], [ 20.1623857, 54.9439599 ], [ 20.1624286, 54.9439622 ], [ 20.1624676, 54.9439561 ], [ 20.1624868, 54.9439487 ], [ 20.162504, 54.9439388 ], [ 20.1625101, 54.9439278 ], [ 20.1625056, 54.943903 ], [ 20.1625215, 54.9438913 ], [ 20.1625433, 54.9438853 ], [ 20.162548, 54.9438744 ], [ 20.1625499, 54.9438617 ], [ 20.1625404, 54.9438504 ], [ 20.1625114, 54.9438385 ], [ 20.1624237, 54.9438366 ], [ 20.1623914, 54.9438375 ], [ 20.1623766, 54.9438479 ], [ 20.1623772, 54.9438586 ], [ 20.1623863, 54.9438678 ] ] ] ] } },
{ "type": "Feature", "properties": { "full_id": "w313509777", "osm_id": "313509777", "osm_type": "way", "building": "detached", "height": null, "roof:levels": null, "industrial": null, "source:addr": null, "addr:postcode": null, "tourism": null, "name": null, "roof:shape": null, "start_date": null, "building:levels": "3", "addr:street": "улица Верещагина", "addr:housenumber": "2", "addr:city": "Светлогорск" }, "geometry": { "type": "MultiPolygon", "coordinates": [ [ [ [ 20.1650326, 54.9439485 ], [ 20.1650504, 54.9441247 ], [ 20.1652516, 54.944118 ], [ 20.1652338, 54.9439418 ], [ 20.1650326, 54.9439485 ] ] ] ] } },
{ "type": "Feature", "properties": { "full_id": "w313509779", "osm_id": "313509779", "osm_type": "way", "building": "yes", "height": null, "roof:levels": null, "industrial": null, "source:addr": null, "addr:postcode": null, "tourism": null, "name": null, "roof:shape": null, "start_date": null, "building:levels": "4", "addr:street": "улица Верещагина", "addr:housenumber": "1А", "addr:city": "Светлогорск" }, "geometry": { "type": "MultiPolygon", "coordinates": [ [ [ [ 20.1644238, 54.9440927 ], [ 20.1644104, 54.9439602 ], [ 20.1642313, 54.9439662 ], [ 20.1642447, 54.9440986 ], [ 20.1644238, 54.9440927 ] ] ] ] } },
{ "type": "Feature", "properties": { "full_id": "w313509780", "osm_id": "313509780", "osm_type": "way", "building": "detached", "height": null, "roof:levels": null, "industrial": null, "source:addr": null, "addr:postcode": null, "tourism": null, "name": null, "roof:shape": null, "start_date": null, "building:levels": "3", "addr:street": "улица Верещагина", "addr:housenumber": "2А", "addr:city": "Светлогорск" }, "geometry": { "type": "MultiPolygon", "coordinates": [ [ [ [ 20.1652929, 54.9441884 ], [ 20.165033, 54.9441971 ], [ 20.165044, 54.9443067 ], [ 20.1653039, 54.944298 ], [ 20.1652929, 54.9441884 ] ] ] ] } },
{ "type": "Feature", "properties": { "full_id": "w313509782", "osm_id": "313509782", "osm_type": "way", "building": "yes", "height": null, "roof:levels": null, "industrial": null, "source:addr": null, "addr:postcode": null, "tourism": null, "name": null, "roof:shape": null, "start_date": null, "building:levels": null, "addr:street": null, "addr:housenumber": null, "addr:city": null }, "geometry": { "type": "MultiPolygon", "coordinates": [ [ [ [ 20.1655952, 54.9446529 ], [ 20.1657352, 54.9446492 ], [ 20.1657295, 54.9445797 ], [ 20.1655895, 54.9445835 ], [ 20.1655952, 54.9446529 ] ] ] ] } },
{ "type": "Feature", "properties": { "full_id": "w313509923", "osm_id": "313509923", "osm_type": "way", "building": "yes", "height": null, "roof:levels": null, "industrial": null, "source:addr": null, "addr:postcode": null, "tourism": null, "name": null, "roof:shape": null, "start_date": null, "building:levels": null, "addr:street": "переулок Баха", "addr:housenumber": "2Б", "addr:city": "Светлогорск" }, "geometry": { "type": "MultiPolygon", "coordinates": [ [ [ [ 20.1656356, 54.9422609 ], [ 20.1655701, 54.9421048 ], [ 20.1653837, 54.9421305 ], [ 20.1654492, 54.9422867 ], [ 20.1656356, 54.9422609 ] ] ] ] } },
{ "type": "Feature", "properties": { "full_id": "w313509926", "osm_id": "313509926", "osm_type": "way", "building": "yes", "height": null, "roof:levels": null, "industrial": null, "source:addr": null, "addr:postcode": null, "tourism": null, "name": null, "roof:shape": null, "start_date": null, "building:levels": null, "addr:street": "улица Баха", "addr:housenumber": "6", "addr:city": "Светлогорск" }, "geometry": { "type": "MultiPolygon", "coordinates": [ [ [ [ 20.1651343, 54.9417719 ], [ 20.1649418, 54.9418184 ], [ 20.1650573, 54.9419763 ], [ 20.1652498, 54.9419298 ], [ 20.1651343, 54.9417719 ] ] ] ] } },
{ "type": "Feature", "properties": { "full_id": "w313509928", "osm_id": "313509928", "osm_type": "way", "building": "yes", "height": null, "roof:levels": null, "industrial": null, "source:addr": null, "addr:postcode": null, "tourism": null, "name": null, "roof:shape": null, "start_date": null, "building:levels": null, "addr:street": null, "addr:housenumber": null, "addr:city": null }, "geometry": { "type": "MultiPolygon", "coordinates": [ [ [ [ 20.1637936, 54.9427962 ], [ 20.1637425, 54.9427375 ], [ 20.1636129, 54.9427747 ], [ 20.1636639, 54.9428334 ], [ 20.1637936, 54.9427962 ] ] ] ] } },
{ "type": "Feature", "properties": { "full_id": "w313509929", "osm_id": "313509929", "osm_type": "way", "building": "yes", "height": null, "roof:levels": null, "industrial": null, "source:addr": null, "addr:postcode": null, "tourism": null, "name": null, "roof:shape": null, "start_date": null, "building:levels": null, "addr:street": "переулок Баха", "addr:housenumber": "4", "addr:city": "Светлогорск" }, "geometry": { "type": "MultiPolygon", "coordinates": [ [ [ [ 20.1643414, 54.9419626 ], [ 20.1644176, 54.9420685 ], [ 20.1645751, 54.9420311 ], [ 20.1644989, 54.9419252 ], [ 20.1643414, 54.9419626 ] ] ] ] } },
{ "type": "Feature", "properties": { "full_id": "w313509930", "osm_id": "313509930", "osm_type": "way", "building": "yes", "height": null, "roof:levels": null, "industrial": null, "source:addr": null, "addr:postcode": null, "tourism": null, "name": null, "roof:shape": null, "start_date": null, "building:levels": null, "addr:street": "улица Баха", "addr:housenumber": "2А", "addr:city": "Светлогорск" }, "geometry": { "type": "MultiPolygon", "coordinates": [ [ [ [ 20.1635304, 54.9416487 ], [ 20.1633608, 54.9416965 ], [ 20.1634639, 54.9418172 ], [ 20.1636334, 54.9417695 ], [ 20.1635304, 54.9416487 ] ] ] ] } },
{ "type": "Feature", "properties": { "full_id": "w313509931", "osm_id": "313509931", "osm_type": "way", "building": "yes", "height": null, "roof:levels": null, "industrial": null, "source:addr": null, "addr:postcode": null, "tourism": null, "name": null, "roof:shape": null, "start_date": null, "building:levels": null, "addr:street": "Садовая улица", "addr:housenumber": "8", "addr:city": "Светлогорск" }, "geometry": { "type": "MultiPolygon", "coordinates": [ [ [ [ 20.1615276, 54.9425207 ], [ 20.1615976, 54.9425911 ], [ 20.1618424, 54.9425164 ], [ 20.1617724, 54.9424461 ], [ 20.1615276, 54.9425207 ] ] ] ] } },
{ "type": "Feature", "properties": { "full_id": "w313509934", "osm_id": "313509934", "osm_type": "way", "building": "yes", "height": null, "roof:levels": null, "industrial": null, "source:addr": null, "addr:postcode": null, "tourism": null, "name": null, "roof:shape": null, "start_date": null, "building:levels": null, "addr:street": "улица Баха", "addr:housenumber": "6А", "addr:city": "Светлогорск" }, "geometry": { "type": "MultiPolygon", "coordinates": [ [ [ [ 20.1653902, 54.9418863 ], [ 20.1656024, 54.9418442 ], [ 20.1655302, 54.9417242 ], [ 20.165318, 54.9417663 ], [ 20.1653902, 54.9418863 ] ] ] ] } },
{ "type": "Feature", "properties": { "full_id": "w313509935", "osm_id": "313509935", "osm_type": "way", "building": "yes", "height": null, "roof:levels": null, "industrial": null, "source:addr": null, "addr:postcode": null, "tourism": null, "name": null, "roof:shape": null, "start_date": null, "building:levels": null, "addr:street": "улица Баха", "addr:housenumber": "4", "addr:city": "Светлогорск" }, "geometry": { "type": "MultiPolygon", "coordinates": [ [ [ [ 20.1642488, 54.9415772 ], [ 20.1641537, 54.9415784 ], [ 20.1641601, 54.9417377 ], [ 20.1642552, 54.9417364 ], [ 20.1642488, 54.9415772 ] ] ] ] } },
{ "type": "Feature", "properties": { "full_id": "w313509936", "osm_id": "313509936", "osm_type": "way", "building": "yes", "height": null, "roof:levels": null, "industrial": null, "source:addr": null, "addr:postcode": null, "tourism": null, "name": null, "roof:shape": null, "start_date": null, "building:levels": null, "addr:street": null, "addr:housenumber": null, "addr:city": null }, "geometry": { "type": "MultiPolygon", "coordinates": [ [ [ [ 20.1643983, 54.9428236 ], [ 20.1643125, 54.9427076 ], [ 20.164043, 54.9427735 ], [ 20.1641289, 54.9428894 ], [ 20.1643983, 54.9428236 ] ] ] ] } },
{ "type": "Feature", "properties": { "full_id": "w313509937", "osm_id": "313509937", "osm_type": "way", "building": "yes", "height": null, "roof:levels": null, "industrial": null, "source:addr": null, "addr:postcode": null, "tourism": null, "name": null, "roof:shape": null, "start_date": null, "building:levels": null, "addr:street": "Садовая улица", "addr:housenumber": "6А", "addr:city": "Светлогорск" }, "geometry": { "type": "MultiPolygon", "coordinates": [ [ [ [ 20.161131, 54.9420896 ], [ 20.160664, 54.9422024 ], [ 20.1607862, 54.9423694 ], [ 20.1612532, 54.9422567 ], [ 20.161131, 54.9420896 ] ] ] ] } },
{ "type": "Feature", "properties": { "full_id": "w313509938", "osm_id": "313509938", "osm_type": "way", "building": "yes", "height": null, "roof:levels": null, "industrial": null, "source:addr": null, "addr:postcode": null, "tourism": null, "name": null, "roof:shape": null, "start_date": null, "building:levels": null, "addr:street": "Садовая улица", "addr:housenumber": "10А", "addr:city": "Светлогорск" }, "geometry": { "type": "MultiPolygon", "coordinates": [ [ [ [ 20.1604445, 54.9428527 ], [ 20.1606688, 54.942874 ], [ 20.1607183, 54.9427022 ], [ 20.1606294, 54.9426938 ], [ 20.1605545, 54.9426866 ], [ 20.160494, 54.9426809 ], [ 20.1604445, 54.9428527 ] ] ] ] } },
{ "type": "Feature", "properties": { "full_id": "w313509939", "osm_id": "313509939", "osm_type": "way", "building": "yes", "height": null, "roof:levels": null, "industrial": null, "source:addr": null, "addr:postcode": null, "tourism": null, "name": null, "roof:shape": null, "start_date": null, "building:levels": null, "addr:street": null, "addr:housenumber": null, "addr:city": null }, "geometry": { "type": "MultiPolygon", "coordinates": [ [ [ [ 20.1617117, 54.9419098 ], [ 20.1619267, 54.9418438 ], [ 20.1618347, 54.9417448 ], [ 20.1616196, 54.9418107 ], [ 20.1617117, 54.9419098 ] ] ] ] } },
{ "type": "Feature", "properties": { "full_id": "w313509940", "osm_id": "313509940", "osm_type": "way", "building": "yes", "height": null, "roof:levels": null, "industrial": null, "source:addr": null, "addr:postcode": null, "tourism": null, "name": null, "roof:shape": null, "start_date": null, "building:levels": null, "addr:street": "переулок Баха", "addr:housenumber": "8", "addr:city": "Светлогорск" }, "geometry": { "type": "MultiPolygon", "coordinates": [ [ [ [ 20.1641297, 54.9420842 ], [ 20.1640885, 54.9419561 ], [ 20.1639168, 54.9419744 ], [ 20.163958, 54.9421024 ], [ 20.1641297, 54.9420842 ] ] ] ] } },
{ "type": "Feature", "properties": { "full_id": "w313510012", "osm_id": "313510012", "osm_type": "way", "building": "yes", "height": null, "roof:levels": null, "industrial": null, "source:addr": null, "addr:postcode": null, "tourism": null, "name": null, "roof:shape": null, "start_date": null, "building:levels": null, "addr:street": "улица Ленина", "addr:housenumber": "6В", "addr:city": "Светлогорск" }, "geometry": { "type": "MultiPolygon", "coordinates": [ [ [ [ 20.1613693, 54.9428546 ], [ 20.1614415, 54.9429478 ], [ 20.1615241, 54.9429277 ], [ 20.161558, 54.942966 ], [ 20.1616378, 54.9429475 ], [ 20.161675, 54.9429877 ], [ 20.1617565, 54.9429676 ], [ 20.1618169, 54.943036 ], [ 20.1618987, 54.9430147 ], [ 20.1619326, 54.9430577 ], [ 20.1620119, 54.9430379 ], [ 20.1620431, 54.9430781 ], [ 20.1621295, 54.9430577 ], [ 20.1621595, 54.9431017 ], [ 20.1623296, 54.9430632 ], [ 20.1622596, 54.9429805 ], [ 20.162177, 54.9430028 ], [ 20.162142, 54.9429604 ], [ 20.1620655, 54.9429811 ], [ 20.1620294, 54.9429381 ], [ 20.1619506, 54.9429604 ], [ 20.1619135, 54.9429164 ], [ 20.1618087, 54.9429444 ], [ 20.1617379, 54.942869 ], [ 20.1616625, 54.9428875 ], [ 20.1616269, 54.9428492 ], [ 20.161546, 54.9428693 ], [ 20.1615071, 54.9428203 ], [ 20.1613693, 54.9428546 ] ] ] ] } },
{ "type": "Feature", "properties": { "full_id": "w313510013", "osm_id": "313510013", "osm_type": "way", "building": "yes", "height": null, "roof:levels": null, "industrial": null, "source:addr": null, "addr:postcode": null, "tourism": null, "name": null, "roof:shape": null, "start_date": null, "building:levels": null, "addr:street": "улица Ленина", "addr:housenumber": "8А", "addr:city": "Светлогорск" }, "geometry": { "type": "MultiPolygon", "coordinates": [ [ [ [ 20.162232, 54.9432757 ], [ 20.1619728, 54.9433083 ], [ 20.1620338, 54.9434681 ], [ 20.162293, 54.9434354 ], [ 20.162232, 54.9432757 ] ] ] ] } },
{ "type": "Feature", "properties": { "full_id": "w313510014", "osm_id": "313510014", "osm_type": "way", "building": "detached", "height": null, "roof:levels": "1", "industrial": null, "source:addr": null, "addr:postcode": "238560", "tourism": null, "name": null, "roof:shape": "gabled", "start_date": null, "building:levels": "1", "addr:street": "улица Гагарина", "addr:housenumber": "25", "addr:city": "Светлогорск" }, "geometry": { "type": "MultiPolygon", "coordinates": [ [ [ [ 20.1597713, 54.9432036 ], [ 20.1596167, 54.943232 ], [ 20.1596681, 54.9433243 ], [ 20.1598227, 54.9432959 ], [ 20.1597713, 54.9432036 ] ] ] ] } },
{ "type": "Feature", "properties": { "full_id": "w313510015", "osm_id": "313510015", "osm_type": "way", "building": "yes", "height": null, "roof:levels": null, "industrial": null, "source:addr": null, "addr:postcode": null, "tourism": null, "name": null, "roof:shape": null, "start_date": null, "building:levels": "2", "addr:street": null, "addr:housenumber": null, "addr:city": null }, "geometry": { "type": "MultiPolygon", "coordinates": [ [ [ [ 20.1629513, 54.9429367 ], [ 20.1627648, 54.9429902 ], [ 20.1628383, 54.9430746 ], [ 20.1630248, 54.9430211 ], [ 20.1629513, 54.9429367 ] ] ] ] } },
{ "type": "Feature", "properties": { "full_id": "w313510017", "osm_id": "313510017", "osm_type": "way", "building": "yes", "height": null, "roof:levels": null, "industrial": null, "source:addr": null, "addr:postcode": null, "tourism": null, "name": null, "roof:shape": null, "start_date": null, "building:levels": null, "addr:street": null, "addr:housenumber": null, "addr:city": null }, "geometry": { "type": "MultiPolygon", "coordinates": [ [ [ [ 20.1625283, 54.943322 ], [ 20.1624129, 54.9433333 ], [ 20.1624284, 54.9433853 ], [ 20.1625438, 54.943374 ], [ 20.1625283, 54.943322 ] ] ] ] } },
{ "type": "Feature", "properties": { "full_id": "w313510018", "osm_id": "313510018", "osm_type": "way", "building": "yes", "height": null, "roof:levels": null, "industrial": null, "source:addr": null, "addr:postcode": null, "tourism": null, "name": null, "roof:shape": null, "start_date": null, "building:levels": null, "addr:street": "Садовая улица", "addr:housenumber": "4А", "addr:city": "Светлогорск" }, "geometry": { "type": "MultiPolygon", "coordinates": [ [ [ [ 20.1600007, 54.9424446 ], [ 20.1600147, 54.9424602 ], [ 20.1599433, 54.9424815 ], [ 20.1599776, 54.9425194 ], [ 20.1599215, 54.9425362 ], [ 20.1599812, 54.9426022 ], [ 20.1600407, 54.9425844 ], [ 20.1600642, 54.9426105 ], [ 20.1601341, 54.9425897 ], [ 20.1601106, 54.9425636 ], [ 20.1601393, 54.9425551 ], [ 20.1601606, 54.9425786 ], [ 20.1602506, 54.9425518 ], [ 20.1602384, 54.9425384 ], [ 20.1603185, 54.9425145 ], [ 20.1602197, 54.9424051 ], [ 20.1601423, 54.9424281 ], [ 20.160124, 54.9424078 ], [ 20.1600007, 54.9424446 ] ] ] ] } },
{ "type": "Feature", "properties": { "full_id": "w313510019", "osm_id": "313510019", "osm_type": "way", "building": "yes", "height": null, "roof:levels": null, "industrial": null, "source:addr": null, "addr:postcode": null, "tourism": null, "name": null, "roof:shape": null, "start_date": null, "building:levels": null, "addr:street": "улица Гагарина", "addr:housenumber": "23", "addr:city": "Светлогорск" }, "geometry": { "type": "MultiPolygon", "coordinates": [ [ [ [ 20.1596214, 54.9429692 ], [ 20.15957, 54.9428844 ], [ 20.159403, 54.9429178 ], [ 20.1594544, 54.9430026 ], [ 20.1596214, 54.9429692 ] ] ] ] } },
{ "type": "Feature", "properties": { "full_id": "w313510020", "osm_id": "313510020", "osm_type": "way", "building": "yes", "height": null, "roof:levels": null, "industrial": null, "source:addr": null, "addr:postcode": "238560", "tourism": null, "name": null, "roof:shape": null, "start_date": null, "building:levels": null, "addr:street": "улица Ленина", "addr:housenumber": "12А", "addr:city": "Светлогорск" }, "geometry": { "type": "MultiPolygon", "coordinates": [ [ [ [ 20.160445, 54.9435227 ], [ 20.1602755, 54.9435497 ], [ 20.1603272, 54.9436567 ], [ 20.1604967, 54.9436297 ], [ 20.160445, 54.9435227 ] ] ] ] } },
{ "type": "Feature", "properties": { "full_id": "w313510021", "osm_id": "313510021", "osm_type": "way", "building": "yes", "height": null, "roof:levels": null, "industrial": null, "source:addr": null, "addr:postcode": null, "tourism": null, "name": null, "roof:shape": null, "start_date": null, "building:levels": "2", "addr:street": "улица Штрауса", "addr:housenumber": "16", "addr:city": "Светлогорск" }, "geometry": { "type": "MultiPolygon", "coordinates": [ [ [ [ 20.1627648, 54.9429902 ], [ 20.1629513, 54.9429367 ], [ 20.16284, 54.9428126 ], [ 20.162652, 54.9428674 ], [ 20.1627648, 54.9429902 ] ] ] ] } },
{ "type": "Feature", "properties": { "full_id": "w313510022", "osm_id": "313510022", "osm_type": "way", "building": "yes", "height": null, "roof:levels": null, "industrial": null, "source:addr": null, "addr:postcode": null, "tourism": null, "name": null, "roof:shape": null, "start_date": null, "building:levels": null, "addr:street": null, "addr:housenumber": null, "addr:city": null }, "geometry": { "type": "MultiPolygon", "coordinates": [ [ [ [ 20.1628547, 54.943326 ], [ 20.1627224, 54.9433513 ], [ 20.1627756, 54.943443 ], [ 20.1629079, 54.9434177 ], [ 20.1628547, 54.943326 ] ] ] ] } },
{ "type": "Feature", "properties": { "full_id": "w313510078", "osm_id": "313510078", "osm_type": "way", "building": "detached", "height": null, "roof:levels": null, "industrial": null, "source:addr": null, "addr:postcode": null, "tourism": null, "name": null, "roof:shape": "half-hipped", "start_date": null, "building:levels": "2", "addr:street": "Садовая улица", "addr:housenumber": "3", "addr:city": "Светлогорск" }, "geometry": { "type": "MultiPolygon", "coordinates": [ [ [ [ 20.1579457, 54.9421517 ], [ 20.1580003, 54.9422491 ], [ 20.1582096, 54.9422127 ], [ 20.1581992, 54.9421951 ], [ 20.1582967, 54.9421777 ], [ 20.1582262, 54.9420652 ], [ 20.1580696, 54.9420977 ], [ 20.1580882, 54.9421247 ], [ 20.1579457, 54.9421517 ] ] ] ] } },
{ "type": "Feature", "properties": { "full_id": "w313515266", "osm_id": "313515266", "osm_type": "way", "building": "yes", "height": null, "roof:levels": null, "industrial": null, "source:addr": null, "addr:postcode": null, "tourism": null, "name": null, "roof:shape": null, "start_date": null, "building:levels": null, "addr:street": "переулок Баха", "addr:housenumber": "1", "addr:city": "Светлогорск" }, "geometry": { "type": "MultiPolygon", "coordinates": [ [ [ [ 20.1651116, 54.9424051 ], [ 20.1649942, 54.9424386 ], [ 20.1650674, 54.9425234 ], [ 20.1651849, 54.94249 ], [ 20.1651116, 54.9424051 ] ] ] ] } },
{ "type": "Feature", "properties": { "full_id": "w350404478", "osm_id": "350404478", "osm_type": "way", "building": "yes", "height": null, "roof:levels": null, "industrial": null, "source:addr": null, "addr:postcode": "238560", "tourism": null, "name": "\"Янтарь - холл\"", "roof:shape": null, "start_date": "2015", "building:levels": "3", "addr:street": "улица Ленина", "addr:housenumber": "11", "addr:city": "Светлогорск" }, "geometry": { "type": "MultiPolygon", "coordinates": [ [ [ [ 20.1592675, 54.946181 ], [ 20.1589735, 54.9460189 ], [ 20.1589524, 54.9460294 ], [ 20.1589494, 54.9460305 ], [ 20.1589259, 54.9460041 ], [ 20.1589123, 54.9459892 ], [ 20.1588913, 54.9459664 ], [ 20.1589111, 54.9459439 ], [ 20.1589035, 54.9459377 ], [ 20.1588948, 54.9459307 ], [ 20.1588842, 54.9459209 ], [ 20.1588746, 54.9459104 ], [ 20.1588496, 54.9458764 ], [ 20.1588456, 54.9458682 ], [ 20.1588429, 54.9458607 ], [ 20.1588399, 54.9458485 ], [ 20.1588383, 54.9458403 ], [ 20.1588379, 54.9458382 ], [ 20.1588366, 54.9458285 ], [ 20.158837, 54.9458067 ], [ 20.1588517, 54.9457609 ], [ 20.1588627, 54.9457269 ], [ 20.1588852, 54.9456514 ], [ 20.158681, 54.9456496 ], [ 20.1586808, 54.9456441 ], [ 20.158681, 54.9456395 ], [ 20.1586809, 54.9456328 ], [ 20.1586805, 54.9456261 ], [ 20.1586787, 54.9456199 ], [ 20.1586757, 54.9456136 ], [ 20.1586722, 54.9456074 ], [ 20.1586677, 54.9456016 ], [ 20.1586603, 54.9455944 ], [ 20.1586485, 54.9455856 ], [ 20.1586375, 54.9455791 ], [ 20.1586255, 54.9455734 ], [ 20.1586092, 54.9455674 ], [ 20.1585991, 54.945564 ], [ 20.1585886, 54.9455608 ], [ 20.1585669, 54.9455557 ], [ 20.1585443, 54.9455522 ], [ 20.1585345, 54.9455513 ], [ 20.1585211, 54.9455501 ], [ 20.1585056, 54.9455469 ], [ 20.1584915, 54.9455434 ], [ 20.1584788, 54.9455398 ], [ 20.1584578, 54.945533 ], [ 20.1584445, 54.9455281 ], [ 20.1584319, 54.9455225 ], [ 20.1584193, 54.9455159 ], [ 20.1584058, 54.945509 ], [ 20.158409, 54.9455068 ], [ 20.1584521, 54.9454771 ], [ 20.1584572, 54.9454744 ], [ 20.1584757, 54.9454821 ], [ 20.158505, 54.9454931 ], [ 20.1585447, 54.9455058 ], [ 20.158577, 54.9455138 ], [ 20.1585918, 54.9455166 ], [ 20.1585981, 54.9455025 ], [ 20.1585776, 54.9455 ], [ 20.1586068, 54.9454372 ], [ 20.1586459, 54.9453763 ], [ 20.1586821, 54.9453324 ], [ 20.1586758, 54.9453298 ], [ 20.1586675, 54.945326 ], [ 20.1586595, 54.9453212 ], [ 20.1586551, 54.9453173 ], [ 20.1586503, 54.9453118 ], [ 20.1586426, 54.9453 ], [ 20.1586326, 54.9452804 ], [ 20.1586249, 54.9452614 ], [ 20.1586218, 54.9452514 ], [ 20.1586187, 54.9452395 ], [ 20.1586158, 54.9452194 ], [ 20.1586154, 54.9452074 ], [ 20.1586157, 54.9451992 ], [ 20.1586167, 54.9451905 ], [ 20.1586182, 54.9451791 ], [ 20.1586202, 54.9451701 ], [ 20.1586232, 54.9451592 ], [ 20.1586308, 54.9451395 ], [ 20.1586345, 54.9451332 ], [ 20.1586391, 54.9451246 ], [ 20.158645, 54.9451158 ], [ 20.1586519, 54.9451058 ], [ 20.1586591, 54.945097 ], [ 20.1586699, 54.9450845 ], [ 20.1586844, 54.94507 ], [ 20.1586928, 54.9450631 ], [ 20.158704, 54.9450532 ], [ 20.1587125, 54.9450465 ], [ 20.1587256, 54.9450373 ], [ 20.1587526, 54.9450207 ], [ 20.1587787, 54.9450071 ], [ 20.1587902, 54.9450016 ], [ 20.1588064, 54.9449946 ], [ 20.1588187, 54.9449897 ], [ 20.1588355, 54.9449834 ], [ 20.1588486, 54.9449788 ], [ 20.1588646, 54.944974 ], [ 20.1588826, 54.9449688 ], [ 20.1588979, 54.944965 ], [ 20.1589155, 54.9449611 ], [ 20.1589307, 54.9449578 ], [ 20.1589644, 54.9449521 ], [ 20.1589757, 54.9449505 ], [ 20.1589941, 54.9449483 ], [ 20.1590133, 54.9449465 ], [ 20.1590288, 54.9449454 ], [ 20.159044, 54.9449445 ], [ 20.1590636, 54.9449441 ], [ 20.1590752, 54.9449442 ], [ 20.1590472, 54.9449415 ], [ 20.1590333, 54.9449409 ], [ 20.1589982, 54.9449404 ], [ 20.1589632, 54.9449418 ], [ 20.1589386, 54.9449438 ], [ 20.1589183, 54.9449461 ], [ 20.1588946, 54.9449498 ], [ 20.15888, 54.9449529 ], [ 20.1588616, 54.9449565 ], [ 20.1588297, 54.9449648 ], [ 20.1588047, 54.9449732 ], [ 20.1587937, 54.944978 ], [ 20.1587758, 54.9449846 ], [ 20.1587587, 54.9449916 ], [ 20.1587448, 54.944999 ], [ 20.1587227, 54.9450109 ], [ 20.1586988, 54.9450257 ], [ 20.1586883, 54.9450333 ], [ 20.1586769, 54.9450415 ], [ 20.1586633, 54.9450523 ], [ 20.1586543, 54.9450606 ], [ 20.1586437, 54.945071 ], [ 20.1586369, 54.9450781 ], [ 20.158625, 54.945092 ], [ 20.1586151, 54.9451046 ], [ 20.1586087, 54.9451151 ], [ 20.1586029, 54.9451242 ], [ 20.1586018, 54.945126 ], [ 20.158579, 54.945122 ], [ 20.1585708, 54.9451204 ], [ 20.1585765, 54.9451109 ], [ 20.1585823, 54.9451013 ], [ 20.1585937, 54.9450856 ], [ 20.1586017, 54.9450759 ], [ 20.1586119, 54.9450647 ], [ 20.1586297, 54.9450473 ], [ 20.1586444, 54.9450347 ], [ 20.1586519, 54.9450289 ], [ 20.1586734, 54.9450135 ], [ 20.1586972, 54.9449987 ], [ 20.1587185, 54.944987 ], [ 20.1587337, 54.9449793 ], [ 20.1587497, 54.944972 ], [ 20.1587783, 54.9449602 ], [ 20.1588042, 54.9449509 ], [ 20.1588242, 54.9449451 ], [ 20.1588445, 54.9449398 ], [ 20.1588682, 54.9449343 ], [ 20.1588896, 54.9449304 ], [ 20.1589067, 54.944928 ], [ 20.1589247, 54.9449255 ], [ 20.158941, 54.9449239 ], [ 20.1589595, 54.9449226 ], [ 20.1589823, 54.9449216 ], [ 20.1590001, 54.9449213 ], [ 20.1590263, 54.9449213 ], [ 20.1590489, 54.9449222 ], [ 20.1590635, 54.944923 ], [ 20.1590838, 54.9449248 ], [ 20.1590964, 54.9449262 ], [ 20.1591097, 54.9449281 ], [ 20.1591207, 54.94493 ], [ 20.1591378, 54.9449335 ], [ 20.1591542, 54.9449372 ], [ 20.1592069, 54.9449502 ], [ 20.1592494, 54.9449615 ], [ 20.1592497, 54.9449566 ], [ 20.1592506, 54.9449432 ], [ 20.1592526, 54.9449342 ], [ 20.1592539, 54.9449296 ], [ 20.1592564, 54.9449233 ], [ 20.1592599, 54.9449159 ], [ 20.1592641, 54.9449087 ], [ 20.1592859, 54.9448696 ], [ 20.1593032, 54.9448415 ], [ 20.1593186, 54.9448146 ], [ 20.1593276, 54.9447976 ], [ 20.1593384, 54.9447771 ], [ 20.1593477, 54.9447588 ], [ 20.1593556, 54.9447418 ], [ 20.1593632, 54.944723 ], [ 20.159371, 54.9447025 ], [ 20.1593772, 54.9446839 ], [ 20.1593819, 54.9446694 ], [ 20.1593895, 54.9446426 ], [ 20.1593958, 54.9446158 ], [ 20.159401, 54.9445885 ], [ 20.1594112, 54.9445892 ], [ 20.1594094, 54.9445991 ], [ 20.1595071, 54.944611 ], [ 20.1595164, 54.9446125 ], [ 20.1595468, 54.9446172 ], [ 20.1595561, 54.9446186 ], [ 20.1595568, 54.9446173 ], [ 20.1596463, 54.9446301 ], [ 20.1596445, 54.9446339 ], [ 20.1596479, 54.9446345 ], [ 20.1596928, 54.9446398 ], [ 20.1597037, 54.9446414 ], [ 20.1596986, 54.9446521 ], [ 20.1596928, 54.9446646 ], [ 20.1596869, 54.9446773 ], [ 20.1596832, 54.944685 ], [ 20.1596797, 54.9446934 ], [ 20.1596736, 54.9447088 ], [ 20.1596673, 54.9447247 ], [ 20.1596618, 54.9447388 ], [ 20.159658, 54.9447502 ], [ 20.1596532, 54.9447642 ], [ 20.1596488, 54.9447794 ], [ 20.1596453, 54.9447922 ], [ 20.1596414, 54.9448059 ], [ 20.1596384, 54.944818 ], [ 20.1596362, 54.9448279 ], [ 20.1596333, 54.9448417 ], [ 20.159632, 54.9448481 ], [ 20.1596292, 54.9448606 ], [ 20.1596275, 54.9448707 ], [ 20.1596254, 54.9448839 ], [ 20.1596229, 54.9448985 ], [ 20.159622, 54.9449046 ], [ 20.1596902, 54.9449067 ], [ 20.1597358, 54.9449094 ], [ 20.1597844, 54.9449137 ], [ 20.15982, 54.9449209 ], [ 20.1598549, 54.9449294 ], [ 20.1598759, 54.9449345 ], [ 20.1599068, 54.944945 ], [ 20.1599364, 54.9449566 ], [ 20.1599644, 54.9449689 ], [ 20.1599966, 54.9449865 ], [ 20.1600452, 54.9450198 ], [ 20.1600689, 54.9450389 ], [ 20.1601868, 54.9450513 ], [ 20.1602005, 54.9450544 ], [ 20.160197, 54.9450609 ], [ 20.1602078, 54.9450629 ], [ 20.16024, 54.9450709 ], [ 20.1602709, 54.9450805 ], [ 20.1603001, 54.9450916 ], [ 20.1603275, 54.9451042 ], [ 20.1603528, 54.9451181 ], [ 20.160376, 54.9451333 ], [ 20.1603948, 54.9451493 ], [ 20.1604133, 54.9451668 ], [ 20.1604282, 54.9451843 ], [ 20.1604345, 54.9451927 ], [ 20.1604427, 54.9452059 ], [ 20.1604517, 54.9452241 ], [ 20.1604583, 54.945244 ], [ 20.1604608, 54.9452589 ], [ 20.1604596, 54.9452859 ], [ 20.1604567, 54.9453068 ], [ 20.1604415, 54.9453633 ], [ 20.1604329, 54.9453924 ], [ 20.160424, 54.9454216 ], [ 20.1604198, 54.9454372 ], [ 20.1604171, 54.9454487 ], [ 20.1604155, 54.9454604 ], [ 20.160415, 54.9454686 ], [ 20.1604161, 54.9454795 ], [ 20.1604177, 54.9454887 ], [ 20.1604197, 54.9454987 ], [ 20.1604213, 54.9455065 ], [ 20.1604244, 54.945514 ], [ 20.1604352, 54.9455451 ], [ 20.1604434, 54.945568 ], [ 20.1604461, 54.9455803 ], [ 20.1604498, 54.9455982 ], [ 20.160453, 54.9456128 ], [ 20.1604572, 54.9456451 ], [ 20.1604591, 54.9456705 ], [ 20.1604611, 54.9456923 ], [ 20.1604641, 54.9457119 ], [ 20.1604669, 54.9457363 ], [ 20.1604685, 54.9457647 ], [ 20.1604698, 54.945781 ], [ 20.1604688, 54.9457971 ], [ 20.1604677, 54.9458128 ], [ 20.1604667, 54.9458246 ], [ 20.160463, 54.9458416 ], [ 20.1604569, 54.9458616 ], [ 20.1604537, 54.9458695 ], [ 20.1604485, 54.9458811 ], [ 20.1604377, 54.9459004 ], [ 20.1604318, 54.9459094 ], [ 20.1604178, 54.9459278 ], [ 20.1604094, 54.9459387 ], [ 20.1603923, 54.9459563 ], [ 20.1603839, 54.9459639 ], [ 20.1603728, 54.9459732 ], [ 20.1603516, 54.9459893 ], [ 20.1603412, 54.9459969 ], [ 20.1603252, 54.946007 ], [ 20.1603035, 54.9460188 ], [ 20.160291, 54.9460244 ], [ 20.1602781, 54.9460305 ], [ 20.1602629, 54.9460376 ], [ 20.1602443, 54.9460454 ], [ 20.160219, 54.9460556 ], [ 20.1601921, 54.9460644 ], [ 20.1601603, 54.9460731 ], [ 20.1601278, 54.9460807 ], [ 20.1600978, 54.9460863 ], [ 20.1600603, 54.9460918 ], [ 20.1600436, 54.9460939 ], [ 20.1600259, 54.9460954 ], [ 20.1599905, 54.9460976 ], [ 20.1599556, 54.9460983 ], [ 20.1599205, 54.9460978 ], [ 20.1598856, 54.9460959 ], [ 20.1598509, 54.9460927 ], [ 20.1598167, 54.9460882 ], [ 20.1598007, 54.9460857 ], [ 20.1597831, 54.9460824 ], [ 20.1597565, 54.9460768 ], [ 20.1597341, 54.9460725 ], [ 20.1597178, 54.9460698 ], [ 20.1596999, 54.946068 ], [ 20.1596679, 54.9460656 ], [ 20.1596186, 54.9460657 ], [ 20.1595845, 54.9460666 ], [ 20.1595484, 54.9460675 ], [ 20.1595234, 54.9460684 ], [ 20.1594934, 54.9460707 ], [ 20.1594652, 54.9460727 ], [ 20.1594374, 54.9460754 ], [ 20.159427, 54.9460785 ], [ 20.1594172, 54.9460822 ], [ 20.1594081, 54.9460865 ], [ 20.159391, 54.9460961 ], [ 20.1593803, 54.946103 ], [ 20.1593715, 54.9461107 ], [ 20.159365, 54.9461172 ], [ 20.1593581, 54.9461243 ], [ 20.1593525, 54.9461314 ], [ 20.1593492, 54.9461375 ], [ 20.1593436, 54.9461482 ], [ 20.1593417, 54.9461529 ], [ 20.1593402, 54.9461573 ], [ 20.15934, 54.9461624 ], [ 20.1593395, 54.9461729 ], [ 20.1593442, 54.946193 ], [ 20.1593495, 54.9462062 ], [ 20.1593529, 54.9462127 ], [ 20.1593609, 54.9462253 ], [ 20.1593716, 54.9462386 ], [ 20.1593825, 54.9462493 ], [ 20.1593885, 54.9462547 ], [ 20.1594036, 54.9462666 ], [ 20.1594111, 54.9462718 ], [ 20.159427, 54.9462817 ], [ 20.1594384, 54.9462871 ], [ 20.1594497, 54.9462935 ], [ 20.1594664, 54.9463004 ], [ 20.1594759, 54.9463038 ], [ 20.1594962, 54.9463102 ], [ 20.1595282, 54.9463191 ], [ 20.1595256, 54.9463229 ], [ 20.1595053, 54.9463553 ], [ 20.1595021, 54.9463593 ], [ 20.1594858, 54.9463548 ], [ 20.1594702, 54.9463503 ], [ 20.1594478, 54.9463432 ], [ 20.1594339, 54.9463378 ], [ 20.1594187, 54.946332 ], [ 20.1594058, 54.9463263 ], [ 20.1593915, 54.9463192 ], [ 20.1593651, 54.9463047 ], [ 20.1593493, 54.9462948 ], [ 20.1593374, 54.9462861 ], [ 20.1593283, 54.9462785 ], [ 20.1593162, 54.946267 ], [ 20.1593058, 54.9462549 ], [ 20.1592946, 54.9462403 ], [ 20.1592901, 54.946234 ], [ 20.1592859, 54.9462278 ], [ 20.1592824, 54.9462222 ], [ 20.1592778, 54.9462151 ], [ 20.1592749, 54.9462076 ], [ 20.1592725, 54.946199 ], [ 20.159269, 54.9461877 ], [ 20.1592675, 54.946181 ] ] ] ] } },
{ "type": "Feature", "properties": { "full_id": "w352671829", "osm_id": "352671829", "osm_type": "way", "building": "yes", "height": null, "roof:levels": null, "industrial": null, "source:addr": null, "addr:postcode": "238560", "tourism": null, "name": null, "roof:shape": null, "start_date": "1997", "building:levels": "5", "addr:street": "улица Ленина", "addr:housenumber": "16", "addr:city": "Светлогорск" }, "geometry": { "type": "MultiPolygon", "coordinates": [ [ [ [ 20.1581258, 54.9440064 ], [ 20.1581249, 54.9439801 ], [ 20.158119, 54.9439803 ], [ 20.1581076, 54.9439606 ], [ 20.1581058, 54.9439531 ], [ 20.1581055, 54.943949 ], [ 20.1581058, 54.9439454 ], [ 20.158108, 54.9439341 ], [ 20.1581132, 54.9439236 ], [ 20.1581165, 54.9439185 ], [ 20.1581233, 54.9439183 ], [ 20.1581225, 54.943892 ], [ 20.1583167, 54.9438902 ], [ 20.1583168, 54.9438809 ], [ 20.1583157, 54.9438809 ], [ 20.1583152, 54.9438756 ], [ 20.1584265, 54.9438749 ], [ 20.1584249, 54.9437862 ], [ 20.1586145, 54.9437847 ], [ 20.1586174, 54.9438786 ], [ 20.1586591, 54.9438787 ], [ 20.1586596, 54.9439019 ], [ 20.1586702, 54.9439011 ], [ 20.1586807, 54.9439011 ], [ 20.1586917, 54.9439021 ], [ 20.1587076, 54.9439048 ], [ 20.1587192, 54.9439038 ], [ 20.1587198, 54.9439126 ], [ 20.1587209, 54.9439126 ], [ 20.1587208, 54.9439195 ], [ 20.1587199, 54.9439195 ], [ 20.1587201, 54.9439327 ], [ 20.1587177, 54.9439398 ], [ 20.1587164, 54.9439418 ], [ 20.1587179, 54.9439422 ], [ 20.1587085, 54.9439549 ], [ 20.1587069, 54.9439545 ], [ 20.1586993, 54.9439624 ], [ 20.1586881, 54.9439731 ], [ 20.1586763, 54.9439838 ], [ 20.158664, 54.9439924 ], [ 20.158665, 54.943993 ], [ 20.1586538, 54.9439994 ], [ 20.1586529, 54.9439989 ], [ 20.1586353, 54.9440079 ], [ 20.1586133, 54.9440167 ], [ 20.1585941, 54.944023 ], [ 20.1585945, 54.9440238 ], [ 20.1585804, 54.9440271 ], [ 20.1585798, 54.9440263 ], [ 20.1585765, 54.9440271 ], [ 20.1585441, 54.9440329 ], [ 20.1585081, 54.9440362 ], [ 20.1585081, 54.9440369 ], [ 20.1584841, 54.9440376 ], [ 20.1584839, 54.9440369 ], [ 20.1584411, 54.9440377 ], [ 20.1584411, 54.9440383 ], [ 20.1584249, 54.9440384 ], [ 20.1584244, 54.9440136 ], [ 20.1583239, 54.9440145 ], [ 20.1583244, 54.9440222 ], [ 20.1583068, 54.944032 ], [ 20.1582821, 54.9440325 ], [ 20.1582661, 54.9440228 ], [ 20.1582655, 54.9440051 ], [ 20.1581258, 54.9440064 ] ] ] ] } },
{ "type": "Feature", "properties": { "full_id": "w352672188", "osm_id": "352672188", "osm_type": "way", "building": "house", "height": null, "roof:levels": null, "industrial": null, "source:addr": null, "addr:postcode": null, "tourism": null, "name": null, "roof:shape": null, "start_date": "2016", "building:levels": "2", "addr:street": "улица Верещагина", "addr:housenumber": "1Б", "addr:city": "Светлогорск" }, "geometry": { "type": "MultiPolygon", "coordinates": [ [ [ [ 20.1638011, 54.9442455 ], [ 20.1637969, 54.9441662 ], [ 20.1638136, 54.944166 ], [ 20.1638126, 54.9441487 ], [ 20.1638076, 54.9441488 ], [ 20.1638074, 54.9441453 ], [ 20.1638272, 54.9441449 ], [ 20.1638245, 54.9440899 ], [ 20.1637892, 54.9440905 ], [ 20.163789, 54.944087 ], [ 20.1640672, 54.9440823 ], [ 20.1640673, 54.9440847 ], [ 20.1640498, 54.9440849 ], [ 20.1640519, 54.9441261 ], [ 20.1640672, 54.9441258 ], [ 20.1640695, 54.9441713 ], [ 20.1640541, 54.9441716 ], [ 20.164056, 54.9442127 ], [ 20.1640734, 54.9442125 ], [ 20.1640735, 54.9442147 ], [ 20.1638892, 54.9442179 ], [ 20.1638904, 54.9442405 ], [ 20.1638949, 54.9442404 ], [ 20.1638949, 54.944244 ], [ 20.1638011, 54.9442455 ] ] ] ] } },
{ "type": "Feature", "properties": { "full_id": "w363228481", "osm_id": "363228481", "osm_type": "way", "building": "apartments", "height": null, "roof:levels": "2", "industrial": null, "source:addr": null, "addr:postcode": null, "tourism": null, "name": null, "roof:shape": "gambrel", "start_date": null, "building:levels": "4", "addr:street": "Садовая улица", "addr:housenumber": "7", "addr:city": "Светлогорск" }, "geometry": { "type": "MultiPolygon", "coordinates": [ [ [ [ 20.1592113, 54.9417965 ], [ 20.1593401, 54.9419593 ], [ 20.1600094, 54.9417846 ], [ 20.1598828, 54.9416246 ], [ 20.1598329, 54.9416376 ], [ 20.1598236, 54.9416259 ], [ 20.1597476, 54.9416457 ], [ 20.1597569, 54.9416575 ], [ 20.1597288, 54.9416648 ], [ 20.1597416, 54.9416809 ], [ 20.1594083, 54.941768 ], [ 20.1593932, 54.941749 ], [ 20.1593534, 54.9417594 ], [ 20.1593434, 54.9417467 ], [ 20.1592482, 54.9417715 ], [ 20.1592582, 54.9417842 ], [ 20.1592113, 54.9417965 ] ] ] ] } },
{ "type": "Feature", "properties": { "full_id": "w428660841", "osm_id": "428660841", "osm_type": "way", "building": "service", "height": null, "roof:levels": null, "industrial": "heating_station", "source:addr": "ЕГРН", "addr:postcode": null, "tourism": null, "name": null, "roof:shape": null, "start_date": "2015", "building:levels": "1", "addr:street": "улица Ленина", "addr:housenumber": "11А", "addr:city": null }, "geometry": { "type": "MultiPolygon", "coordinates": [ [ [ [ 20.1615934, 54.9450236 ], [ 20.1615951, 54.944941 ], [ 20.1619049, 54.9449436 ], [ 20.1619027, 54.9450272 ], [ 20.1615934, 54.9450236 ] ] ] ] } },
{ "type": "Feature", "properties": { "full_id": "w428660842", "osm_id": "428660842", "osm_type": "way", "building": "service", "height": null, "roof:levels": null, "industrial": null, "source:addr": null, "addr:postcode": null, "tourism": null, "name": null, "roof:shape": null, "start_date": null, "building:levels": null, "addr:street": null, "addr:housenumber": null, "addr:city": null }, "geometry": { "type": "MultiPolygon", "coordinates": [ [ [ [ 20.1616475, 54.9450895 ], [ 20.1614627, 54.9450923 ], [ 20.1614654, 54.9451509 ], [ 20.1616502, 54.9451481 ], [ 20.1616475, 54.9450895 ] ] ] ] } },
{ "type": "Feature", "properties": { "full_id": "w428661845", "osm_id": "428661845", "osm_type": "way", "building": "detached", "height": null, "roof:levels": null, "industrial": null, "source:addr": null, "addr:postcode": null, "tourism": null, "name": null, "roof:shape": "gabled", "start_date": null, "building:levels": "2", "addr:street": "переулок Баха", "addr:housenumber": "2Б", "addr:city": "Светлогорск" }, "geometry": { "type": "MultiPolygon", "coordinates": [ [ [ [ 20.163971, 54.9430428 ], [ 20.1640318, 54.9431379 ], [ 20.1642437, 54.9430933 ], [ 20.1641829, 54.9429981 ], [ 20.163971, 54.9430428 ] ] ] ] } },
{ "type": "Feature", "properties": { "full_id": "w627839551", "osm_id": "627839551", "osm_type": "way", "building": "retail", "height": null, "roof:levels": "1", "industrial": null, "source:addr": null, "addr:postcode": null, "tourism": null, "name": null, "roof:shape": "many", "start_date": null, "building:levels": "2", "addr:street": "улица Ленина", "addr:housenumber": "8", "addr:city": "Светлогорск" }, "geometry": { "type": "MultiPolygon", "coordinates": [ [ [ [ 20.163101, 54.9433863 ], [ 20.1632185, 54.9433607 ], [ 20.1632835, 54.9433465 ], [ 20.1632631, 54.9433156 ], [ 20.163221, 54.9432518 ], [ 20.1630384, 54.9432915 ], [ 20.163101, 54.9433863 ] ] ] ] } },
{ "type": "Feature", "properties": { "full_id": "w696227813", "osm_id": "696227813", "osm_type": "way", "building": "yes", "height": null, "roof:levels": null, "industrial": null, "source:addr": null, "addr:postcode": null, "tourism": null, "name": null, "roof:shape": null, "start_date": null, "building:levels": "3", "addr:street": "улица Ленина", "addr:housenumber": "5", "addr:city": "Светлогорск" }, "geometry": { "type": "MultiPolygon", "coordinates": [ [ [ [ 20.1640988, 54.9436738 ], [ 20.1640878, 54.9435048 ], [ 20.1645656, 54.9434967 ], [ 20.1645621, 54.9436105 ], [ 20.1641798, 54.9436186 ], [ 20.1641863, 54.9436724 ], [ 20.1640988, 54.9436738 ] ] ] ] } },
{ "type": "Feature", "properties": { "full_id": "w696227814", "osm_id": "696227814", "osm_type": "way", "building": "yes", "height": null, "roof:levels": null, "industrial": null, "source:addr": null, "addr:postcode": null, "tourism": null, "name": null, "roof:shape": null, "start_date": null, "building:levels": null, "addr:street": "улица Ленина", "addr:housenumber": "4", "addr:city": "Светлогорск" }, "geometry": { "type": "MultiPolygon", "coordinates": [ [ [ [ 20.1652566, 54.9428115 ], [ 20.1654169, 54.9427609 ], [ 20.1653171, 54.9426566 ], [ 20.1651568, 54.9427072 ], [ 20.1652566, 54.9428115 ] ] ] ] } },
{ "type": "Feature", "properties": { "full_id": "w701184760", "osm_id": "701184760", "osm_type": "way", "building": "yes", "height": null, "roof:levels": null, "industrial": null, "source:addr": null, "addr:postcode": null, "tourism": null, "name": null, "roof:shape": null, "start_date": null, "building:levels": null, "addr:street": null, "addr:housenumber": null, "addr:city": null }, "geometry": { "type": "MultiPolygon", "coordinates": [ [ [ [ 20.1606578, 54.9425876 ], [ 20.1606537, 54.9426754 ], [ 20.1607114, 54.9426763 ], [ 20.1607154, 54.9425884 ], [ 20.1606578, 54.9425876 ] ] ] ] } },
{ "type": "Feature", "properties": { "full_id": "w701184761", "osm_id": "701184761", "osm_type": "way", "building": "yes", "height": null, "roof:levels": null, "industrial": null, "source:addr": null, "addr:postcode": null, "tourism": null, "name": null, "roof:shape": null, "start_date": null, "building:levels": null, "addr:street": null, "addr:housenumber": null, "addr:city": null }, "geometry": { "type": "MultiPolygon", "coordinates": [ [ [ [ 20.1606294, 54.9426938 ], [ 20.1606323, 54.9426469 ], [ 20.1605559, 54.9426449 ], [ 20.1605545, 54.9426866 ], [ 20.1606294, 54.9426938 ] ] ] ] } },
{ "type": "Feature", "properties": { "full_id": "w1298999054", "osm_id": "1298999054", "osm_type": "way", "building": "gatehouse", "height": "2", "roof:levels": null, "industrial": null, "source:addr": null, "addr:postcode": null, "tourism": null, "name": null, "roof:shape": null, "start_date": null, "building:levels": null, "addr:street": null, "addr:housenumber": null, "addr:city": null }, "geometry": { "type": "MultiPolygon", "coordinates": [ [ [ [ 20.1619393, 54.9443076 ], [ 20.1619576, 54.9443073 ], [ 20.1619573, 54.9443023 ], [ 20.1619391, 54.9443026 ], [ 20.1619393, 54.9443076 ] ] ] ] } },
{ "type": "Feature", "properties": { "full_id": "w1363066821", "osm_id": "1363066821", "osm_type": "way", "building": "yes", "height": null, "roof:levels": null, "industrial": null, "source:addr": null, "addr:postcode": null, "tourism": null, "name": null, "roof:shape": null, "start_date": null, "building:levels": null, "addr:street": null, "addr:housenumber": null, "addr:city": null }, "geometry": { "type": "MultiPolygon", "coordinates": [ [ [ [ 20.1594118, 54.9425664 ], [ 20.1595049, 54.9425405 ], [ 20.1593647, 54.9423743 ], [ 20.1592716, 54.9424002 ], [ 20.1594118, 54.9425664 ] ] ] ] } },
{ "type": "Feature", "properties": { "full_id": "w1452859012", "osm_id": "1452859012", "osm_type": "way", "building": "yes", "height": null, "roof:levels": null, "industrial": null, "source:addr": "ЕГРН", "addr:postcode": null, "tourism": null, "name": null, "roof:shape": null, "start_date": "2017", "building:levels": "2", "addr:street": "Курортная улица", "addr:housenumber": "10", "addr:city": null }, "geometry": { "type": "MultiPolygon", "coordinates": [ [ [ [ 20.1586013, 54.9435977 ], [ 20.1586479, 54.9436337 ], [ 20.1585588, 54.9436722 ], [ 20.1585116, 54.9436365 ], [ 20.1586013, 54.9435977 ] ] ] ] } },
{ "type": "Feature", "properties": { "full_id": "w1452859014", "osm_id": "1452859014", "osm_type": "way", "building": "yes", "height": null, "roof:levels": null, "industrial": null, "source:addr": "ЕГРН", "addr:postcode": null, "tourism": null, "name": null, "roof:shape": null, "start_date": "2023", "building:levels": "1", "addr:street": "Курортная улица", "addr:housenumber": "10", "addr:city": null }, "geometry": { "type": "MultiPolygon", "coordinates": [ [ [ [ 20.1584592, 54.9437168 ], [ 20.1586049, 54.9437147 ], [ 20.1586323, 54.9436972 ], [ 20.1586587, 54.943711 ], [ 20.1586461, 54.943719 ], [ 20.1586851, 54.9437395 ], [ 20.158656, 54.943758 ], [ 20.1584611, 54.9437607 ], [ 20.1584592, 54.9437168 ] ] ] ] } },
{ "type": "Feature", "properties": { "full_id": "r19870885", "osm_id": "19870885", "osm_type": "relation", "building": "yes", "roof:levels": null, "source:addr": null, "addr:postcode": null, "name": null, "roof:shape": null, "start_date": "2025", "building:levels": "5", "addr:street": "Морской бульвар", "addr:housenumber": "21", "addr:city": null }, "geometry": { "type": "MultiPolygon", "coordinates": [ [ [ [ 20.1565155, 54.9466921 ], [ 20.156562, 54.9466973 ], [ 20.1565811, 54.9466411 ], [ 20.1566041, 54.9465708 ], [ 20.1556498, 54.9464632 ], [ 20.1556255, 54.9465336 ], [ 20.1556725, 54.9465388 ], [ 20.1556588, 54.9465803 ], [ 20.1556541, 54.9465946 ], [ 20.1565155, 54.9466921 ] ] ], [ [ [ 20.1575953, 54.9468538 ], [ 20.1576225, 54.9467982 ], [ 20.1576561, 54.9467294 ], [ 20.1568537, 54.9465994 ], [ 20.1568206, 54.9466685 ], [ 20.1568659, 54.9466758 ], [ 20.1568388, 54.9467314 ], [ 20.1575496, 54.9468464 ], [ 20.1575953, 54.9468538 ] ] ], [ [ [ 20.1581237, 54.9469923 ], [ 20.15872, 54.94707 ], [ 20.1587258, 54.9470552 ], [ 20.1587716, 54.9470612 ], [ 20.1587881, 54.94702 ], [ 20.1588141, 54.9469548 ], [ 20.1581946, 54.9468717 ], [ 20.1579138, 54.9467856 ], [ 20.1578577, 54.9468468 ], [ 20.1578113, 54.9468976 ], [ 20.1578536, 54.9469104 ], [ 20.1581237, 54.9469923 ] ] ] ] } },
{ "type": "Feature", "properties": { "full_id": "w185249700", "osm_id": "185249700", "osm_type": "way", "building": "house", "roof:levels": null, "source:addr": "ЕГРН", "addr:postcode": null, "name": null, "roof:shape": null, "start_date": "1945", "building:levels": "3", "addr:street": "улица Динамо", "addr:housenumber": "3", "addr:city": "Светлогорск" }, "geometry": { "type": "MultiPolygon", "coordinates": [ [ [ [ 20.1541674, 54.9452092 ], [ 20.1541718, 54.945198 ], [ 20.1541715, 54.9451975 ], [ 20.1541702, 54.9451933 ], [ 20.1541714, 54.9451899 ], [ 20.1541784, 54.9451776 ], [ 20.1541619, 54.9451747 ], [ 20.1541686, 54.945162 ], [ 20.1541855, 54.945165 ], [ 20.1541942, 54.9451496 ], [ 20.154171, 54.9451452 ], [ 20.1541798, 54.9451294 ], [ 20.154173, 54.9451225 ], [ 20.1541793, 54.9451109 ], [ 20.1541917, 54.9451074 ], [ 20.1541952, 54.9451007 ], [ 20.1541884, 54.9450939 ], [ 20.1541947, 54.9450824 ], [ 20.1542068, 54.9450788 ], [ 20.1542156, 54.9450622 ], [ 20.1543703, 54.9450906 ], [ 20.1544195, 54.9450995 ], [ 20.1544245, 54.9451053 ], [ 20.1544017, 54.9451482 ], [ 20.1543921, 54.9451516 ], [ 20.1543679, 54.9451468 ], [ 20.154351, 54.9451781 ], [ 20.1543379, 54.9451757 ], [ 20.1543263, 54.9451786 ], [ 20.1543074, 54.9451751 ], [ 20.1543011, 54.945169 ], [ 20.1542957, 54.9451682 ], [ 20.1542724, 54.9452091 ], [ 20.1542704, 54.9452115 ], [ 20.1542701, 54.9452117 ], [ 20.1542734, 54.9452123 ], [ 20.1542718, 54.9452183 ], [ 20.1542662, 54.9452256 ], [ 20.1542576, 54.9452319 ], [ 20.1542464, 54.9452366 ], [ 20.1542335, 54.9452395 ], [ 20.1542197, 54.9452405 ], [ 20.1542059, 54.9452393 ], [ 20.1541932, 54.9452361 ], [ 20.1541823, 54.9452311 ], [ 20.154174, 54.9452246 ], [ 20.154169, 54.9452172 ], [ 20.1541674, 54.9452092 ] ] ] ] } },
{ "type": "Feature", "properties": { "full_id": "w185249730", "osm_id": "185249730", "osm_type": "way", "building": "yes", "roof:levels": null, "source:addr": null, "addr:postcode": null, "name": null, "roof:shape": null, "start_date": null, "building:levels": null, "addr:street": "улица Динамо", "addr:housenumber": "3А", "addr:city": "Светлогорск" }, "geometry": { "type": "MultiPolygon", "coordinates": [ [ [ [ 20.1544514, 54.9452008 ], [ 20.1546016, 54.9452359 ], [ 20.1546575, 54.9451572 ], [ 20.1545073, 54.945122 ], [ 20.1544514, 54.9452008 ] ] ] ] } },
{ "type": "Feature", "properties": { "full_id": "w185249778", "osm_id": "185249778", "osm_type": "way", "building": "house", "roof:levels": null, "source:addr": null, "addr:postcode": null, "name": null, "roof:shape": null, "start_date": "2002", "building:levels": "2", "addr:street": "улица Динамо", "addr:housenumber": "6", "addr:city": "Светлогорск" }, "geometry": { "type": "MultiPolygon", "coordinates": [ [ [ [ 20.1551366, 54.9449593 ], [ 20.1551354, 54.944927 ], [ 20.1551225, 54.9449267 ], [ 20.1551123, 54.9449154 ], [ 20.1551062, 54.9449039 ], [ 20.1551098, 54.9448893 ], [ 20.1551214, 54.9448749 ], [ 20.1551359, 54.944875 ], [ 20.1551358, 54.9448428 ], [ 20.1553108, 54.9448421 ], [ 20.1553112, 54.9448837 ], [ 20.1553277, 54.9448843 ], [ 20.1553401, 54.944888 ], [ 20.1553482, 54.9448958 ], [ 20.1553486, 54.9449047 ], [ 20.155341, 54.9449124 ], [ 20.1553277, 54.944917 ], [ 20.1553123, 54.9449171 ], [ 20.1553117, 54.9449588 ], [ 20.1551366, 54.9449593 ] ] ] ] } },
{ "type": "Feature", "properties": { "full_id": "w185249784", "osm_id": "185249784", "osm_type": "way", "building": "yes", "roof:levels": null, "source:addr": null, "addr:postcode": null, "name": null, "roof:shape": null, "start_date": null, "building:levels": null, "addr:street": "улица Динамо", "addr:housenumber": "5", "addr:city": "Светлогорск" }, "geometry": { "type": "MultiPolygon", "coordinates": [ [ [ [ 20.1550217, 54.9452182 ], [ 20.1548743, 54.9451848 ], [ 20.1548119, 54.9452755 ], [ 20.1549592, 54.945309 ], [ 20.1550217, 54.9452182 ] ] ] ] } },
{ "type": "Feature", "properties": { "full_id": "w185249812", "osm_id": "185249812", "osm_type": "way", "building": "yes", "roof:levels": null, "source:addr": null, "addr:postcode": null, "name": null, "roof:shape": null, "start_date": "2014", "building:levels": "7", "addr:street": "улица Динамо", "addr:housenumber": "1А", "addr:city": "Светлогорск" }, "geometry": { "type": "MultiPolygon", "coordinates": [ [ [ [ 20.1535492, 54.9452133 ], [ 20.153611, 54.945098 ], [ 20.1536231, 54.9451001 ], [ 20.1536402, 54.9450683 ], [ 20.1536324, 54.9450669 ], [ 20.1536944, 54.9449513 ], [ 20.1538365, 54.9449765 ], [ 20.1538309, 54.9449869 ], [ 20.1538665, 54.9449933 ], [ 20.1538722, 54.9449829 ], [ 20.1540246, 54.9450099 ], [ 20.1539885, 54.9450773 ], [ 20.1539766, 54.9450752 ], [ 20.1539077, 54.9452036 ], [ 20.1539196, 54.9452057 ], [ 20.1538838, 54.9452727 ], [ 20.1537311, 54.9452456 ], [ 20.1537366, 54.9452353 ], [ 20.1537012, 54.945229 ], [ 20.1536955, 54.9452393 ], [ 20.1535492, 54.9452133 ] ] ] ] } },
{ "type": "Feature", "properties": { "full_id": "w352654081", "osm_id": "352654081", "osm_type": "way", "building": "apartments", "roof:levels": null, "source:addr": null, "addr:postcode": null, "name": null, "roof:shape": null, "start_date": "2014", "building:levels": "2", "addr:street": "улица Динамо", "addr:housenumber": "8", "addr:city": "Светлогорск" }, "geometry": { "type": "MultiPolygon", "coordinates": [ [ [ [ 20.1562173, 54.9454952 ], [ 20.1562586, 54.9454274 ], [ 20.1561872, 54.9454117 ], [ 20.1562386, 54.9453225 ], [ 20.1562547, 54.9453261 ], [ 20.1562723, 54.9452976 ], [ 20.1562595, 54.9452944 ], [ 20.1562491, 54.9452921 ], [ 20.1562458, 54.9452816 ], [ 20.1562457, 54.9452579 ], [ 20.1562553, 54.9452287 ], [ 20.1562725, 54.9452049 ], [ 20.1562966, 54.9451845 ], [ 20.1563329, 54.9451691 ], [ 20.15637, 54.9451576 ], [ 20.1564131, 54.9451503 ], [ 20.156459, 54.9451496 ], [ 20.1564964, 54.9451523 ], [ 20.1565391, 54.9451586 ], [ 20.1565843, 54.9451753 ], [ 20.1566203, 54.9451967 ], [ 20.1566401, 54.9452156 ], [ 20.1566589, 54.9452381 ], [ 20.1567064, 54.9452475 ], [ 20.1565924, 54.9454696 ], [ 20.1565667, 54.9455147 ], [ 20.1564456, 54.9454915 ], [ 20.156419, 54.9455355 ], [ 20.1562173, 54.9454952 ] ] ] ] } },
{ "type": "Feature", "properties": { "full_id": "w352654082", "osm_id": "352654082", "osm_type": "way", "building": "apartments", "roof:levels": null, "source:addr": null, "addr:postcode": null, "name": null, "roof:shape": null, "start_date": "2014", "building:levels": "7", "addr:street": "улица Динамо", "addr:housenumber": "20", "addr:city": "Светлогорск" }, "geometry": { "type": "MultiPolygon", "coordinates": [ [ [ [ 20.1560684, 54.9457229 ], [ 20.1561456, 54.945573 ], [ 20.1564399, 54.9456233 ], [ 20.1564108, 54.94568 ], [ 20.156386, 54.9456757 ], [ 20.1563673, 54.9457117 ], [ 20.1563925, 54.945716 ], [ 20.156363, 54.9457732 ], [ 20.1560684, 54.9457229 ] ] ] ] } },
{ "type": "Feature", "properties": { "full_id": "w352656037", "osm_id": "352656037", "osm_type": "way", "building": "hotel", "roof:levels": "1", "source:addr": null, "addr:postcode": null, "name": null, "roof:shape": "hipped", "start_date": null, "building:levels": "3", "addr:street": "улица Динамо", "addr:housenumber": "10А", "addr:city": "Светлогорск" }, "geometry": { "type": "MultiPolygon", "coordinates": [ [ [ [ 20.157696, 54.9458617 ], [ 20.1579455, 54.945893 ], [ 20.1580003, 54.9457486 ], [ 20.1577508, 54.9457174 ], [ 20.157696, 54.9458617 ] ] ] ] } },
{ "type": "Feature", "properties": { "full_id": "w363224546", "osm_id": "363224546", "osm_type": "way", "building": "apartments", "roof:levels": "1", "source:addr": null, "addr:postcode": null, "name": null, "roof:shape": null, "start_date": "2014", "building:levels": "7", "addr:street": "улица Динамо", "addr:housenumber": "10", "addr:city": "Светлогорск" }, "geometry": { "type": "MultiPolygon", "coordinates": [ [ [ [ 20.1565924, 54.9454696 ], [ 20.1567064, 54.9452475 ], [ 20.1569088, 54.9452827 ], [ 20.1568524, 54.9453898 ], [ 20.1568686, 54.9453923 ], [ 20.1568265, 54.9454724 ], [ 20.1568111, 54.94547 ], [ 20.1567917, 54.9455115 ], [ 20.1566733, 54.945494 ], [ 20.1566785, 54.9454843 ], [ 20.1565924, 54.9454696 ] ] ] ] } },
{ "type": "Feature", "properties": { "full_id": "w974329528", "osm_id": "974329528", "osm_type": "way", "building": "retail", "roof:levels": "0", "source:addr": null, "addr:postcode": null, "name": null, "roof:shape": "flat", "start_date": null, "building:levels": "2", "addr:street": null, "addr:housenumber": null, "addr:city": null }, "geometry": { "type": "MultiPolygon", "coordinates": [ [ [ [ 20.1591025, 54.947128 ], [ 20.1591495, 54.9470314 ], [ 20.1594701, 54.947083 ], [ 20.1594209, 54.9471792 ], [ 20.1592681, 54.9471546 ], [ 20.1591025, 54.947128 ] ] ] ] } },
{ "type": "Feature", "properties": { "full_id": "w974329533", "osm_id": "974329533", "osm_type": "way", "building": "retail", "roof:levels": "0", "source:addr": null, "addr:postcode": null, "name": null, "roof:shape": "flat", "start_date": null, "building:levels": "1", "addr:street": null, "addr:housenumber": null, "addr:city": null }, "geometry": { "type": "MultiPolygon", "coordinates": [ [ [ [ 20.1592058, 54.9471171 ], [ 20.1593915, 54.9467407 ], [ 20.1595236, 54.9467622 ], [ 20.1593378, 54.9471386 ], [ 20.1592058, 54.9471171 ] ] ] ] } },
{ "type": "Feature", "properties": { "full_id": "w975470567", "osm_id": "975470567", "osm_type": "way", "building": "apartments", "roof:levels": "1", "source:addr": null, "addr:postcode": null, "name": null, "roof:shape": "quadruple_saltbox", "start_date": null, "building:levels": "6", "addr:street": "улица Динамо", "addr:housenumber": "12", "addr:city": "Светлогорск" }, "geometry": { "type": "MultiPolygon", "coordinates": [ [ [ [ 20.1568982, 54.9458678 ], [ 20.1571918, 54.9459136 ], [ 20.1572869, 54.945726 ], [ 20.1569914, 54.9456795 ], [ 20.1568982, 54.9458678 ] ] ] ] } },
{ "type": "Feature", "properties": { "full_id": "w975470568", "osm_id": "975470568", "osm_type": "way", "building": "apartments", "roof:levels": "1", "source:addr": null, "addr:postcode": null, "name": null, "roof:shape": null, "start_date": null, "building:levels": "7", "addr:street": "улица Динамо", "addr:housenumber": "16", "addr:city": "Светлогорск" }, "geometry": { "type": "MultiPolygon", "coordinates": [ [ [ [ 20.1571796, 54.9452989 ], [ 20.1570921, 54.9454757 ], [ 20.1573885, 54.9455257 ], [ 20.1574779, 54.9453495 ], [ 20.1571796, 54.9452989 ] ] ] ] } },
{ "type": "Feature", "properties": { "full_id": "w975470569", "osm_id": "975470569", "osm_type": "way", "building": "apartments", "roof:levels": null, "source:addr": null, "addr:postcode": null, "name": null, "roof:shape": null, "start_date": null, "building:levels": null, "addr:street": "улица Динамо", "addr:housenumber": "14", "addr:city": "Светлогорск" }, "geometry": { "type": "MultiPolygon", "coordinates": [ [ [ [ 20.1569914, 54.9456795 ], [ 20.1572869, 54.945726 ], [ 20.1573885, 54.9455257 ], [ 20.1570921, 54.9454757 ], [ 20.1569914, 54.9456795 ] ] ] ] } },
{ "type": "Feature", "properties": { "full_id": "w1281918951", "osm_id": "1281918951", "osm_type": "way", "building": "yes", "roof:levels": null, "source:addr": null, "addr:postcode": null, "name": null, "roof:shape": null, "start_date": null, "building:levels": null, "addr:street": null, "addr:housenumber": null, "addr:city": null }, "geometry": { "type": "MultiPolygon", "coordinates": [ [ [ [ 20.1606261, 54.9465171 ], [ 20.1606909, 54.9463435 ], [ 20.1608463, 54.9463626 ], [ 20.1607816, 54.9465362 ], [ 20.1606261, 54.9465171 ] ] ] ] } },
{ "type": "Feature", "properties": { "full_id": "w1451914933", "osm_id": "1451914933", "osm_type": "way", "building": "yes", "roof:levels": null, "source:addr": null, "addr:postcode": null, "name": null, "roof:shape": null, "start_date": null, "building:levels": null, "addr:street": "Морской бульвар", "addr:housenumber": "19", "addr:city": null }, "geometry": { "type": "MultiPolygon", "coordinates": [ [ [ [ 20.1594601, 54.9471527 ], [ 20.1594832, 54.9471071 ], [ 20.1596151, 54.9471291 ], [ 20.159592, 54.9471747 ], [ 20.1594601, 54.9471527 ] ] ] ] } },
{ "type": "Feature", "properties": { "full_id": "w1452859003", "osm_id": "1452859003", "osm_type": "way", "building": "yes", "roof:levels": null, "source:addr": null, "addr:postcode": null, "name": null, "roof:shape": null, "start_date": "2025", "building:levels": "1", "addr:street": null, "addr:housenumber": null, "addr:city": null }, "geometry": { "type": "MultiPolygon", "coordinates": [ [ [ [ 20.1554805, 54.9465533 ], [ 20.1552722, 54.9465195 ], [ 20.155273, 54.9465178 ], [ 20.1552464, 54.9465134 ], [ 20.1552646, 54.9464761 ], [ 20.1554986, 54.9465147 ], [ 20.1554805, 54.9465533 ] ] ] ] } },
{ "type": "Feature", "properties": { "full_id": "w1452859356", "osm_id": "1452859356", "osm_type": "way", "building": "yes", "roof:levels": null, "source:addr": "ЕГРН", "addr:postcode": null, "name": null, "roof:shape": null, "start_date": "2005", "building:levels": "3", "addr:street": "улица Динамо", "addr:housenumber": "18", "addr:city": null }, "geometry": { "type": "MultiPolygon", "coordinates": [ [ [ [ 20.157816, 54.9456267 ], [ 20.1578107, 54.9456061 ], [ 20.1578026, 54.9456068 ], [ 20.1577973, 54.9455863 ], [ 20.1578055, 54.9455856 ], [ 20.1577998, 54.9455635 ], [ 20.1578021, 54.9455632 ], [ 20.1577982, 54.9455484 ], [ 20.1578054, 54.9455478 ], [ 20.1578029, 54.9455378 ], [ 20.1578317, 54.9455353 ], [ 20.157833, 54.9455337 ], [ 20.1578382, 54.9455299 ], [ 20.1578442, 54.945527 ], [ 20.1578522, 54.9455242 ], [ 20.1578581, 54.9455226 ], [ 20.1578643, 54.9455214 ], [ 20.1578704, 54.9455208 ], [ 20.1578781, 54.9455205 ], [ 20.1578853, 54.945521 ], [ 20.1578905, 54.9455219 ], [ 20.1578972, 54.945524 ], [ 20.1579037, 54.9455266 ], [ 20.1579084, 54.9455293 ], [ 20.1579136, 54.945534 ], [ 20.1579168, 54.9455402 ], [ 20.1579208, 54.9455531 ], [ 20.1579463, 54.9455509 ], [ 20.1579625, 54.9456142 ], [ 20.157816, 54.9456267 ] ] ] ] } }
]
}
