{
"type": "FeatureCollection",
"name": "footway",
"crs": { "type": "name", "properties": { "name": "urn:ogc:def:crs:OGC:1.3:CRS84" } },
"features": [
{ "type": "Feature", "properties": { "full_id": "w39383445", "osm_id": "39383445", "osm_type": "way", "highway": "footway", "footway": null, "tunnel": null, "covered": null, "source:cycleway:width": null, "segregated": null, "footway:surface": null, "cycleway:width": null, "cycleway:surface": null, "bicycle": null, "foot": null, "smoothness": null, "name:ru": null, "name:pl": null, "name:etymology:wikidata": null, "name:be": null, "name": null, "lit": null, "incline": null, "surface": "concrete" }, "geometry": { "type": "LineString", "coordinates": [ [ 20.150747, 54.9459065 ], [ 20.150764, 54.945841 ], [ 20.150791, 54.9458433 ], [ 20.1510921, 54.9458713 ], [ 20.1510745, 54.945934 ] ] } },
{ "type": "Feature", "properties": { "full_id": "w60974078", "osm_id": "60974078", "osm_type": "way", "highway": "footway", "footway": null, "tunnel": null, "covered": null, "source:cycleway:width": null, "segregated": null, "footway:surface": null, "cycleway:width": null, "cycleway:surface": null, "bicycle": null, "foot": null, "smoothness": "intermediate", "name:ru": "Октябрьская улица", "name:pl": "ulica Październikowa", "name:etymology:wikidata": "Q42976", "name:be": "Кастрычніцкая вуліца", "name": "Октябрьская улица", "lit": "yes", "incline": "up", "surface": "concrete" }, "geometry": { "type": "LineString", "coordinates": [ [ 20.1516848, 54.9453995 ], [ 20.1516982, 54.9453776 ], [ 20.1517683, 54.945277 ], [ 20.1518561, 54.9451879 ], [ 20.1519532, 54.9450834 ], [ 20.1520442, 54.9450027 ] ] } },
{ "type": "Feature", "properties": { "full_id": "w71504860", "osm_id": "71504860", "osm_type": "way", "highway": "footway", "footway": null, "tunnel": null, "covered": null, "source:cycleway:width": null, "segregated": null, "footway:surface": null, "cycleway:width": null, "cycleway:surface": null, "bicycle": null, "foot": "yes", "smoothness": null, "name:ru": null, "name:pl": null, "name:etymology:wikidata": null, "name:be": null, "name": null, "lit": null, "incline": null, "surface": "concrete" }, "geometry": { "type": "LineString", "coordinates": [ [ 20.1576119, 54.9432421 ], [ 20.1576589, 54.9432454 ], [ 20.1580112, 54.9432702 ], [ 20.1583121, 54.9432777 ], [ 20.1585333, 54.9432789 ] ] } },
{ "type": "Feature", "properties": { "full_id": "w71505094", "osm_id": "71505094", "osm_type": "way", "highway": "footway", "footway": null, "tunnel": null, "covered": null, "source:cycleway:width": null, "segregated": null, "footway:surface": null, "cycleway:width": null, "cycleway:surface": null, "bicycle": null, "foot": null, "smoothness": "excellent", "name:ru": null, "name:pl": null, "name:etymology:wikidata": null, "name:be": null, "name": null, "lit": null, "incline": null, "surface": "concrete" }, "geometry": { "type": "LineString", "coordinates": [ [ 20.1546979, 54.9458558 ], [ 20.1548052, 54.9458718 ], [ 20.1549033, 54.9458861 ] ] } },
{ "type": "Feature", "properties": { "full_id": "w71505097", "osm_id": "71505097", "osm_type": "way", "highway": "footway", "footway": null, "tunnel": null, "covered": null, "source:cycleway:width": null, "segregated": null, "footway:surface": null, "cycleway:width": null, "cycleway:surface": null, "bicycle": null, "foot": null, "smoothness": "excellent", "name:ru": null, "name:pl": null, "name:etymology:wikidata": null, "name:be": null, "name": null, "lit": null, "incline": null, "surface": "concrete" }, "geometry": { "type": "LineString", "coordinates": [ [ 20.1550888, 54.9459153 ], [ 20.1551195, 54.9458528 ], [ 20.1546211, 54.9457764 ], [ 20.1545886, 54.9458403 ] ] } },
{ "type": "Feature", "properties": { "full_id": "w71512173", "osm_id": "71512173", "osm_type": "way", "highway": "footway", "footway": null, "tunnel": null, "covered": null, "source:cycleway:width": null, "segregated": null, "footway:surface": null, "cycleway:width": null, "cycleway:surface": null, "bicycle": null, "foot": "yes", "smoothness": null, "name:ru": null, "name:pl": null, "name:etymology:wikidata": null, "name:be": null, "name": null, "lit": "yes", "incline": null, "surface": "paving_stones" }, "geometry": { "type": "LineString", "coordinates": [ [ 20.1576951, 54.9435289 ], [ 20.1576265, 54.9432924 ], [ 20.1576119, 54.9432421 ] ] } },
{ "type": "Feature", "properties": { "full_id": "w71513247", "osm_id": "71513247", "osm_type": "way", "highway": "footway", "footway": null, "tunnel": null, "covered": null, "source:cycleway:width": null, "segregated": null, "footway:surface": null, "cycleway:width": null, "cycleway:surface": null, "bicycle": null, "foot": null, "smoothness": null, "name:ru": null, "name:pl": null, "name:etymology:wikidata": null, "name:be": null, "name": null, "lit": null, "incline": null, "surface": "paving_stones" }, "geometry": { "type": "LineString", "coordinates": [ [ 20.151834, 54.9430568 ], [ 20.152409, 54.9431474 ], [ 20.1525562, 54.9431593 ], [ 20.1526728, 54.9431292 ], [ 20.1527815, 54.9431153 ], [ 20.1529035, 54.9431175 ], [ 20.1530029, 54.9431402 ], [ 20.1530634, 54.943191 ], [ 20.1530962, 54.943308 ], [ 20.1534825, 54.9435286 ], [ 20.1536411, 54.9435759 ], [ 20.1537384, 54.943605 ] ] } },
{ "type": "Feature", "properties": { "full_id": "w71513248", "osm_id": "71513248", "osm_type": "way", "highway": "footway", "footway": null, "tunnel": null, "covered": null, "source:cycleway:width": null, "segregated": null, "footway:surface": null, "cycleway:width": null, "cycleway:surface": null, "bicycle": null, "foot": "yes", "smoothness": null, "name:ru": null, "name:pl": null, "name:etymology:wikidata": null, "name:be": null, "name": null, "lit": null, "incline": null, "surface": null }, "geometry": { "type": "LineString", "coordinates": [ [ 20.1527207, 54.9440784 ], [ 20.1526567, 54.943531 ], [ 20.1525739, 54.9435285 ], [ 20.1525562, 54.9431593 ] ] } },
{ "type": "Feature", "properties": { "full_id": "w71513249", "osm_id": "71513249", "osm_type": "way", "highway": "footway", "footway": null, "tunnel": null, "covered": null, "source:cycleway:width": null, "segregated": null, "footway:surface": null, "cycleway:width": null, "cycleway:surface": null, "bicycle": null, "foot": "yes", "smoothness": null, "name:ru": null, "name:pl": null, "name:etymology:wikidata": null, "name:be": null, "name": null, "lit": null, "incline": null, "surface": "paving_stones" }, "geometry": { "type": "LineString", "coordinates": [ [ 20.1514881, 54.9436356 ], [ 20.1516214, 54.9436142 ], [ 20.1520291, 54.9435834 ], [ 20.1522403, 54.9435763 ], [ 20.1525739, 54.9435285 ] ] } },
{ "type": "Feature", "properties": { "full_id": "w71513664", "osm_id": "71513664", "osm_type": "way", "highway": "footway", "footway": null, "tunnel": null, "covered": null, "source:cycleway:width": null, "segregated": null, "footway:surface": null, "cycleway:width": null, "cycleway:surface": null, "bicycle": null, "foot": "yes", "smoothness": null, "name:ru": null, "name:pl": null, "name:etymology:wikidata": null, "name:be": null, "name": null, "lit": "yes", "incline": null, "surface": "paving_stones" }, "geometry": { "type": "LineString", "coordinates": [ [ 20.1563401, 54.942814 ], [ 20.1559344, 54.9426528 ], [ 20.1555498, 54.9425083 ], [ 20.1554402, 54.9424671 ], [ 20.1552369, 54.9424048 ] ] } },
{ "type": "Feature", "properties": { "full_id": "w71513665", "osm_id": "71513665", "osm_type": "way", "highway": "footway", "footway": null, "tunnel": null, "covered": null, "source:cycleway:width": null, "segregated": null, "footway:surface": null, "cycleway:width": null, "cycleway:surface": null, "bicycle": null, "foot": "yes", "smoothness": null, "name:ru": null, "name:pl": null, "name:etymology:wikidata": null, "name:be": null, "name": null, "lit": "yes", "incline": null, "surface": "paving_stones" }, "geometry": { "type": "LineString", "coordinates": [ [ 20.1557896, 54.9430072 ], [ 20.1557091, 54.9428562 ], [ 20.1559344, 54.9426528 ], [ 20.1561221, 54.9424772 ], [ 20.1563314, 54.9426066 ], [ 20.1563796, 54.9427853 ], [ 20.1563401, 54.942814 ], [ 20.15609, 54.9429949 ], [ 20.1557896, 54.9430072 ], [ 20.1557506, 54.9431162 ] ] } },
{ "type": "Feature", "properties": { "full_id": "w71513666", "osm_id": "71513666", "osm_type": "way", "highway": "footway", "footway": null, "tunnel": null, "covered": null, "source:cycleway:width": null, "segregated": null, "footway:surface": null, "cycleway:width": null, "cycleway:surface": null, "bicycle": null, "foot": "yes", "smoothness": null, "name:ru": null, "name:pl": null, "name:etymology:wikidata": null, "name:be": null, "name": null, "lit": "yes", "incline": null, "surface": "paving_stones" }, "geometry": { "type": "LineString", "coordinates": [ [ 20.1554402, 54.9424671 ], [ 20.1550117, 54.9428192 ], [ 20.1557896, 54.9430072 ] ] } },
{ "type": "Feature", "properties": { "full_id": "w71515035", "osm_id": "71515035", "osm_type": "way", "highway": "footway", "footway": null, "tunnel": null, "covered": null, "source:cycleway:width": null, "segregated": null, "footway:surface": null, "cycleway:width": null, "cycleway:surface": null, "bicycle": null, "foot": null, "smoothness": null, "name:ru": null, "name:pl": null, "name:etymology:wikidata": null, "name:be": null, "name": null, "lit": null, "incline": null, "surface": null }, "geometry": { "type": "LineString", "coordinates": [ [ 20.1552443, 54.9453522 ], [ 20.1553714, 54.9453792 ], [ 20.1555876, 54.9454152 ] ] } },
{ "type": "Feature", "properties": { "full_id": "w71515040", "osm_id": "71515040", "osm_type": "way", "highway": "footway", "footway": null, "tunnel": null, "covered": null, "source:cycleway:width": "ARCore", "segregated": "yes", "footway:surface": "paving_stones", "cycleway:width": "2.1", "cycleway:surface": "paving_stones", "bicycle": "yes", "foot": "designated", "smoothness": null, "name:ru": null, "name:pl": null, "name:etymology:wikidata": null, "name:be": null, "name": null, "lit": "yes", "incline": null, "surface": "paving_stones" }, "geometry": { "type": "LineString", "coordinates": [ [ 20.1558398, 54.9454534 ], [ 20.1558851, 54.9461482 ], [ 20.1558862, 54.9461657 ], [ 20.1559144, 54.9461655 ], [ 20.156251, 54.9461626 ], [ 20.156787, 54.946158 ], [ 20.1573276, 54.946313 ], [ 20.1579978, 54.946284 ], [ 20.1590754, 54.9464134 ], [ 20.1595216, 54.9464676 ], [ 20.1602984, 54.9465618 ], [ 20.1608271, 54.946626 ], [ 20.1611053, 54.9467528 ], [ 20.1612905, 54.9468174 ], [ 20.1614908, 54.9469002 ], [ 20.1618797, 54.9469779 ], [ 20.1619006, 54.9469821 ], [ 20.1627568, 54.9470787 ], [ 20.1633103, 54.9470946 ], [ 20.164483, 54.9471137 ], [ 20.1651697, 54.9471223 ] ] } },
{ "type": "Feature", "properties": { "full_id": "w71516204", "osm_id": "71516204", "osm_type": "way", "highway": "footway", "footway": null, "tunnel": null, "covered": null, "source:cycleway:width": null, "segregated": null, "footway:surface": null, "cycleway:width": null, "cycleway:surface": null, "bicycle": null, "foot": "yes", "smoothness": null, "name:ru": null, "name:pl": null, "name:etymology:wikidata": null, "name:be": null, "name": null, "lit": "yes", "incline": null, "surface": "paving_stones" }, "geometry": { "type": "LineString", "coordinates": [ [ 20.1561221, 54.9424772 ], [ 20.1559396, 54.9424871 ], [ 20.1555498, 54.9425083 ] ] } },
{ "type": "Feature", "properties": { "full_id": "w72093955", "osm_id": "72093955", "osm_type": "way", "highway": "footway", "footway": null, "tunnel": null, "covered": null, "source:cycleway:width": null, "segregated": null, "footway:surface": null, "cycleway:width": null, "cycleway:surface": null, "bicycle": null, "foot": null, "smoothness": "intermediate", "name:ru": null, "name:pl": null, "name:etymology:wikidata": null, "name:be": null, "name": null, "lit": "no", "incline": null, "surface": "concrete" }, "geometry": { "type": "LineString", "coordinates": [ [ 20.165344, 54.9485136 ], [ 20.1653569, 54.9484906 ], [ 20.1653685, 54.9484142 ], [ 20.1653774, 54.948355 ] ] } },
{ "type": "Feature", "properties": { "full_id": "w72093958", "osm_id": "72093958", "osm_type": "way", "highway": "footway", "footway": null, "tunnel": null, "covered": null, "source:cycleway:width": null, "segregated": null, "footway:surface": null, "cycleway:width": null, "cycleway:surface": null, "bicycle": null, "foot": null, "smoothness": null, "name:ru": null, "name:pl": null, "name:etymology:wikidata": null, "name:be": null, "name": null, "lit": null, "incline": null, "surface": null }, "geometry": { "type": "LineString", "coordinates": [ [ 20.1725718, 54.9483671 ], [ 20.1716423, 54.9494793 ] ] } },
{ "type": "Feature", "properties": { "full_id": "w185249645", "osm_id": "185249645", "osm_type": "way", "highway": "footway", "footway": null, "tunnel": null, "covered": null, "source:cycleway:width": null, "segregated": null, "footway:surface": null, "cycleway:width": null, "cycleway:surface": null, "bicycle": null, "foot": null, "smoothness": null, "name:ru": null, "name:pl": null, "name:etymology:wikidata": null, "name:be": null, "name": null, "lit": null, "incline": null, "surface": null }, "geometry": { "type": "LineString", "coordinates": [ [ 20.1563918, 54.941501 ], [ 20.156414, 54.9415203 ], [ 20.1568701, 54.9419164 ], [ 20.1570663, 54.9419187 ], [ 20.1576439, 54.9417162 ], [ 20.158092, 54.9415629 ], [ 20.1581533, 54.9415419 ] ] } },
{ "type": "Feature", "properties": { "full_id": "w241072622", "osm_id": "241072622", "osm_type": "way", "highway": "footway", "footway": null, "tunnel": null, "covered": null, "source:cycleway:width": null, "segregated": null, "footway:surface": null, "cycleway:width": null, "cycleway:surface": null, "bicycle": null, "foot": null, "smoothness": null, "name:ru": null, "name:pl": null, "name:etymology:wikidata": null, "name:be": null, "name": null, "lit": "yes", "incline": null, "surface": "paving_stones" }, "geometry": { "type": "LineString", "coordinates": [ [ 20.1623149, 54.9438338 ], [ 20.1622862, 54.9436333 ] ] } },
{ "type": "Feature", "properties": { "full_id": "w241072624", "osm_id": "241072624", "osm_type": "way", "highway": "footway", "footway": null, "tunnel": null, "covered": null, "source:cycleway:width": null, "segregated": null, "footway:surface": null, "cycleway:width": null, "cycleway:surface": null, "bicycle": null, "foot": null, "smoothness": null, "name:ru": null, "name:pl": null, "name:etymology:wikidata": null, "name:be": null, "name": null, "lit": null, "incline": null, "surface": "paving_stones" }, "geometry": { "type": "LineString", "coordinates": [ [ 20.1618618, 54.9436747 ], [ 20.1620931, 54.9437875 ], [ 20.1621203, 54.94387 ], [ 20.1622664, 54.9438594 ], [ 20.1622664, 54.9438381 ], [ 20.1623149, 54.9438338 ], [ 20.1624226, 54.9438186 ], [ 20.1624982, 54.943761 ], [ 20.162507, 54.9436033 ] ] } },
{ "type": "Feature", "properties": { "full_id": "w241072628", "osm_id": "241072628", "osm_type": "way", "highway": "footway", "footway": null, "tunnel": null, "covered": null, "source:cycleway:width": null, "segregated": null, "footway:surface": null, "cycleway:width": null, "cycleway:surface": null, "bicycle": null, "foot": null, "smoothness": null, "name:ru": null, "name:pl": null, "name:etymology:wikidata": null, "name:be": null, "name": null, "lit": null, "incline": null, "surface": null }, "geometry": { "type": "LineString", "coordinates": [ [ 20.1502686, 54.9452397 ], [ 20.1505371, 54.9452779 ], [ 20.1509718, 54.9452339 ], [ 20.1512566, 54.9452535 ], [ 20.1515254, 54.9453466 ] ] } },
{ "type": "Feature", "properties": { "full_id": "w288704026", "osm_id": "288704026", "osm_type": "way", "highway": "footway", "footway": null, "tunnel": null, "covered": null, "source:cycleway:width": null, "segregated": null, "footway:surface": null, "cycleway:width": null, "cycleway:surface": null, "bicycle": null, "foot": null, "smoothness": null, "name:ru": null, "name:pl": null, "name:etymology:wikidata": null, "name:be": null, "name": null, "lit": "yes", "incline": null, "surface": "paving_stones" }, "geometry": { "type": "LineString", "coordinates": [ [ 20.1559116, 54.9418792 ], [ 20.1559358, 54.9418964 ], [ 20.1559578, 54.9419121 ], [ 20.1564407, 54.9422567 ] ] } },
{ "type": "Feature", "properties": { "full_id": "w291968558", "osm_id": "291968558", "osm_type": "way", "highway": "footway", "footway": null, "tunnel": null, "covered": null, "source:cycleway:width": null, "segregated": null, "footway:surface": null, "cycleway:width": null, "cycleway:surface": null, "bicycle": null, "foot": null, "smoothness": null, "name:ru": null, "name:pl": null, "name:etymology:wikidata": null, "name:be": null, "name": null, "lit": "yes", "incline": null, "surface": "paving_stones" }, "geometry": { "type": "LineString", "coordinates": [ [ 20.1560651, 54.9432429 ], [ 20.1560694, 54.9431389 ] ] } },
{ "type": "Feature", "properties": { "full_id": "w291968559", "osm_id": "291968559", "osm_type": "way", "highway": "footway", "footway": null, "tunnel": "building_passage", "covered": "yes", "source:cycleway:width": null, "segregated": null, "footway:surface": null, "cycleway:width": null, "cycleway:surface": null, "bicycle": null, "foot": null, "smoothness": null, "name:ru": null, "name:pl": null, "name:etymology:wikidata": null, "name:be": null, "name": null, "lit": "yes", "incline": null, "surface": "paving_stones" }, "geometry": { "type": "LineString", "coordinates": [ [ 20.1560609, 54.9433405 ], [ 20.1560651, 54.9432429 ] ] } },
{ "type": "Feature", "properties": { "full_id": "w291968560", "osm_id": "291968560", "osm_type": "way", "highway": "footway", "footway": null, "tunnel": null, "covered": null, "source:cycleway:width": null, "segregated": null, "footway:surface": null, "cycleway:width": null, "cycleway:surface": null, "bicycle": null, "foot": null, "smoothness": null, "name:ru": null, "name:pl": null, "name:etymology:wikidata": null, "name:be": null, "name": null, "lit": "yes", "incline": null, "surface": "paving_stones" }, "geometry": { "type": "LineString", "coordinates": [ [ 20.1560034, 54.9440916 ], [ 20.1560609, 54.9433405 ] ] } },
{ "type": "Feature", "properties": { "full_id": "w298627642", "osm_id": "298627642", "osm_type": "way", "highway": "footway", "footway": null, "tunnel": null, "covered": null, "source:cycleway:width": null, "segregated": null, "footway:surface": null, "cycleway:width": null, "cycleway:surface": null, "bicycle": null, "foot": null, "smoothness": "good", "name:ru": null, "name:pl": null, "name:etymology:wikidata": null, "name:be": null, "name": null, "lit": null, "incline": null, "surface": "paving_stones" }, "geometry": { "type": "LineString", "coordinates": [ [ 20.155236, 54.9452786 ], [ 20.1554772, 54.9451894 ] ] } },
{ "type": "Feature", "properties": { "full_id": "w298627644", "osm_id": "298627644", "osm_type": "way", "highway": "footway", "footway": null, "tunnel": null, "covered": null, "source:cycleway:width": null, "segregated": null, "footway:surface": null, "cycleway:width": null, "cycleway:surface": null, "bicycle": null, "foot": null, "smoothness": null, "name:ru": null, "name:pl": null, "name:etymology:wikidata": null, "name:be": null, "name": null, "lit": null, "incline": null, "surface": null }, "geometry": { "type": "LineString", "coordinates": [ [ 20.1555408, 54.9451247 ], [ 20.1557722, 54.9452237 ], [ 20.1556977, 54.9454288 ] ] } },
{ "type": "Feature", "properties": { "full_id": "w313477032", "osm_id": "313477032", "osm_type": "way", "highway": "footway", "footway": null, "tunnel": null, "covered": null, "source:cycleway:width": null, "segregated": null, "footway:surface": null, "cycleway:width": null, "cycleway:surface": null, "bicycle": null, "foot": null, "smoothness": null, "name:ru": null, "name:pl": null, "name:etymology:wikidata": null, "name:be": null, "name": null, "lit": null, "incline": null, "surface": null }, "geometry": { "type": "LineString", "coordinates": [ [ 20.1798221, 54.9484266 ], [ 20.1799103, 54.9491812 ], [ 20.1799747, 54.9497217 ], [ 20.1802514, 54.9497225 ], [ 20.1802948, 54.9498434 ], [ 20.1802851, 54.9503643 ], [ 20.1802792, 54.9506792 ], [ 20.1802764, 54.9507291 ], [ 20.1800652, 54.9507257 ], [ 20.1800606, 54.9511548 ], [ 20.1797432, 54.9512214 ] ] } },
{ "type": "Feature", "properties": { "full_id": "w313477033", "osm_id": "313477033", "osm_type": "way", "highway": "footway", "footway": null, "tunnel": null, "covered": null, "source:cycleway:width": null, "segregated": null, "footway:surface": null, "cycleway:width": null, "cycleway:surface": null, "bicycle": null, "foot": null, "smoothness": null, "name:ru": null, "name:pl": null, "name:etymology:wikidata": null, "name:be": null, "name": null, "lit": null, "incline": null, "surface": null }, "geometry": { "type": "LineString", "coordinates": [ [ 20.1802514, 54.9497225 ], [ 20.1799103, 54.9491812 ] ] } },
{ "type": "Feature", "properties": { "full_id": "w313766247", "osm_id": "313766247", "osm_type": "way", "highway": "footway", "footway": null, "tunnel": null, "covered": null, "source:cycleway:width": null, "segregated": null, "footway:surface": null, "cycleway:width": null, "cycleway:surface": null, "bicycle": null, "foot": null, "smoothness": "excellent", "name:ru": null, "name:pl": null, "name:etymology:wikidata": null, "name:be": null, "name": null, "lit": "yes", "incline": null, "surface": "paving_stones" }, "geometry": { "type": "LineString", "coordinates": [ [ 20.1509125, 54.9459389 ], [ 20.1509364, 54.9459349 ], [ 20.1509504, 54.9459239 ] ] } },
{ "type": "Feature", "properties": { "full_id": "w313766250", "osm_id": "313766250", "osm_type": "way", "highway": "footway", "footway": null, "tunnel": null, "covered": null, "source:cycleway:width": null, "segregated": null, "footway:surface": null, "cycleway:width": null, "cycleway:surface": null, "bicycle": null, "foot": null, "smoothness": "good", "name:ru": null, "name:pl": null, "name:etymology:wikidata": null, "name:be": null, "name": null, "lit": "yes", "incline": null, "surface": "paving_stones" }, "geometry": { "type": "LineString", "coordinates": [ [ 20.1508811, 54.9459183 ], [ 20.15089, 54.9459308 ], [ 20.1509125, 54.9459389 ] ] } },
{ "type": "Feature", "properties": { "full_id": "w313769579", "osm_id": "313769579", "osm_type": "way", "highway": "footway", "footway": null, "tunnel": null, "covered": null, "source:cycleway:width": null, "segregated": null, "footway:surface": null, "cycleway:width": null, "cycleway:surface": null, "bicycle": null, "foot": null, "smoothness": "intermediate", "name:ru": null, "name:pl": null, "name:etymology:wikidata": null, "name:be": null, "name": null, "lit": "yes", "incline": "up", "surface": "concrete" }, "geometry": { "type": "LineString", "coordinates": [ [ 20.1508073, 54.9457787 ], [ 20.1508177, 54.9457538 ], [ 20.1508337, 54.9457278 ], [ 20.1508476, 54.9456722 ], [ 20.150857, 54.945641 ], [ 20.1508943, 54.9456024 ], [ 20.1509816, 54.9455607 ], [ 20.1510291, 54.9455369 ], [ 20.1510052, 54.9455186 ], [ 20.1509553, 54.945522 ], [ 20.1508681, 54.9455437 ], [ 20.1507613, 54.9455739 ], [ 20.1506727, 54.9456078 ], [ 20.1506155, 54.9456231 ], [ 20.1505978, 54.9456109 ], [ 20.1505981, 54.9455876 ], [ 20.1506163, 54.9455704 ], [ 20.1506372, 54.9455586 ], [ 20.1507854, 54.945482 ], [ 20.1508443, 54.9454533 ], [ 20.1509737, 54.9453973 ], [ 20.1510695, 54.9453809 ], [ 20.1511232, 54.9453971 ], [ 20.1511996, 54.9454297 ], [ 20.151262, 54.945463 ], [ 20.1513582, 54.945511 ], [ 20.1514432, 54.945543 ], [ 20.1515223, 54.9455564 ], [ 20.1516001, 54.9455575 ], [ 20.1516373, 54.9455268 ], [ 20.1516536, 54.9454824 ], [ 20.1516848, 54.9453995 ] ] } },
{ "type": "Feature", "properties": { "full_id": "w314412164", "osm_id": "314412164", "osm_type": "way", "highway": "footway", "footway": null, "tunnel": null, "covered": null, "source:cycleway:width": null, "segregated": null, "footway:surface": null, "cycleway:width": null, "cycleway:surface": null, "bicycle": null, "foot": null, "smoothness": "excellent", "name:ru": null, "name:pl": null, "name:etymology:wikidata": null, "name:be": null, "name": null, "lit": "yes", "incline": null, "surface": "paving_stones" }, "geometry": { "type": "LineString", "coordinates": [ [ 20.1509125, 54.9459389 ], [ 20.1509014, 54.9459966 ], [ 20.1508872, 54.94607 ] ] } },
{ "type": "Feature", "properties": { "full_id": "w317440633", "osm_id": "317440633", "osm_type": "way", "highway": "footway", "footway": null, "tunnel": null, "covered": null, "source:cycleway:width": null, "segregated": null, "footway:surface": null, "cycleway:width": null, "cycleway:surface": null, "bicycle": null, "foot": null, "smoothness": null, "name:ru": null, "name:pl": null, "name:etymology:wikidata": null, "name:be": null, "name": null, "lit": null, "incline": null, "surface": null }, "geometry": { "type": "LineString", "coordinates": [ [ 20.1707954, 54.9434563 ], [ 20.1708295, 54.9434149 ], [ 20.1708628, 54.9433842 ], [ 20.1709277, 54.9433642 ], [ 20.1710167, 54.9433513 ] ] } },
{ "type": "Feature", "properties": { "full_id": "w317441573", "osm_id": "317441573", "osm_type": "way", "highway": "footway", "footway": null, "tunnel": null, "covered": null, "source:cycleway:width": null, "segregated": null, "footway:surface": null, "cycleway:width": null, "cycleway:surface": null, "bicycle": null, "foot": null, "smoothness": null, "name:ru": null, "name:pl": null, "name:etymology:wikidata": null, "name:be": null, "name": null, "lit": null, "incline": null, "surface": null }, "geometry": { "type": "LineString", "coordinates": [ [ 20.1709818, 54.9434398 ], [ 20.1709277, 54.9433642 ], [ 20.1709586, 54.943336 ], [ 20.170988, 54.9433067 ], [ 20.1710429, 54.943284 ], [ 20.1710978, 54.9432689 ], [ 20.171148, 54.9432689 ], [ 20.1712316, 54.9432836 ], [ 20.1713174, 54.9433151 ] ] } },
{ "type": "Feature", "properties": { "full_id": "w337056178", "osm_id": "337056178", "osm_type": "way", "highway": "footway", "footway": null, "tunnel": null, "covered": null, "source:cycleway:width": null, "segregated": null, "footway:surface": null, "cycleway:width": null, "cycleway:surface": null, "bicycle": null, "foot": null, "smoothness": null, "name:ru": null, "name:pl": null, "name:etymology:wikidata": null, "name:be": null, "name": null, "lit": null, "incline": null, "surface": "paving_stones" }, "geometry": { "type": "LineString", "coordinates": [ [ 20.1523783, 54.9446113 ], [ 20.1524865, 54.944632 ] ] } },
{ "type": "Feature", "properties": { "full_id": "w337056181", "osm_id": "337056181", "osm_type": "way", "highway": "footway", "footway": null, "tunnel": null, "covered": null, "source:cycleway:width": null, "segregated": null, "footway:surface": null, "cycleway:width": null, "cycleway:surface": null, "bicycle": null, "foot": null, "smoothness": null, "name:ru": null, "name:pl": null, "name:etymology:wikidata": null, "name:be": null, "name": null, "lit": null, "incline": null, "surface": null }, "geometry": { "type": "LineString", "coordinates": [ [ 20.1512566, 54.9452535 ], [ 20.1515886, 54.9449666 ] ] } },
{ "type": "Feature", "properties": { "full_id": "w337056185", "osm_id": "337056185", "osm_type": "way", "highway": "footway", "footway": null, "tunnel": null, "covered": null, "source:cycleway:width": null, "segregated": null, "footway:surface": null, "cycleway:width": null, "cycleway:surface": null, "bicycle": null, "foot": null, "smoothness": null, "name:ru": null, "name:pl": null, "name:etymology:wikidata": null, "name:be": null, "name": null, "lit": "yes", "incline": "up", "surface": "paving_stones" }, "geometry": { "type": "LineString", "coordinates": [ [ 20.1525781, 54.9446485 ], [ 20.153278, 54.9440621 ] ] } },
{ "type": "Feature", "properties": { "full_id": "w337056186", "osm_id": "337056186", "osm_type": "way", "highway": "footway", "footway": null, "tunnel": null, "covered": null, "source:cycleway:width": null, "segregated": null, "footway:surface": null, "cycleway:width": null, "cycleway:surface": null, "bicycle": null, "foot": null, "smoothness": null, "name:ru": null, "name:pl": null, "name:etymology:wikidata": null, "name:be": null, "name": null, "lit": null, "incline": null, "surface": null }, "geometry": { "type": "LineString", "coordinates": [ [ 20.1515886, 54.9449666 ], [ 20.1518547, 54.944937 ] ] } },
{ "type": "Feature", "properties": { "full_id": "w337056189", "osm_id": "337056189", "osm_type": "way", "highway": "footway", "footway": null, "tunnel": null, "covered": null, "source:cycleway:width": null, "segregated": null, "footway:surface": null, "cycleway:width": null, "cycleway:surface": null, "bicycle": null, "foot": null, "smoothness": null, "name:ru": null, "name:pl": null, "name:etymology:wikidata": null, "name:be": null, "name": null, "lit": null, "incline": null, "surface": "paving_stones" }, "geometry": { "type": "LineString", "coordinates": [ [ 20.1518547, 54.944937 ], [ 20.1519587, 54.944973 ], [ 20.1520442, 54.9450027 ] ] } },
{ "type": "Feature", "properties": { "full_id": "w337056191", "osm_id": "337056191", "osm_type": "way", "highway": "footway", "footway": null, "tunnel": null, "covered": null, "source:cycleway:width": null, "segregated": null, "footway:surface": null, "cycleway:width": null, "cycleway:surface": null, "bicycle": null, "foot": null, "smoothness": null, "name:ru": null, "name:pl": null, "name:etymology:wikidata": null, "name:be": null, "name": null, "lit": null, "incline": null, "surface": "paving_stones" }, "geometry": { "type": "LineString", "coordinates": [ [ 20.1515254, 54.9453466 ], [ 20.1519587, 54.944973 ], [ 20.1519841, 54.9449511 ], [ 20.1523783, 54.9446113 ], [ 20.1529323, 54.9441336 ], [ 20.1530095, 54.9440671 ] ] } },
{ "type": "Feature", "properties": { "full_id": "w488927601", "osm_id": "488927601", "osm_type": "way", "highway": "footway", "footway": "sidewalk", "tunnel": null, "covered": null, "source:cycleway:width": null, "segregated": null, "footway:surface": null, "cycleway:width": null, "cycleway:surface": null, "bicycle": null, "foot": null, "smoothness": "excellent", "name:ru": null, "name:pl": null, "name:etymology:wikidata": null, "name:be": null, "name": null, "lit": "yes", "incline": null, "surface": "paving_stones" }, "geometry": { "type": "LineString", "coordinates": [ [ 20.1491429, 54.9395996 ], [ 20.1491975, 54.9397108 ], [ 20.1491935, 54.9398009 ], [ 20.1492163, 54.940069 ], [ 20.1492311, 54.9402763 ], [ 20.1492726, 54.9404658 ], [ 20.1492846, 54.9406142 ], [ 20.1493121, 54.9406609 ], [ 20.1493437, 54.9407146 ], [ 20.1495152, 54.941016 ], [ 20.1496244, 54.941208 ], [ 20.1496763, 54.9412993 ], [ 20.1498993, 54.9416837 ], [ 20.1500843, 54.9419839 ], [ 20.1508645, 54.943031 ], [ 20.1513098, 54.9436842 ], [ 20.1513849, 54.9438722 ], [ 20.1514184, 54.9440609 ], [ 20.1514039, 54.9441029 ], [ 20.1496322, 54.944161 ], [ 20.1491702, 54.9441403 ] ] } },
{ "type": "Feature", "properties": { "full_id": "w636943837", "osm_id": "636943837", "osm_type": "way", "highway": "footway", "footway": null, "tunnel": null, "covered": null, "source:cycleway:width": null, "segregated": null, "footway:surface": null, "cycleway:width": null, "cycleway:surface": null, "bicycle": null, "foot": null, "smoothness": null, "name:ru": null, "name:pl": null, "name:etymology:wikidata": null, "name:be": null, "name": null, "lit": null, "incline": null, "surface": null }, "geometry": { "type": "LineString", "coordinates": [ [ 20.1555681, 54.945097 ], [ 20.1559149, 54.9452316 ], [ 20.1558398, 54.9454534 ] ] } },
{ "type": "Feature", "properties": { "full_id": "w636949047", "osm_id": "636949047", "osm_type": "way", "highway": "footway", "footway": null, "tunnel": null, "covered": null, "source:cycleway:width": null, "segregated": null, "footway:surface": null, "cycleway:width": null, "cycleway:surface": null, "bicycle": null, "foot": null, "smoothness": null, "name:ru": null, "name:pl": null, "name:etymology:wikidata": null, "name:be": null, "name": null, "lit": "yes", "incline": null, "surface": "paving_stones" }, "geometry": { "type": "LineString", "coordinates": [ [ 20.1606941, 54.9456008 ], [ 20.1607876, 54.9456054 ], [ 20.1608364, 54.9456265 ], [ 20.1608359, 54.9456562 ], [ 20.1608324, 54.945867 ], [ 20.1607429, 54.945867 ] ] } },
{ "type": "Feature", "properties": { "full_id": "w636949050", "osm_id": "636949050", "osm_type": "way", "highway": "footway", "footway": null, "tunnel": null, "covered": null, "source:cycleway:width": null, "segregated": null, "footway:surface": null, "cycleway:width": null, "cycleway:surface": null, "bicycle": null, "foot": null, "smoothness": null, "name:ru": null, "name:pl": null, "name:etymology:wikidata": null, "name:be": null, "name": null, "lit": null, "incline": null, "surface": "paving_stones" }, "geometry": { "type": "LineString", "coordinates": [ [ 20.1607429, 54.945867 ], [ 20.1607348, 54.945923 ] ] } },
{ "type": "Feature", "properties": { "full_id": "w636949051", "osm_id": "636949051", "osm_type": "way", "highway": "footway", "footway": null, "tunnel": null, "covered": null, "source:cycleway:width": null, "segregated": null, "footway:surface": null, "cycleway:width": null, "cycleway:surface": null, "bicycle": null, "foot": null, "smoothness": "good", "name:ru": null, "name:pl": null, "name:etymology:wikidata": null, "name:be": null, "name": null, "lit": null, "incline": null, "surface": "paving_stones" }, "geometry": { "type": "LineString", "coordinates": [ [ 20.1607348, 54.945923 ], [ 20.1607917, 54.94593 ], [ 20.1608486, 54.9459464 ], [ 20.1608649, 54.9459837 ], [ 20.1608876, 54.9460655 ], [ 20.1608814, 54.9460898 ] ] } },
{ "type": "Feature", "properties": { "full_id": "w636949054", "osm_id": "636949054", "osm_type": "way", "highway": "footway", "footway": null, "tunnel": null, "covered": null, "source:cycleway:width": null, "segregated": null, "footway:surface": null, "cycleway:width": null, "cycleway:surface": null, "bicycle": null, "foot": null, "smoothness": null, "name:ru": null, "name:pl": null, "name:etymology:wikidata": null, "name:be": null, "name": null, "lit": null, "incline": null, "surface": "paving_stones" }, "geometry": { "type": "LineString", "coordinates": [ [ 20.1604516, 54.9459834 ], [ 20.1606657, 54.9459954 ], [ 20.1608039, 54.9460258 ], [ 20.1608876, 54.9460655 ] ] } },
{ "type": "Feature", "properties": { "full_id": "w636949069", "osm_id": "636949069", "osm_type": "way", "highway": "footway", "footway": null, "tunnel": null, "covered": null, "source:cycleway:width": null, "segregated": null, "footway:surface": null, "cycleway:width": null, "cycleway:surface": null, "bicycle": null, "foot": null, "smoothness": null, "name:ru": null, "name:pl": null, "name:etymology:wikidata": null, "name:be": null, "name": null, "lit": "yes", "incline": null, "surface": "paving_stones" }, "geometry": { "type": "LineString", "coordinates": [ [ 20.1584586, 54.9456285 ], [ 20.1587854, 54.9460396 ], [ 20.1590484, 54.9462985 ], [ 20.1590747, 54.9464093 ], [ 20.1590754, 54.9464134 ] ] } },
{ "type": "Feature", "properties": { "full_id": "w636949072", "osm_id": "636949072", "osm_type": "way", "highway": "footway", "footway": null, "tunnel": null, "covered": null, "source:cycleway:width": null, "segregated": null, "footway:surface": null, "cycleway:width": null, "cycleway:surface": null, "bicycle": null, "foot": null, "smoothness": "excellent", "name:ru": null, "name:pl": null, "name:etymology:wikidata": null, "name:be": null, "name": null, "lit": "yes", "incline": null, "surface": "paving_stones" }, "geometry": { "type": "LineString", "coordinates": [ [ 20.1590484, 54.9462985 ], [ 20.1591919, 54.9463587 ] ] } },
{ "type": "Feature", "properties": { "full_id": "w636949074", "osm_id": "636949074", "osm_type": "way", "highway": "footway", "footway": null, "tunnel": null, "covered": null, "source:cycleway:width": null, "segregated": null, "footway:surface": null, "cycleway:width": null, "cycleway:surface": null, "bicycle": null, "foot": null, "smoothness": "excellent", "name:ru": null, "name:pl": null, "name:etymology:wikidata": null, "name:be": null, "name": null, "lit": "yes", "incline": null, "surface": "paving_stones" }, "geometry": { "type": "LineString", "coordinates": [ [ 20.1591919, 54.9463587 ], [ 20.1593927, 54.9463882 ], [ 20.1596028, 54.9463882 ], [ 20.1598177, 54.946348 ] ] } },
{ "type": "Feature", "properties": { "full_id": "w636949076", "osm_id": "636949076", "osm_type": "way", "highway": "footway", "footway": null, "tunnel": null, "covered": null, "source:cycleway:width": null, "segregated": null, "footway:surface": null, "cycleway:width": null, "cycleway:surface": null, "bicycle": null, "foot": null, "smoothness": null, "name:ru": null, "name:pl": null, "name:etymology:wikidata": null, "name:be": null, "name": null, "lit": "yes", "incline": null, "surface": "paving_stones" }, "geometry": { "type": "LineString", "coordinates": [ [ 20.1587854, 54.9460396 ], [ 20.1580342, 54.9462396 ] ] } },
{ "type": "Feature", "properties": { "full_id": "w636949083", "osm_id": "636949083", "osm_type": "way", "highway": "footway", "footway": null, "tunnel": null, "covered": null, "source:cycleway:width": null, "segregated": null, "footway:surface": null, "cycleway:width": null, "cycleway:surface": null, "bicycle": null, "foot": null, "smoothness": "intermediate", "name:ru": null, "name:pl": null, "name:etymology:wikidata": null, "name:be": null, "name": null, "lit": "yes", "incline": null, "surface": "fine_gravel" }, "geometry": { "type": "LineString", "coordinates": [ [ 20.1559144, 54.9461655 ], [ 20.1559037, 54.9461868 ], [ 20.1558715, 54.9461876 ], [ 20.1558434, 54.946176 ], [ 20.1558595, 54.9461591 ], [ 20.1558851, 54.9461482 ] ] } },
{ "type": "Feature", "properties": { "full_id": "w636949087", "osm_id": "636949087", "osm_type": "way", "highway": "footway", "footway": null, "tunnel": null, "covered": null, "source:cycleway:width": null, "segregated": null, "footway:surface": null, "cycleway:width": null, "cycleway:surface": null, "bicycle": null, "foot": null, "smoothness": null, "name:ru": null, "name:pl": null, "name:etymology:wikidata": null, "name:be": null, "name": null, "lit": "yes", "incline": null, "surface": "paving_stones" }, "geometry": { "type": "LineString", "coordinates": [ [ 20.1597377, 54.9440715 ], [ 20.1596429, 54.9443835 ], [ 20.1595995, 54.9445268 ] ] } },
{ "type": "Feature", "properties": { "full_id": "w636949090", "osm_id": "636949090", "osm_type": "way", "highway": "footway", "footway": null, "tunnel": null, "covered": null, "source:cycleway:width": null, "segregated": null, "footway:surface": null, "cycleway:width": null, "cycleway:surface": null, "bicycle": null, "foot": null, "smoothness": null, "name:ru": null, "name:pl": null, "name:etymology:wikidata": null, "name:be": null, "name": null, "lit": "yes", "incline": null, "surface": "paving_stones" }, "geometry": { "type": "LineString", "coordinates": [ [ 20.1597377, 54.9440715 ], [ 20.1597296, 54.9440276 ], [ 20.1597214, 54.9439827 ] ] } },
{ "type": "Feature", "properties": { "full_id": "w636949092", "osm_id": "636949092", "osm_type": "way", "highway": "footway", "footway": null, "tunnel": null, "covered": null, "source:cycleway:width": null, "segregated": null, "footway:surface": null, "cycleway:width": null, "cycleway:surface": null, "bicycle": null, "foot": null, "smoothness": null, "name:ru": null, "name:pl": null, "name:etymology:wikidata": null, "name:be": null, "name": null, "lit": null, "incline": null, "surface": "paving_stones" }, "geometry": { "type": "LineString", "coordinates": [ [ 20.1597214, 54.9439827 ], [ 20.1592909, 54.9434196 ] ] } },
{ "type": "Feature", "properties": { "full_id": "w636949094", "osm_id": "636949094", "osm_type": "way", "highway": "footway", "footway": null, "tunnel": null, "covered": null, "source:cycleway:width": null, "segregated": null, "footway:surface": null, "cycleway:width": null, "cycleway:surface": null, "bicycle": null, "foot": null, "smoothness": null, "name:ru": null, "name:pl": null, "name:etymology:wikidata": null, "name:be": null, "name": null, "lit": "yes", "incline": null, "surface": "paving_stones" }, "geometry": { "type": "LineString", "coordinates": [ [ 20.1596429, 54.9443835 ], [ 20.1593799, 54.9445665 ], [ 20.1592756, 54.9448848 ], [ 20.1589978, 54.9448934 ], [ 20.1588026, 54.9449378 ], [ 20.1586237, 54.9450265 ] ] } },
{ "type": "Feature", "properties": { "full_id": "w636949096", "osm_id": "636949096", "osm_type": "way", "highway": "footway", "footway": null, "tunnel": null, "covered": null, "source:cycleway:width": null, "segregated": null, "footway:surface": null, "cycleway:width": null, "cycleway:surface": null, "bicycle": null, "foot": null, "smoothness": null, "name:ru": null, "name:pl": null, "name:etymology:wikidata": null, "name:be": null, "name": null, "lit": "yes", "incline": null, "surface": "paving_stones" }, "geometry": { "type": "LineString", "coordinates": [ [ 20.1586237, 54.9450265 ], [ 20.1585546, 54.9450919 ], [ 20.158476, 54.9451893 ], [ 20.1585506, 54.9453114 ] ] } },
{ "type": "Feature", "properties": { "full_id": "w636949099", "osm_id": "636949099", "osm_type": "way", "highway": "footway", "footway": null, "tunnel": null, "covered": null, "source:cycleway:width": null, "segregated": null, "footway:surface": null, "cycleway:width": null, "cycleway:surface": null, "bicycle": null, "foot": null, "smoothness": null, "name:ru": null, "name:pl": null, "name:etymology:wikidata": null, "name:be": null, "name": null, "lit": "yes", "incline": null, "surface": "paving_stones" }, "geometry": { "type": "LineString", "coordinates": [ [ 20.1584586, 54.9456285 ], [ 20.1581556, 54.9453314 ] ] } },
{ "type": "Feature", "properties": { "full_id": "w636949102", "osm_id": "636949102", "osm_type": "way", "highway": "footway", "footway": null, "tunnel": null, "covered": null, "source:cycleway:width": null, "segregated": null, "footway:surface": null, "cycleway:width": null, "cycleway:surface": null, "bicycle": null, "foot": null, "smoothness": null, "name:ru": null, "name:pl": null, "name:etymology:wikidata": null, "name:be": null, "name": null, "lit": "yes", "incline": null, "surface": "paving_stones" }, "geometry": { "type": "LineString", "coordinates": [ [ 20.158476, 54.9451893 ], [ 20.1581556, 54.9453314 ] ] } },
{ "type": "Feature", "properties": { "full_id": "w636949107", "osm_id": "636949107", "osm_type": "way", "highway": "footway", "footway": null, "tunnel": null, "covered": null, "source:cycleway:width": null, "segregated": null, "footway:surface": null, "cycleway:width": null, "cycleway:surface": null, "bicycle": null, "foot": null, "smoothness": null, "name:ru": null, "name:pl": null, "name:etymology:wikidata": null, "name:be": null, "name": null, "lit": "yes", "incline": null, "surface": "paving_stones" }, "geometry": { "type": "LineString", "coordinates": [ [ 20.1564407, 54.9422567 ], [ 20.1565991, 54.9424159 ], [ 20.1569386, 54.9426956 ] ] } },
{ "type": "Feature", "properties": { "full_id": "w636949282", "osm_id": "636949282", "osm_type": "way", "highway": "footway", "footway": null, "tunnel": null, "covered": null, "source:cycleway:width": null, "segregated": null, "footway:surface": null, "cycleway:width": null, "cycleway:surface": null, "bicycle": null, "foot": null, "smoothness": null, "name:ru": null, "name:pl": null, "name:etymology:wikidata": null, "name:be": null, "name": null, "lit": "yes", "incline": null, "surface": "paving_stones" }, "geometry": { "type": "LineString", "coordinates": [ [ 20.1559344, 54.9426528 ], [ 20.1559396, 54.9424871 ], [ 20.1559578, 54.9419121 ] ] } },
{ "type": "Feature", "properties": { "full_id": "w637817838", "osm_id": "637817838", "osm_type": "way", "highway": "footway", "footway": null, "tunnel": null, "covered": null, "source:cycleway:width": null, "segregated": null, "footway:surface": null, "cycleway:width": null, "cycleway:surface": null, "bicycle": null, "foot": null, "smoothness": null, "name:ru": null, "name:pl": null, "name:etymology:wikidata": null, "name:be": null, "name": null, "lit": null, "incline": null, "surface": "paving_stones" }, "geometry": { "type": "LineString", "coordinates": [ [ 20.1470917, 54.9440549 ], [ 20.1471088, 54.9439989 ], [ 20.1474181, 54.9440327 ], [ 20.1491488, 54.9442363 ], [ 20.1496606, 54.9442591 ], [ 20.1501299, 54.9442397 ], [ 20.1508163, 54.9442112 ], [ 20.1529323, 54.9441336 ] ] } },
{ "type": "Feature", "properties": { "full_id": "w826786235", "osm_id": "826786235", "osm_type": "way", "highway": "footway", "footway": null, "tunnel": null, "covered": null, "source:cycleway:width": null, "segregated": null, "footway:surface": null, "cycleway:width": null, "cycleway:surface": null, "bicycle": null, "foot": null, "smoothness": null, "name:ru": null, "name:pl": null, "name:etymology:wikidata": null, "name:be": null, "name": null, "lit": "yes", "incline": null, "surface": "wood" }, "geometry": { "type": "LineString", "coordinates": [ [ 20.1713222, 54.9497879 ], [ 20.1713941, 54.9497277 ] ] } },
{ "type": "Feature", "properties": { "full_id": "w826786237", "osm_id": "826786237", "osm_type": "way", "highway": "footway", "footway": null, "tunnel": null, "covered": null, "source:cycleway:width": null, "segregated": null, "footway:surface": null, "cycleway:width": null, "cycleway:surface": null, "bicycle": null, "foot": null, "smoothness": "bad", "name:ru": null, "name:pl": null, "name:etymology:wikidata": null, "name:be": null, "name": null, "lit": "no", "incline": "up", "surface": "sand" }, "geometry": { "type": "LineString", "coordinates": [ [ 20.1731756, 54.9502847 ], [ 20.1731893, 54.9503275 ], [ 20.1732637, 54.9503168 ], [ 20.1733174, 54.9503022 ], [ 20.1734667, 54.9501723 ], [ 20.1734224, 54.9500336 ], [ 20.1733701, 54.9499705 ], [ 20.1732548, 54.9499004 ] ] } },
{ "type": "Feature", "properties": { "full_id": "w826786238", "osm_id": "826786238", "osm_type": "way", "highway": "footway", "footway": null, "tunnel": null, "covered": null, "source:cycleway:width": null, "segregated": null, "footway:surface": null, "cycleway:width": null, "cycleway:surface": null, "bicycle": null, "foot": null, "smoothness": "excellent", "name:ru": null, "name:pl": null, "name:etymology:wikidata": null, "name:be": null, "name": null, "lit": "yes", "incline": null, "surface": "paving_stones" }, "geometry": { "type": "LineString", "coordinates": [ [ 20.1732109, 54.9501136 ], [ 20.1733822, 54.9501715 ] ] } },
{ "type": "Feature", "properties": { "full_id": "w826786240", "osm_id": "826786240", "osm_type": "way", "highway": "footway", "footway": null, "tunnel": null, "covered": null, "source:cycleway:width": null, "segregated": null, "footway:surface": null, "cycleway:width": null, "cycleway:surface": null, "bicycle": null, "foot": null, "smoothness": "excellent", "name:ru": null, "name:pl": null, "name:etymology:wikidata": null, "name:be": null, "name": null, "lit": "no", "incline": "up", "surface": "concrete" }, "geometry": { "type": "LineString", "coordinates": [ [ 20.171459, 54.9498811 ], [ 20.1717822, 54.9499296 ], [ 20.1719418, 54.9499651 ], [ 20.1721564, 54.9500459 ], [ 20.1723334, 54.9500783 ], [ 20.1724809, 54.9500883 ], [ 20.1726888, 54.9501461 ] ] } },
{ "type": "Feature", "properties": { "full_id": "w826786246", "osm_id": "826786246", "osm_type": "way", "highway": "footway", "footway": "sidewalk", "tunnel": null, "covered": null, "source:cycleway:width": null, "segregated": null, "footway:surface": null, "cycleway:width": null, "cycleway:surface": null, "bicycle": null, "foot": null, "smoothness": "good", "name:ru": null, "name:pl": null, "name:etymology:wikidata": null, "name:be": null, "name": null, "lit": "yes", "incline": null, "surface": "paving_stones" }, "geometry": { "type": "LineString", "coordinates": [ [ 20.1729381, 54.949918 ], [ 20.1730388, 54.9497402 ], [ 20.1731099, 54.9496454 ], [ 20.1732078, 54.9495646 ], [ 20.1734479, 54.9494598 ], [ 20.1740983, 54.9492265 ] ] } },
{ "type": "Feature", "properties": { "full_id": "w826786247", "osm_id": "826786247", "osm_type": "way", "highway": "footway", "footway": null, "tunnel": null, "covered": null, "source:cycleway:width": null, "segregated": null, "footway:surface": null, "cycleway:width": null, "cycleway:surface": null, "bicycle": null, "foot": null, "smoothness": null, "name:ru": null, "name:pl": null, "name:etymology:wikidata": null, "name:be": null, "name": null, "lit": null, "incline": null, "surface": null }, "geometry": { "type": "LineString", "coordinates": [ [ 20.1729731, 54.9495777 ], [ 20.1731971, 54.9495207 ], [ 20.1740098, 54.949208 ], [ 20.1740983, 54.9492265 ] ] } },
{ "type": "Feature", "properties": { "full_id": "w826786248", "osm_id": "826786248", "osm_type": "way", "highway": "footway", "footway": null, "tunnel": null, "covered": null, "source:cycleway:width": null, "segregated": null, "footway:surface": null, "cycleway:width": null, "cycleway:surface": null, "bicycle": null, "foot": null, "smoothness": "intermediate", "name:ru": null, "name:pl": null, "name:etymology:wikidata": null, "name:be": null, "name": null, "lit": "yes", "incline": null, "surface": "concrete" }, "geometry": { "type": "LineString", "coordinates": [ [ 20.1714967, 54.9497499 ], [ 20.1715045, 54.9497363 ], [ 20.1715281, 54.9496945 ], [ 20.1715376, 54.9496787 ] ] } },
{ "type": "Feature", "properties": { "full_id": "w922365681", "osm_id": "922365681", "osm_type": "way", "highway": "footway", "footway": null, "tunnel": null, "covered": null, "source:cycleway:width": null, "segregated": null, "footway:surface": null, "cycleway:width": null, "cycleway:surface": null, "bicycle": null, "foot": null, "smoothness": null, "name:ru": null, "name:pl": null, "name:etymology:wikidata": null, "name:be": null, "name": null, "lit": "yes", "incline": null, "surface": "paving_stones" }, "geometry": { "type": "LineString", "coordinates": [ [ 20.1581556, 54.9453314 ], [ 20.1581324, 54.9451819 ], [ 20.1578143, 54.9451684 ], [ 20.1571363, 54.9450847 ] ] } },
{ "type": "Feature", "properties": { "full_id": "w922366074", "osm_id": "922366074", "osm_type": "way", "highway": "footway", "footway": null, "tunnel": null, "covered": null, "source:cycleway:width": null, "segregated": null, "footway:surface": null, "cycleway:width": null, "cycleway:surface": null, "bicycle": null, "foot": null, "smoothness": null, "name:ru": null, "name:pl": null, "name:etymology:wikidata": null, "name:be": null, "name": null, "lit": "yes", "incline": null, "surface": "paving_stones" }, "geometry": { "type": "LineString", "coordinates": [ [ 20.1634976, 54.9463748 ], [ 20.1627981, 54.9459908 ], [ 20.1620083, 54.9457731 ], [ 20.161047, 54.9456573 ], [ 20.1608359, 54.9456562 ], [ 20.160532, 54.9456547 ] ] } },
{ "type": "Feature", "properties": { "full_id": "w974237006", "osm_id": "974237006", "osm_type": "way", "highway": "footway", "footway": null, "tunnel": null, "covered": null, "source:cycleway:width": null, "segregated": null, "footway:surface": null, "cycleway:width": null, "cycleway:surface": null, "bicycle": null, "foot": null, "smoothness": "excellent", "name:ru": null, "name:pl": null, "name:etymology:wikidata": null, "name:be": null, "name": null, "lit": "yes", "incline": "up", "surface": "wood" }, "geometry": { "type": "LineString", "coordinates": [ [ 20.1726888, 54.9501461 ], [ 20.172802, 54.9501185 ] ] } },
{ "type": "Feature", "properties": { "full_id": "w974320272", "osm_id": "974320272", "osm_type": "way", "highway": "footway", "footway": null, "tunnel": null, "covered": null, "source:cycleway:width": null, "segregated": null, "footway:surface": null, "cycleway:width": null, "cycleway:surface": null, "bicycle": null, "foot": null, "smoothness": "intermediate", "name:ru": null, "name:pl": null, "name:etymology:wikidata": null, "name:be": null, "name": null, "lit": "yes", "incline": null, "surface": "paving_stones" }, "geometry": { "type": "LineString", "coordinates": [ [ 20.1651281, 54.9475383 ], [ 20.1652204, 54.9473608 ] ] } },
{ "type": "Feature", "properties": { "full_id": "w974329530", "osm_id": "974329530", "osm_type": "way", "highway": "footway", "footway": null, "tunnel": null, "covered": null, "source:cycleway:width": null, "segregated": null, "footway:surface": null, "cycleway:width": null, "cycleway:surface": null, "bicycle": null, "foot": null, "smoothness": "excellent", "name:ru": null, "name:pl": null, "name:etymology:wikidata": null, "name:be": null, "name": null, "lit": "yes", "incline": null, "surface": "paving_stones" }, "geometry": { "type": "LineString", "coordinates": [ [ 20.159228, 54.9472367 ], [ 20.1592438, 54.9472043 ], [ 20.1592681, 54.9471546 ] ] } },
{ "type": "Feature", "properties": { "full_id": "w974329532", "osm_id": "974329532", "osm_type": "way", "highway": "footway", "footway": null, "tunnel": null, "covered": null, "source:cycleway:width": null, "segregated": null, "footway:surface": null, "cycleway:width": null, "cycleway:surface": null, "bicycle": null, "foot": null, "smoothness": "excellent", "name:ru": null, "name:pl": null, "name:etymology:wikidata": null, "name:be": null, "name": null, "lit": "yes", "incline": null, "surface": "paving_stones" }, "geometry": { "type": "LineString", "coordinates": [ [ 20.1594583, 54.9467597 ], [ 20.1595216, 54.9464676 ], [ 20.159523, 54.9464623 ] ] } },
{ "type": "Feature", "properties": { "full_id": "w974329534", "osm_id": "974329534", "osm_type": "way", "highway": "footway", "footway": null, "tunnel": null, "covered": null, "source:cycleway:width": null, "segregated": null, "footway:surface": null, "cycleway:width": null, "cycleway:surface": null, "bicycle": null, "foot": null, "smoothness": "good", "name:ru": null, "name:pl": null, "name:etymology:wikidata": null, "name:be": null, "name": null, "lit": null, "incline": null, "surface": "paving_stones" }, "geometry": { "type": "LineString", "coordinates": [ [ 20.1602984, 54.9465618 ], [ 20.1603096, 54.9465553 ], [ 20.1605225, 54.9463842 ], [ 20.1608814, 54.9460898 ] ] } },
{ "type": "Feature", "properties": { "full_id": "w974329535", "osm_id": "974329535", "osm_type": "way", "highway": "footway", "footway": null, "tunnel": null, "covered": null, "source:cycleway:width": null, "segregated": null, "footway:surface": null, "cycleway:width": null, "cycleway:surface": null, "bicycle": null, "foot": null, "smoothness": null, "name:ru": null, "name:pl": null, "name:etymology:wikidata": null, "name:be": null, "name": null, "lit": "yes", "incline": null, "surface": "paving_stones" }, "geometry": { "type": "LineString", "coordinates": [ [ 20.1650151, 54.9462333 ], [ 20.1648107, 54.9462414 ], [ 20.1635107, 54.946118 ], [ 20.1627981, 54.9459908 ] ] } },
{ "type": "Feature", "properties": { "full_id": "w974329536", "osm_id": "974329536", "osm_type": "way", "highway": "footway", "footway": null, "tunnel": null, "covered": null, "source:cycleway:width": null, "segregated": null, "footway:surface": null, "cycleway:width": null, "cycleway:surface": null, "bicycle": null, "foot": null, "smoothness": null, "name:ru": null, "name:pl": null, "name:etymology:wikidata": null, "name:be": null, "name": null, "lit": "yes", "incline": null, "surface": "paving_stones" }, "geometry": { "type": "LineString", "coordinates": [ [ 20.1620169, 54.9453984 ], [ 20.1620083, 54.9457731 ], [ 20.1618824, 54.9469529 ] ] } },
{ "type": "Feature", "properties": { "full_id": "w974417207", "osm_id": "974417207", "osm_type": "way", "highway": "footway", "footway": null, "tunnel": null, "covered": null, "source:cycleway:width": null, "segregated": null, "footway:surface": null, "cycleway:width": null, "cycleway:surface": null, "bicycle": null, "foot": null, "smoothness": null, "name:ru": null, "name:pl": null, "name:etymology:wikidata": null, "name:be": null, "name": null, "lit": null, "incline": null, "surface": "paving_stones" }, "geometry": { "type": "LineString", "coordinates": [ [ 20.1619369, 54.944689 ], [ 20.1619569, 54.944866 ], [ 20.1620169, 54.9453984 ] ] } },
{ "type": "Feature", "properties": { "full_id": "w974417303", "osm_id": "974417303", "osm_type": "way", "highway": "footway", "footway": null, "tunnel": null, "covered": null, "source:cycleway:width": null, "segregated": null, "footway:surface": null, "cycleway:width": null, "cycleway:surface": null, "bicycle": null, "foot": null, "smoothness": "good", "name:ru": null, "name:pl": null, "name:etymology:wikidata": null, "name:be": null, "name": null, "lit": "yes", "incline": null, "surface": "paving_stones" }, "geometry": { "type": "LineString", "coordinates": [ [ 20.1618824, 54.9469529 ], [ 20.1618797, 54.9469779 ] ] } },
{ "type": "Feature", "properties": { "full_id": "w974599275", "osm_id": "974599275", "osm_type": "way", "highway": "footway", "footway": null, "tunnel": null, "covered": null, "source:cycleway:width": null, "segregated": null, "footway:surface": null, "cycleway:width": null, "cycleway:surface": null, "bicycle": null, "foot": "yes", "smoothness": null, "name:ru": null, "name:pl": null, "name:etymology:wikidata": null, "name:be": null, "name": null, "lit": null, "incline": null, "surface": "concrete" }, "geometry": { "type": "LineString", "coordinates": [ [ 20.1585333, 54.9432789 ], [ 20.1587441, 54.9432726 ], [ 20.1591943, 54.9432532 ] ] } },
{ "type": "Feature", "properties": { "full_id": "w974599439", "osm_id": "974599439", "osm_type": "way", "highway": "footway", "footway": null, "tunnel": null, "covered": null, "source:cycleway:width": null, "segregated": null, "footway:surface": null, "cycleway:width": null, "cycleway:surface": null, "bicycle": null, "foot": "yes", "smoothness": null, "name:ru": null, "name:pl": null, "name:etymology:wikidata": null, "name:be": null, "name": null, "lit": null, "incline": null, "surface": "paving_stones" }, "geometry": { "type": "LineString", "coordinates": [ [ 20.1591943, 54.9432532 ], [ 20.1592909, 54.9434196 ] ] } },
{ "type": "Feature", "properties": { "full_id": "w974887489", "osm_id": "974887489", "osm_type": "way", "highway": "footway", "footway": null, "tunnel": null, "covered": null, "source:cycleway:width": null, "segregated": null, "footway:surface": null, "cycleway:width": null, "cycleway:surface": null, "bicycle": null, "foot": null, "smoothness": "bad", "name:ru": null, "name:pl": null, "name:etymology:wikidata": null, "name:be": null, "name": null, "lit": "yes", "incline": "up", "surface": "sand" }, "geometry": { "type": "LineString", "coordinates": [ [ 20.1732548, 54.9499004 ], [ 20.1731674, 54.9499504 ] ] } },
{ "type": "Feature", "properties": { "full_id": "w995725100", "osm_id": "995725100", "osm_type": "way", "highway": "footway", "footway": null, "tunnel": null, "covered": null, "source:cycleway:width": null, "segregated": null, "footway:surface": null, "cycleway:width": null, "cycleway:surface": null, "bicycle": null, "foot": null, "smoothness": null, "name:ru": null, "name:pl": null, "name:etymology:wikidata": null, "name:be": null, "name": null, "lit": null, "incline": null, "surface": "paving_stones" }, "geometry": { "type": "LineString", "coordinates": [ [ 20.1583027, 54.9430628 ], [ 20.158306, 54.9431661 ], [ 20.1579072, 54.9429604 ] ] } },
{ "type": "Feature", "properties": { "full_id": "w995725101", "osm_id": "995725101", "osm_type": "way", "highway": "footway", "footway": null, "tunnel": null, "covered": null, "source:cycleway:width": null, "segregated": null, "footway:surface": null, "cycleway:width": null, "cycleway:surface": null, "bicycle": null, "foot": null, "smoothness": null, "name:ru": null, "name:pl": null, "name:etymology:wikidata": null, "name:be": null, "name": null, "lit": null, "incline": null, "surface": "paving_stones" }, "geometry": { "type": "LineString", "coordinates": [ [ 20.1587441, 54.9432726 ], [ 20.158306, 54.9431661 ], [ 20.1580112, 54.9432702 ] ] } },
{ "type": "Feature", "properties": { "full_id": "w995725108", "osm_id": "995725108", "osm_type": "way", "highway": "footway", "footway": null, "tunnel": null, "covered": null, "source:cycleway:width": null, "segregated": null, "footway:surface": null, "cycleway:width": null, "cycleway:surface": null, "bicycle": null, "foot": null, "smoothness": null, "name:ru": null, "name:pl": null, "name:etymology:wikidata": null, "name:be": null, "name": null, "lit": null, "incline": null, "surface": "paving_stones" }, "geometry": { "type": "LineString", "coordinates": [ [ 20.1622912, 54.943909 ], [ 20.1622664, 54.9438594 ] ] } },
{ "type": "Feature", "properties": { "full_id": "w995725123", "osm_id": "995725123", "osm_type": "way", "highway": "footway", "footway": null, "tunnel": null, "covered": null, "source:cycleway:width": null, "segregated": null, "footway:surface": null, "cycleway:width": null, "cycleway:surface": null, "bicycle": null, "foot": null, "smoothness": null, "name:ru": null, "name:pl": null, "name:etymology:wikidata": null, "name:be": null, "name": null, "lit": null, "incline": null, "surface": "paving_stones" }, "geometry": { "type": "LineString", "coordinates": [ [ 20.1559358, 54.9418964 ], [ 20.156414, 54.9415203 ], [ 20.1573586, 54.9408027 ], [ 20.1578332, 54.9412946 ], [ 20.158092, 54.9415629 ] ] } },
{ "type": "Feature", "properties": { "full_id": "w999903924", "osm_id": "999903924", "osm_type": "way", "highway": "footway", "footway": null, "tunnel": null, "covered": null, "source:cycleway:width": null, "segregated": null, "footway:surface": null, "cycleway:width": null, "cycleway:surface": null, "bicycle": null, "foot": null, "smoothness": null, "name:ru": null, "name:pl": null, "name:etymology:wikidata": null, "name:be": null, "name": null, "lit": null, "incline": null, "surface": "paving_stones" }, "geometry": { "type": "LineString", "coordinates": [ [ 20.1604539, 54.9449153 ], [ 20.1619569, 54.944866 ] ] } },
{ "type": "Feature", "properties": { "full_id": "w999952933", "osm_id": "999952933", "osm_type": "way", "highway": "footway", "footway": null, "tunnel": null, "covered": null, "source:cycleway:width": null, "segregated": null, "footway:surface": null, "cycleway:width": null, "cycleway:surface": null, "bicycle": null, "foot": null, "smoothness": null, "name:ru": null, "name:pl": null, "name:etymology:wikidata": null, "name:be": null, "name": null, "lit": null, "incline": null, "surface": null }, "geometry": { "type": "LineString", "coordinates": [ [ 20.1742823, 54.9501012 ], [ 20.1755036, 54.9497886 ], [ 20.175615, 54.9496 ] ] } },
{ "type": "Feature", "properties": { "full_id": "w1004699915", "osm_id": "1004699915", "osm_type": "way", "highway": "footway", "footway": null, "tunnel": null, "covered": null, "source:cycleway:width": null, "segregated": null, "footway:surface": null, "cycleway:width": null, "cycleway:surface": null, "bicycle": null, "foot": null, "smoothness": null, "name:ru": null, "name:pl": null, "name:etymology:wikidata": null, "name:be": null, "name": null, "lit": "yes", "incline": null, "surface": "paving_stones" }, "geometry": { "type": "LineString", "coordinates": [ [ 20.1563796, 54.9427853 ], [ 20.156507, 54.9428148 ], [ 20.1566049, 54.9428051 ], [ 20.1567216, 54.9427566 ], [ 20.1568328, 54.9427779 ] ] } },
{ "type": "Feature", "properties": { "full_id": "w1004875431", "osm_id": "1004875431", "osm_type": "way", "highway": "footway", "footway": null, "tunnel": null, "covered": null, "source:cycleway:width": null, "segregated": null, "footway:surface": null, "cycleway:width": null, "cycleway:surface": null, "bicycle": null, "foot": null, "smoothness": "excellent", "name:ru": null, "name:pl": null, "name:etymology:wikidata": null, "name:be": null, "name": null, "lit": "yes", "incline": null, "surface": "paving_stones" }, "geometry": { "type": "LineString", "coordinates": [ [ 20.1558112, 54.9442383 ], [ 20.1562536, 54.9443673 ] ] } },
{ "type": "Feature", "properties": { "full_id": "w1004875432", "osm_id": "1004875432", "osm_type": "way", "highway": "footway", "footway": null, "tunnel": null, "covered": null, "source:cycleway:width": null, "segregated": null, "footway:surface": null, "cycleway:width": null, "cycleway:surface": null, "bicycle": null, "foot": "yes", "smoothness": null, "name:ru": null, "name:pl": null, "name:etymology:wikidata": null, "name:be": null, "name": null, "lit": null, "incline": null, "surface": "paving_stones" }, "geometry": { "type": "LineString", "coordinates": [ [ 20.151341, 54.9436593 ], [ 20.1514602, 54.9436401 ] ] } },
{ "type": "Feature", "properties": { "full_id": "w1144554619", "osm_id": "1144554619", "osm_type": "way", "highway": "footway", "footway": null, "tunnel": null, "covered": null, "source:cycleway:width": null, "segregated": null, "footway:surface": null, "cycleway:width": null, "cycleway:surface": null, "bicycle": null, "foot": null, "smoothness": null, "name:ru": null, "name:pl": null, "name:etymology:wikidata": null, "name:be": null, "name": null, "lit": null, "incline": null, "surface": "sand" }, "geometry": { "type": "LineString", "coordinates": [ [ 20.1734667, 54.9501723 ], [ 20.1735612, 54.9502314 ], [ 20.1738897, 54.9502732 ], [ 20.1741221, 54.950323 ], [ 20.1741507, 54.9502534 ] ] } },
{ "type": "Feature", "properties": { "full_id": "w1144554620", "osm_id": "1144554620", "osm_type": "way", "highway": "footway", "footway": null, "tunnel": null, "covered": null, "source:cycleway:width": null, "segregated": null, "footway:surface": null, "cycleway:width": null, "cycleway:surface": null, "bicycle": null, "foot": null, "smoothness": null, "name:ru": null, "name:pl": null, "name:etymology:wikidata": null, "name:be": null, "name": null, "lit": null, "incline": null, "surface": "sand" }, "geometry": { "type": "LineString", "coordinates": [ [ 20.1733174, 54.9503022 ], [ 20.1735612, 54.9502314 ] ] } },
{ "type": "Feature", "properties": { "full_id": "w1144554621", "osm_id": "1144554621", "osm_type": "way", "highway": "footway", "footway": null, "tunnel": null, "covered": null, "source:cycleway:width": null, "segregated": null, "footway:surface": null, "cycleway:width": null, "cycleway:surface": null, "bicycle": null, "foot": null, "smoothness": null, "name:ru": null, "name:pl": null, "name:etymology:wikidata": null, "name:be": null, "name": null, "lit": null, "incline": null, "surface": "sand" }, "geometry": { "type": "LineString", "coordinates": [ [ 20.1741221, 54.950323 ], [ 20.1747356, 54.9504832 ], [ 20.1750951, 54.9505508 ], [ 20.1755397, 54.9506656 ], [ 20.1759968, 54.9507252 ], [ 20.1762927, 54.9507821 ], [ 20.1766196, 54.9508684 ], [ 20.1768102, 54.950937 ], [ 20.1771247, 54.9509806 ], [ 20.1774268, 54.9510597 ], [ 20.1776546, 54.9511194 ], [ 20.1779614, 54.9511843 ], [ 20.1783007, 54.9512617 ], [ 20.1787763, 54.9513774 ], [ 20.1788594, 54.9513972 ], [ 20.1789963, 54.9514299 ], [ 20.1791117, 54.9514511 ], [ 20.17919, 54.9514655 ], [ 20.1793465, 54.9514833 ], [ 20.1794457, 54.9515028 ], [ 20.1794924, 54.9514519 ] ] } },
{ "type": "Feature", "properties": { "full_id": "w1144554622", "osm_id": "1144554622", "osm_type": "way", "highway": "footway", "footway": null, "tunnel": null, "covered": null, "source:cycleway:width": null, "segregated": null, "footway:surface": null, "cycleway:width": null, "cycleway:surface": null, "bicycle": null, "foot": null, "smoothness": null, "name:ru": null, "name:pl": null, "name:etymology:wikidata": null, "name:be": null, "name": null, "lit": null, "incline": null, "surface": "sand" }, "geometry": { "type": "LineString", "coordinates": [ [ 20.179122, 54.951389 ], [ 20.1791117, 54.9514511 ] ] } },
{ "type": "Feature", "properties": { "full_id": "w1144554623", "osm_id": "1144554623", "osm_type": "way", "highway": "footway", "footway": null, "tunnel": null, "covered": null, "source:cycleway:width": null, "segregated": null, "footway:surface": null, "cycleway:width": null, "cycleway:surface": null, "bicycle": null, "foot": null, "smoothness": null, "name:ru": null, "name:pl": null, "name:etymology:wikidata": null, "name:be": null, "name": null, "lit": null, "incline": null, "surface": "sand" }, "geometry": { "type": "LineString", "coordinates": [ [ 20.1794457, 54.9515028 ], [ 20.1796099, 54.9515651 ], [ 20.1798237, 54.9516283 ], [ 20.1800112, 54.9516683 ], [ 20.1801305, 54.9516906 ], [ 20.1802467, 54.9517466 ], [ 20.1803768, 54.951768 ], [ 20.1806061, 54.9518294 ], [ 20.1807332, 54.9518685 ], [ 20.1811035, 54.9519602 ], [ 20.181308, 54.9520047 ], [ 20.1814443, 54.9520901 ], [ 20.1818208, 54.9521541 ], [ 20.1825723, 54.952365 ], [ 20.183082, 54.9525269 ], [ 20.184033, 54.9528568 ] ] } },
{ "type": "Feature", "properties": { "full_id": "w1144554717", "osm_id": "1144554717", "osm_type": "way", "highway": "footway", "footway": null, "tunnel": null, "covered": null, "source:cycleway:width": null, "segregated": null, "footway:surface": null, "cycleway:width": null, "cycleway:surface": null, "bicycle": null, "foot": null, "smoothness": null, "name:ru": null, "name:pl": null, "name:etymology:wikidata": null, "name:be": null, "name": null, "lit": null, "incline": null, "surface": "grass" }, "geometry": { "type": "LineString", "coordinates": [ [ 20.1550888, 54.9459153 ], [ 20.1553016, 54.9459783 ], [ 20.1554384, 54.945986 ], [ 20.1556155, 54.9461 ], [ 20.1556235, 54.9461878 ], [ 20.1556637, 54.9462618 ], [ 20.1559427, 54.9462433 ], [ 20.1562404, 54.9462187 ], [ 20.156251, 54.9461626 ] ] } },
{ "type": "Feature", "properties": { "full_id": "w1171073820", "osm_id": "1171073820", "osm_type": "way", "highway": "footway", "footway": null, "tunnel": null, "covered": null, "source:cycleway:width": null, "segregated": null, "footway:surface": null, "cycleway:width": null, "cycleway:surface": null, "bicycle": null, "foot": null, "smoothness": "excellent", "name:ru": null, "name:pl": null, "name:etymology:wikidata": null, "name:be": null, "name": null, "lit": "yes", "incline": null, "surface": "paving_stones" }, "geometry": { "type": "LineString", "coordinates": [ [ 20.1558112, 54.9442383 ], [ 20.1558265, 54.9440882 ] ] } },
{ "type": "Feature", "properties": { "full_id": "w1171105663", "osm_id": "1171105663", "osm_type": "way", "highway": "footway", "footway": null, "tunnel": null, "covered": null, "source:cycleway:width": null, "segregated": null, "footway:surface": null, "cycleway:width": null, "cycleway:surface": null, "bicycle": null, "foot": null, "smoothness": null, "name:ru": null, "name:pl": null, "name:etymology:wikidata": null, "name:be": null, "name": null, "lit": "yes", "incline": null, "surface": "dirt" }, "geometry": { "type": "LineString", "coordinates": [ [ 20.1618797, 54.9469779 ], [ 20.1618709, 54.9470603 ] ] } },
{ "type": "Feature", "properties": { "full_id": "w1281918950", "osm_id": "1281918950", "osm_type": "way", "highway": "footway", "footway": null, "tunnel": null, "covered": null, "source:cycleway:width": null, "segregated": null, "footway:surface": null, "cycleway:width": null, "cycleway:surface": null, "bicycle": null, "foot": null, "smoothness": null, "name:ru": null, "name:pl": null, "name:etymology:wikidata": null, "name:be": null, "name": null, "lit": null, "incline": null, "surface": null }, "geometry": { "type": "LineString", "coordinates": [ [ 20.1645989, 54.942276 ], [ 20.1643714, 54.9420929 ] ] } },
{ "type": "Feature", "properties": { "full_id": "w1283603063", "osm_id": "1283603063", "osm_type": "way", "highway": "footway", "footway": null, "tunnel": null, "covered": null, "source:cycleway:width": null, "segregated": null, "footway:surface": null, "cycleway:width": null, "cycleway:surface": null, "bicycle": null, "foot": null, "smoothness": null, "name:ru": null, "name:pl": null, "name:etymology:wikidata": null, "name:be": null, "name": null, "lit": null, "incline": null, "surface": null }, "geometry": { "type": "LineString", "coordinates": [ [ 20.1785203, 54.9441387 ], [ 20.1784657, 54.9440653 ] ] } },
{ "type": "Feature", "properties": { "full_id": "w1283603064", "osm_id": "1283603064", "osm_type": "way", "highway": "footway", "footway": null, "tunnel": null, "covered": null, "source:cycleway:width": null, "segregated": null, "footway:surface": null, "cycleway:width": null, "cycleway:surface": null, "bicycle": null, "foot": null, "smoothness": null, "name:ru": null, "name:pl": null, "name:etymology:wikidata": null, "name:be": null, "name": null, "lit": null, "incline": null, "surface": null }, "geometry": { "type": "LineString", "coordinates": [ [ 20.1786449, 54.944478 ], [ 20.1787066, 54.944561 ], [ 20.1792829, 54.9444197 ] ] } },
{ "type": "Feature", "properties": { "full_id": "w1283603065", "osm_id": "1283603065", "osm_type": "way", "highway": "footway", "footway": null, "tunnel": null, "covered": null, "source:cycleway:width": null, "segregated": null, "footway:surface": null, "cycleway:width": null, "cycleway:surface": null, "bicycle": null, "foot": null, "smoothness": null, "name:ru": null, "name:pl": null, "name:etymology:wikidata": null, "name:be": null, "name": null, "lit": null, "incline": null, "surface": null }, "geometry": { "type": "LineString", "coordinates": [ [ 20.178461, 54.9442855 ], [ 20.1784955, 54.944277 ], [ 20.1786449, 54.944478 ] ] } },
{ "type": "Feature", "properties": { "full_id": "w1283603066", "osm_id": "1283603066", "osm_type": "way", "highway": "footway", "footway": null, "tunnel": null, "covered": null, "source:cycleway:width": null, "segregated": null, "footway:surface": null, "cycleway:width": null, "cycleway:surface": null, "bicycle": null, "foot": null, "smoothness": null, "name:ru": null, "name:pl": null, "name:etymology:wikidata": null, "name:be": null, "name": null, "lit": null, "incline": null, "surface": null }, "geometry": { "type": "LineString", "coordinates": [ [ 20.1786449, 54.944478 ], [ 20.1778306, 54.9446712 ] ] } },
{ "type": "Feature", "properties": { "full_id": "w1283603067", "osm_id": "1283603067", "osm_type": "way", "highway": "footway", "footway": null, "tunnel": null, "covered": null, "source:cycleway:width": null, "segregated": null, "footway:surface": null, "cycleway:width": null, "cycleway:surface": null, "bicycle": null, "foot": null, "smoothness": null, "name:ru": null, "name:pl": null, "name:etymology:wikidata": null, "name:be": null, "name": null, "lit": null, "incline": null, "surface": null }, "geometry": { "type": "LineString", "coordinates": [ [ 20.1777104, 54.9446513 ], [ 20.177825, 54.9446633 ] ] } },
{ "type": "Feature", "properties": { "full_id": "w1283603068", "osm_id": "1283603068", "osm_type": "way", "highway": "footway", "footway": null, "tunnel": null, "covered": null, "source:cycleway:width": null, "segregated": null, "footway:surface": null, "cycleway:width": null, "cycleway:surface": null, "bicycle": null, "foot": null, "smoothness": null, "name:ru": null, "name:pl": null, "name:etymology:wikidata": null, "name:be": null, "name": null, "lit": null, "incline": null, "surface": null }, "geometry": { "type": "LineString", "coordinates": [ [ 20.1769882, 54.9439162 ], [ 20.1771587, 54.9440142 ], [ 20.1772405, 54.9439749 ], [ 20.1772928, 54.943914 ] ] } },
{ "type": "Feature", "properties": { "full_id": "w1283603069", "osm_id": "1283603069", "osm_type": "way", "highway": "footway", "footway": null, "tunnel": null, "covered": null, "source:cycleway:width": null, "segregated": null, "footway:surface": null, "cycleway:width": null, "cycleway:surface": null, "bicycle": null, "foot": null, "smoothness": null, "name:ru": null, "name:pl": null, "name:etymology:wikidata": null, "name:be": null, "name": null, "lit": null, "incline": null, "surface": null }, "geometry": { "type": "LineString", "coordinates": [ [ 20.1753438, 54.9451111 ], [ 20.1760134, 54.9445164 ], [ 20.1762481, 54.94435 ], [ 20.1763596, 54.9442735 ], [ 20.1763997, 54.944246 ], [ 20.1764935, 54.944189 ], [ 20.1769043, 54.9439622 ], [ 20.176958, 54.9439328 ], [ 20.1769882, 54.9439162 ], [ 20.1774963, 54.9436377 ], [ 20.1775631, 54.943602 ], [ 20.1776155, 54.943574 ], [ 20.1777431, 54.9435058 ], [ 20.1777817, 54.9434852 ], [ 20.1782452, 54.9432375 ] ] } },
{ "type": "Feature", "properties": { "full_id": "w1283603070", "osm_id": "1283603070", "osm_type": "way", "highway": "footway", "footway": null, "tunnel": null, "covered": null, "source:cycleway:width": null, "segregated": null, "footway:surface": null, "cycleway:width": null, "cycleway:surface": null, "bicycle": null, "foot": null, "smoothness": null, "name:ru": null, "name:pl": null, "name:etymology:wikidata": null, "name:be": null, "name": null, "lit": null, "incline": null, "surface": null }, "geometry": { "type": "LineString", "coordinates": [ [ 20.1774815, 54.9436288 ], [ 20.1774963, 54.9436377 ], [ 20.1776554, 54.9437327 ], [ 20.1779101, 54.9438849 ] ] } },
{ "type": "Feature", "properties": { "full_id": "w1283603071", "osm_id": "1283603071", "osm_type": "way", "highway": "footway", "footway": null, "tunnel": null, "covered": null, "source:cycleway:width": null, "segregated": null, "footway:surface": null, "cycleway:width": null, "cycleway:surface": null, "bicycle": null, "foot": null, "smoothness": null, "name:ru": null, "name:pl": null, "name:etymology:wikidata": null, "name:be": null, "name": null, "lit": null, "incline": null, "surface": null }, "geometry": { "type": "LineString", "coordinates": [ [ 20.1778306, 54.9446712 ], [ 20.177825, 54.9446633 ], [ 20.1772928, 54.943914 ], [ 20.1775396, 54.9437715 ], [ 20.1775892, 54.94377 ], [ 20.1776554, 54.9437327 ] ] } },
{ "type": "Feature", "properties": { "full_id": "w1283603072", "osm_id": "1283603072", "osm_type": "way", "highway": "footway", "footway": null, "tunnel": null, "covered": null, "source:cycleway:width": null, "segregated": null, "footway:surface": null, "cycleway:width": null, "cycleway:surface": null, "bicycle": null, "foot": null, "smoothness": null, "name:ru": null, "name:pl": null, "name:etymology:wikidata": null, "name:be": null, "name": null, "lit": null, "incline": null, "surface": null }, "geometry": { "type": "LineString", "coordinates": [ [ 20.1783791, 54.9441733 ], [ 20.1785203, 54.9441387 ], [ 20.1788567, 54.9440562 ] ] } },
{ "type": "Feature", "properties": { "full_id": "w1283603074", "osm_id": "1283603074", "osm_type": "way", "highway": "footway", "footway": null, "tunnel": null, "covered": null, "source:cycleway:width": null, "segregated": null, "footway:surface": null, "cycleway:width": null, "cycleway:surface": null, "bicycle": null, "foot": null, "smoothness": null, "name:ru": null, "name:pl": null, "name:etymology:wikidata": null, "name:be": null, "name": null, "lit": null, "incline": null, "surface": null }, "geometry": { "type": "LineString", "coordinates": [ [ 20.178986, 54.9439646 ], [ 20.17942, 54.9437906 ] ] } },
{ "type": "Feature", "properties": { "full_id": "w1283603075", "osm_id": "1283603075", "osm_type": "way", "highway": "footway", "footway": null, "tunnel": null, "covered": null, "source:cycleway:width": null, "segregated": null, "footway:surface": null, "cycleway:width": null, "cycleway:surface": null, "bicycle": null, "foot": null, "smoothness": null, "name:ru": null, "name:pl": null, "name:etymology:wikidata": null, "name:be": null, "name": null, "lit": null, "incline": null, "surface": null }, "geometry": { "type": "LineString", "coordinates": [ [ 20.1788022, 54.9439828 ], [ 20.1788567, 54.9440562 ], [ 20.1789704, 54.9442093 ], [ 20.1791374, 54.9441684 ], [ 20.178986, 54.9439646 ], [ 20.1789692, 54.9439419 ] ] } },
{ "type": "Feature", "properties": { "full_id": "w1283603076", "osm_id": "1283603076", "osm_type": "way", "highway": "footway", "footway": null, "tunnel": null, "covered": null, "source:cycleway:width": null, "segregated": null, "footway:surface": null, "cycleway:width": null, "cycleway:surface": null, "bicycle": null, "foot": null, "smoothness": null, "name:ru": null, "name:pl": null, "name:etymology:wikidata": null, "name:be": null, "name": null, "lit": null, "incline": null, "surface": null }, "geometry": { "type": "LineString", "coordinates": [ [ 20.1782207, 54.9432269 ], [ 20.1782452, 54.9432375 ], [ 20.1790557, 54.9436114 ], [ 20.1791969, 54.9436823 ], [ 20.17942, 54.9437906 ], [ 20.1807649, 54.9446158 ] ] } },
{ "type": "Feature", "properties": { "full_id": "w1283603080", "osm_id": "1283603080", "osm_type": "way", "highway": "footway", "footway": null, "tunnel": null, "covered": null, "source:cycleway:width": null, "segregated": null, "footway:surface": null, "cycleway:width": null, "cycleway:surface": null, "bicycle": null, "foot": null, "smoothness": null, "name:ru": null, "name:pl": null, "name:etymology:wikidata": null, "name:be": null, "name": null, "lit": null, "incline": null, "surface": null }, "geometry": { "type": "LineString", "coordinates": [ [ 20.1783941, 54.9439197 ], [ 20.1787017, 54.9438475 ], [ 20.1790054, 54.9437762 ], [ 20.1790309, 54.94376 ], [ 20.1791154, 54.9436991 ], [ 20.1790557, 54.9436114 ] ] } },
{ "type": "Feature", "properties": { "full_id": "w1283603081", "osm_id": "1283603081", "osm_type": "way", "highway": "footway", "footway": null, "tunnel": null, "covered": null, "source:cycleway:width": null, "segregated": null, "footway:surface": null, "cycleway:width": null, "cycleway:surface": null, "bicycle": null, "foot": null, "smoothness": null, "name:ru": null, "name:pl": null, "name:etymology:wikidata": null, "name:be": null, "name": null, "lit": null, "incline": null, "surface": null }, "geometry": { "type": "LineString", "coordinates": [ [ 20.1783223, 54.9438185 ], [ 20.1782409, 54.9438032 ] ] } },
{ "type": "Feature", "properties": { "full_id": "w1283603082", "osm_id": "1283603082", "osm_type": "way", "highway": "footway", "footway": null, "tunnel": null, "covered": null, "source:cycleway:width": null, "segregated": null, "footway:surface": null, "cycleway:width": null, "cycleway:surface": null, "bicycle": null, "foot": null, "smoothness": null, "name:ru": null, "name:pl": null, "name:etymology:wikidata": null, "name:be": null, "name": null, "lit": null, "incline": null, "surface": null }, "geometry": { "type": "LineString", "coordinates": [ [ 20.1783886, 54.9439119 ], [ 20.1782517, 54.9438316 ], [ 20.1782409, 54.9438032 ] ] } },
{ "type": "Feature", "properties": { "full_id": "w1283603083", "osm_id": "1283603083", "osm_type": "way", "highway": "footway", "footway": null, "tunnel": null, "covered": null, "source:cycleway:width": null, "segregated": null, "footway:surface": null, "cycleway:width": null, "cycleway:surface": null, "bicycle": null, "foot": null, "smoothness": null, "name:ru": null, "name:pl": null, "name:etymology:wikidata": null, "name:be": null, "name": null, "lit": null, "incline": null, "surface": null }, "geometry": { "type": "LineString", "coordinates": [ [ 20.1784928, 54.9440586 ], [ 20.1783941, 54.9439197 ], [ 20.1783886, 54.9439119 ], [ 20.1783223, 54.9438185 ], [ 20.1783021, 54.9437901 ], [ 20.1777817, 54.9434852 ], [ 20.1777673, 54.9434768 ] ] } },
{ "type": "Feature", "properties": { "full_id": "w1283603094", "osm_id": "1283603094", "osm_type": "way", "highway": "footway", "footway": null, "tunnel": null, "covered": null, "source:cycleway:width": null, "segregated": null, "footway:surface": null, "cycleway:width": null, "cycleway:surface": null, "bicycle": null, "foot": null, "smoothness": null, "name:ru": null, "name:pl": null, "name:etymology:wikidata": null, "name:be": null, "name": null, "lit": null, "incline": null, "surface": null }, "geometry": { "type": "LineString", "coordinates": [ [ 20.1767333, 54.9444412 ], [ 20.1770159, 54.9448215 ], [ 20.1771134, 54.9449529 ] ] } },
{ "type": "Feature", "properties": { "full_id": "w1283603095", "osm_id": "1283603095", "osm_type": "way", "highway": "footway", "footway": null, "tunnel": null, "covered": null, "source:cycleway:width": null, "segregated": null, "footway:surface": null, "cycleway:width": null, "cycleway:surface": null, "bicycle": null, "foot": null, "smoothness": null, "name:ru": null, "name:pl": null, "name:etymology:wikidata": null, "name:be": null, "name": null, "lit": null, "incline": null, "surface": null }, "geometry": { "type": "LineString", "coordinates": [ [ 20.1763884, 54.9442394 ], [ 20.1763997, 54.944246 ], [ 20.1767333, 54.9444412 ] ] } },
{ "type": "Feature", "properties": { "full_id": "w1283603099", "osm_id": "1283603099", "osm_type": "way", "highway": "footway", "footway": null, "tunnel": null, "covered": null, "source:cycleway:width": null, "segregated": null, "footway:surface": null, "cycleway:width": null, "cycleway:surface": null, "bicycle": null, "foot": null, "smoothness": null, "name:ru": null, "name:pl": null, "name:etymology:wikidata": null, "name:be": null, "name": null, "lit": null, "incline": null, "surface": null }, "geometry": { "type": "LineString", "coordinates": [ [ 20.1774339, 54.9447191 ], [ 20.1770159, 54.9448215 ], [ 20.1769621, 54.9448347 ] ] } },
{ "type": "Feature", "properties": { "full_id": "w1283603103", "osm_id": "1283603103", "osm_type": "way", "highway": "footway", "footway": null, "tunnel": null, "covered": null, "source:cycleway:width": null, "segregated": null, "footway:surface": null, "cycleway:width": null, "cycleway:surface": null, "bicycle": null, "foot": null, "smoothness": null, "name:ru": null, "name:pl": null, "name:etymology:wikidata": null, "name:be": null, "name": null, "lit": null, "incline": null, "surface": null }, "geometry": { "type": "LineString", "coordinates": [ [ 20.1762205, 54.9450913 ], [ 20.1761057, 54.9450463 ], [ 20.176328, 54.9448595 ], [ 20.1761578, 54.9447927 ] ] } },
{ "type": "Feature", "properties": { "full_id": "w1283603108", "osm_id": "1283603108", "osm_type": "way", "highway": "footway", "footway": null, "tunnel": null, "covered": null, "source:cycleway:width": null, "segregated": null, "footway:surface": null, "cycleway:width": null, "cycleway:surface": null, "bicycle": null, "foot": null, "smoothness": null, "name:ru": null, "name:pl": null, "name:etymology:wikidata": null, "name:be": null, "name": null, "lit": null, "incline": null, "surface": null }, "geometry": { "type": "LineString", "coordinates": [ [ 20.1798731, 54.9460299 ], [ 20.1799212, 54.9459992 ] ] } },
{ "type": "Feature", "properties": { "full_id": "w1283603153", "osm_id": "1283603153", "osm_type": "way", "highway": "footway", "footway": null, "tunnel": null, "covered": null, "source:cycleway:width": null, "segregated": null, "footway:surface": null, "cycleway:width": null, "cycleway:surface": null, "bicycle": null, "foot": null, "smoothness": null, "name:ru": null, "name:pl": null, "name:etymology:wikidata": null, "name:be": null, "name": null, "lit": null, "incline": null, "surface": null }, "geometry": { "type": "LineString", "coordinates": [ [ 20.1801697, 54.9458793 ], [ 20.1806484, 54.9461294 ] ] } },
{ "type": "Feature", "properties": { "full_id": "w1283603156", "osm_id": "1283603156", "osm_type": "way", "highway": "footway", "footway": null, "tunnel": null, "covered": null, "source:cycleway:width": null, "segregated": null, "footway:surface": null, "cycleway:width": null, "cycleway:surface": null, "bicycle": null, "foot": null, "smoothness": null, "name:ru": null, "name:pl": null, "name:etymology:wikidata": null, "name:be": null, "name": null, "lit": null, "incline": null, "surface": null }, "geometry": { "type": "LineString", "coordinates": [ [ 20.1799233, 54.9452616 ], [ 20.1797862, 54.9451911 ], [ 20.179747, 54.9451788 ] ] } },
{ "type": "Feature", "properties": { "full_id": "w1283603159", "osm_id": "1283603159", "osm_type": "way", "highway": "footway", "footway": null, "tunnel": null, "covered": null, "source:cycleway:width": null, "segregated": null, "footway:surface": null, "cycleway:width": null, "cycleway:surface": null, "bicycle": null, "foot": null, "smoothness": null, "name:ru": null, "name:pl": null, "name:etymology:wikidata": null, "name:be": null, "name": null, "lit": null, "incline": null, "surface": null }, "geometry": { "type": "LineString", "coordinates": [ [ 20.1798247, 54.9454499 ], [ 20.1803199, 54.9451322 ], [ 20.1802117, 54.9450766 ] ] } },
{ "type": "Feature", "properties": { "full_id": "w1283603162", "osm_id": "1283603162", "osm_type": "way", "highway": "footway", "footway": null, "tunnel": null, "covered": null, "source:cycleway:width": null, "segregated": null, "footway:surface": null, "cycleway:width": null, "cycleway:surface": null, "bicycle": null, "foot": null, "smoothness": null, "name:ru": null, "name:pl": null, "name:etymology:wikidata": null, "name:be": null, "name": null, "lit": null, "incline": null, "surface": null }, "geometry": { "type": "LineString", "coordinates": [ [ 20.1793319, 54.9451598 ], [ 20.1794971, 54.9450522 ] ] } },
{ "type": "Feature", "properties": { "full_id": "w1283603163", "osm_id": "1283603163", "osm_type": "way", "highway": "footway", "footway": null, "tunnel": null, "covered": null, "source:cycleway:width": null, "segregated": null, "footway:surface": null, "cycleway:width": null, "cycleway:surface": null, "bicycle": null, "foot": null, "smoothness": null, "name:ru": null, "name:pl": null, "name:etymology:wikidata": null, "name:be": null, "name": null, "lit": null, "incline": null, "surface": null }, "geometry": { "type": "LineString", "coordinates": [ [ 20.1792853, 54.9451362 ], [ 20.1793319, 54.9451598 ], [ 20.1797635, 54.9453785 ] ] } },
{ "type": "Feature", "properties": { "full_id": "w1283603164", "osm_id": "1283603164", "osm_type": "way", "highway": "footway", "footway": null, "tunnel": null, "covered": null, "source:cycleway:width": null, "segregated": null, "footway:surface": null, "cycleway:width": null, "cycleway:surface": null, "bicycle": null, "foot": null, "smoothness": null, "name:ru": null, "name:pl": null, "name:etymology:wikidata": null, "name:be": null, "name": null, "lit": null, "incline": null, "surface": null }, "geometry": { "type": "LineString", "coordinates": [ [ 20.1792853, 54.9451362 ], [ 20.1791012, 54.9451464 ], [ 20.178987, 54.9450886 ], [ 20.1792416, 54.9449228 ], [ 20.1794971, 54.9450522 ], [ 20.179747, 54.9451788 ] ] } },
{ "type": "Feature", "properties": { "full_id": "w1283603165", "osm_id": "1283603165", "osm_type": "way", "highway": "footway", "footway": null, "tunnel": null, "covered": null, "source:cycleway:width": null, "segregated": null, "footway:surface": null, "cycleway:width": null, "cycleway:surface": null, "bicycle": null, "foot": null, "smoothness": null, "name:ru": null, "name:pl": null, "name:etymology:wikidata": null, "name:be": null, "name": null, "lit": null, "incline": null, "surface": null }, "geometry": { "type": "LineString", "coordinates": [ [ 20.179747, 54.9451788 ], [ 20.1797635, 54.9453785 ], [ 20.1797683, 54.9454353 ], [ 20.1794892, 54.9456171 ], [ 20.1793527, 54.9457059 ] ] } },
{ "type": "Feature", "properties": { "full_id": "w1283603172", "osm_id": "1283603172", "osm_type": "way", "highway": "footway", "footway": null, "tunnel": null, "covered": null, "source:cycleway:width": null, "segregated": null, "footway:surface": null, "cycleway:width": null, "cycleway:surface": null, "bicycle": null, "foot": null, "smoothness": null, "name:ru": null, "name:pl": null, "name:etymology:wikidata": null, "name:be": null, "name": null, "lit": null, "incline": null, "surface": null }, "geometry": { "type": "LineString", "coordinates": [ [ 20.1797817, 54.9460884 ], [ 20.1798301, 54.9460574 ] ] } },
{ "type": "Feature", "properties": { "full_id": "w1283603173", "osm_id": "1283603173", "osm_type": "way", "highway": "footway", "footway": null, "tunnel": null, "covered": null, "source:cycleway:width": null, "segregated": null, "footway:surface": null, "cycleway:width": null, "cycleway:surface": null, "bicycle": null, "foot": null, "smoothness": null, "name:ru": null, "name:pl": null, "name:etymology:wikidata": null, "name:be": null, "name": null, "lit": null, "incline": null, "surface": null }, "geometry": { "type": "LineString", "coordinates": [ [ 20.1799571, 54.9460177 ], [ 20.1800899, 54.9459312 ], [ 20.1801697, 54.9458793 ], [ 20.18048, 54.9456758 ], [ 20.1803184, 54.945594 ], [ 20.1807153, 54.9453355 ] ] } },
{ "type": "Feature", "properties": { "full_id": "w1283603175", "osm_id": "1283603175", "osm_type": "way", "highway": "footway", "footway": null, "tunnel": null, "covered": null, "source:cycleway:width": null, "segregated": null, "footway:surface": null, "cycleway:width": null, "cycleway:surface": null, "bicycle": null, "foot": null, "smoothness": null, "name:ru": null, "name:pl": null, "name:etymology:wikidata": null, "name:be": null, "name": null, "lit": null, "incline": null, "surface": null }, "geometry": { "type": "LineString", "coordinates": [ [ 20.1786964, 54.9458748 ], [ 20.1787544, 54.9459047 ] ] } },
{ "type": "Feature", "properties": { "full_id": "w1283603176", "osm_id": "1283603176", "osm_type": "way", "highway": "footway", "footway": null, "tunnel": null, "covered": null, "source:cycleway:width": null, "segregated": null, "footway:surface": null, "cycleway:width": null, "cycleway:surface": null, "bicycle": null, "foot": null, "smoothness": null, "name:ru": null, "name:pl": null, "name:etymology:wikidata": null, "name:be": null, "name": null, "lit": null, "incline": null, "surface": null }, "geometry": { "type": "LineString", "coordinates": [ [ 20.1788279, 54.9457907 ], [ 20.1788859, 54.9458207 ], [ 20.1789997, 54.9458794 ] ] } },
{ "type": "Feature", "properties": { "full_id": "w1283603177", "osm_id": "1283603177", "osm_type": "way", "highway": "footway", "footway": null, "tunnel": null, "covered": null, "source:cycleway:width": null, "segregated": null, "footway:surface": null, "cycleway:width": null, "cycleway:surface": null, "bicycle": null, "foot": null, "smoothness": null, "name:ru": null, "name:pl": null, "name:etymology:wikidata": null, "name:be": null, "name": null, "lit": null, "incline": null, "surface": null }, "geometry": { "type": "LineString", "coordinates": [ [ 20.1786314, 54.9459164 ], [ 20.1786964, 54.9458748 ], [ 20.1788279, 54.9457907 ], [ 20.1790471, 54.9456505 ], [ 20.1790878, 54.9456245 ] ] } },
{ "type": "Feature", "properties": { "full_id": "w1283603180", "osm_id": "1283603180", "osm_type": "way", "highway": "footway", "footway": null, "tunnel": null, "covered": null, "source:cycleway:width": null, "segregated": null, "footway:surface": null, "cycleway:width": null, "cycleway:surface": null, "bicycle": null, "foot": null, "smoothness": null, "name:ru": null, "name:pl": null, "name:etymology:wikidata": null, "name:be": null, "name": null, "lit": null, "incline": null, "surface": null }, "geometry": { "type": "LineString", "coordinates": [ [ 20.1778097, 54.9452531 ], [ 20.1778554, 54.9452767 ], [ 20.1779712, 54.9453364 ] ] } },
{ "type": "Feature", "properties": { "full_id": "w1283603181", "osm_id": "1283603181", "osm_type": "way", "highway": "footway", "footway": null, "tunnel": null, "covered": null, "source:cycleway:width": null, "segregated": null, "footway:surface": null, "cycleway:width": null, "cycleway:surface": null, "bicycle": null, "foot": null, "smoothness": null, "name:ru": null, "name:pl": null, "name:etymology:wikidata": null, "name:be": null, "name": null, "lit": null, "incline": null, "surface": null }, "geometry": { "type": "LineString", "coordinates": [ [ 20.1776801, 54.945336 ], [ 20.1777258, 54.9453596 ] ] } },
{ "type": "Feature", "properties": { "full_id": "w1283603182", "osm_id": "1283603182", "osm_type": "way", "highway": "footway", "footway": null, "tunnel": null, "covered": null, "source:cycleway:width": null, "segregated": null, "footway:surface": null, "cycleway:width": null, "cycleway:surface": null, "bicycle": null, "foot": null, "smoothness": null, "name:ru": null, "name:pl": null, "name:etymology:wikidata": null, "name:be": null, "name": null, "lit": null, "incline": null, "surface": null }, "geometry": { "type": "LineString", "coordinates": [ [ 20.1771134, 54.9449529 ], [ 20.1771922, 54.9450311 ], [ 20.1772187, 54.9450574 ], [ 20.177317, 54.9451889 ], [ 20.1773822, 54.9452238 ], [ 20.1774231, 54.9452458 ] ] } },
{ "type": "Feature", "properties": { "full_id": "w1283603183", "osm_id": "1283603183", "osm_type": "way", "highway": "footway", "footway": null, "tunnel": null, "covered": null, "source:cycleway:width": null, "segregated": null, "footway:surface": null, "cycleway:width": null, "cycleway:surface": null, "bicycle": null, "foot": null, "smoothness": null, "name:ru": null, "name:pl": null, "name:etymology:wikidata": null, "name:be": null, "name": null, "lit": null, "incline": null, "surface": null }, "geometry": { "type": "LineString", "coordinates": [ [ 20.1774231, 54.9452458 ], [ 20.1776435, 54.9453594 ], [ 20.1776801, 54.945336 ], [ 20.1778097, 54.9452531 ], [ 20.1780182, 54.9451198 ], [ 20.1780594, 54.9450935 ] ] } },
{ "type": "Feature", "properties": { "full_id": "w1283603184", "osm_id": "1283603184", "osm_type": "way", "highway": "footway", "footway": null, "tunnel": null, "covered": null, "source:cycleway:width": null, "segregated": null, "footway:surface": null, "cycleway:width": null, "cycleway:surface": null, "bicycle": null, "foot": null, "smoothness": null, "name:ru": null, "name:pl": null, "name:etymology:wikidata": null, "name:be": null, "name": null, "lit": null, "incline": null, "surface": null }, "geometry": { "type": "LineString", "coordinates": [ [ 20.1777646, 54.9454685 ], [ 20.1779712, 54.9453364 ], [ 20.1781796, 54.9452031 ], [ 20.1782208, 54.9451768 ], [ 20.1782681, 54.9451465 ] ] } },
{ "type": "Feature", "properties": { "full_id": "w1283603185", "osm_id": "1283603185", "osm_type": "way", "highway": "footway", "footway": null, "tunnel": null, "covered": null, "source:cycleway:width": null, "segregated": null, "footway:surface": null, "cycleway:width": null, "cycleway:surface": null, "bicycle": null, "foot": null, "smoothness": null, "name:ru": null, "name:pl": null, "name:etymology:wikidata": null, "name:be": null, "name": null, "lit": null, "incline": null, "surface": null }, "geometry": { "type": "LineString", "coordinates": [ [ 20.1786353, 54.9454381 ], [ 20.1786766, 54.9454122 ], [ 20.1787247, 54.945382 ], [ 20.1788681, 54.9452924 ], [ 20.1791012, 54.9451464 ] ] } },
{ "type": "Feature", "properties": { "full_id": "w1283603186", "osm_id": "1283603186", "osm_type": "way", "highway": "footway", "footway": null, "tunnel": null, "covered": null, "source:cycleway:width": null, "segregated": null, "footway:surface": null, "cycleway:width": null, "cycleway:surface": null, "bicycle": null, "foot": null, "smoothness": null, "name:ru": null, "name:pl": null, "name:etymology:wikidata": null, "name:be": null, "name": null, "lit": null, "incline": null, "surface": null }, "geometry": { "type": "LineString", "coordinates": [ [ 20.1788042, 54.9460044 ], [ 20.1789997, 54.9458794 ], [ 20.1792189, 54.9457391 ], [ 20.1792596, 54.9457131 ], [ 20.1793074, 54.9456826 ] ] } },
{ "type": "Feature", "properties": { "full_id": "w1283603187", "osm_id": "1283603187", "osm_type": "way", "highway": "footway", "footway": null, "tunnel": null, "covered": null, "source:cycleway:width": null, "segregated": null, "footway:surface": null, "cycleway:width": null, "cycleway:surface": null, "bicycle": null, "foot": null, "smoothness": null, "name:ru": null, "name:pl": null, "name:etymology:wikidata": null, "name:be": null, "name": null, "lit": null, "incline": null, "surface": null }, "geometry": { "type": "LineString", "coordinates": [ [ 20.1795951, 54.9459332 ], [ 20.1796356, 54.9459073 ], [ 20.1796836, 54.9458766 ] ] } },
{ "type": "Feature", "properties": { "full_id": "w1283603188", "osm_id": "1283603188", "osm_type": "way", "highway": "footway", "footway": null, "tunnel": null, "covered": null, "source:cycleway:width": null, "segregated": null, "footway:surface": null, "cycleway:width": null, "cycleway:surface": null, "bicycle": null, "foot": null, "smoothness": null, "name:ru": null, "name:pl": null, "name:etymology:wikidata": null, "name:be": null, "name": null, "lit": null, "incline": null, "surface": null }, "geometry": { "type": "LineString", "coordinates": [ [ 20.1795441, 54.9459658 ], [ 20.1797817, 54.9460884 ], [ 20.1799564, 54.9461785 ] ] } },
{ "type": "Feature", "properties": { "full_id": "w1283603189", "osm_id": "1283603189", "osm_type": "way", "highway": "footway", "footway": null, "tunnel": null, "covered": null, "source:cycleway:width": null, "segregated": null, "footway:surface": null, "cycleway:width": null, "cycleway:surface": null, "bicycle": null, "foot": null, "smoothness": null, "name:ru": null, "name:pl": null, "name:etymology:wikidata": null, "name:be": null, "name": null, "lit": null, "incline": null, "surface": null }, "geometry": { "type": "LineString", "coordinates": [ [ 20.1776747, 54.9449428 ], [ 20.1780182, 54.9451198 ], [ 20.1780639, 54.9451434 ], [ 20.1781796, 54.9452031 ], [ 20.1786353, 54.9454381 ], [ 20.1790471, 54.9456505 ], [ 20.1791051, 54.9456804 ], [ 20.1792189, 54.9457391 ], [ 20.1795951, 54.9459332 ], [ 20.1795441, 54.9459658 ], [ 20.1791827, 54.946197 ] ] } },
{ "type": "Feature", "properties": { "full_id": "w1283603192", "osm_id": "1283603192", "osm_type": "way", "highway": "footway", "footway": null, "tunnel": null, "covered": null, "source:cycleway:width": null, "segregated": null, "footway:surface": null, "cycleway:width": null, "cycleway:surface": null, "bicycle": null, "foot": null, "smoothness": null, "name:ru": null, "name:pl": null, "name:etymology:wikidata": null, "name:be": null, "name": null, "lit": null, "incline": null, "surface": null }, "geometry": { "type": "LineString", "coordinates": [ [ 20.1801789, 54.9459776 ], [ 20.1800899, 54.9459312 ], [ 20.1795305, 54.9456386 ], [ 20.1794892, 54.9456171 ], [ 20.1788681, 54.9452924 ], [ 20.1780277, 54.944853 ], [ 20.1778057, 54.944908 ], [ 20.1777373, 54.9449272 ], [ 20.1776747, 54.9449428 ], [ 20.1772187, 54.9450574 ], [ 20.1771514, 54.9450733 ], [ 20.1761824, 54.9453167 ], [ 20.1761301, 54.9453375 ], [ 20.17611, 54.9453676 ], [ 20.1761363, 54.9453961 ] ] } },
{ "type": "Feature", "properties": { "full_id": "w1283603194", "osm_id": "1283603194", "osm_type": "way", "highway": "footway", "footway": null, "tunnel": null, "covered": null, "source:cycleway:width": null, "segregated": null, "footway:surface": null, "cycleway:width": null, "cycleway:surface": null, "bicycle": null, "foot": null, "smoothness": null, "name:ru": null, "name:pl": null, "name:etymology:wikidata": null, "name:be": null, "name": null, "lit": null, "incline": null, "surface": null }, "geometry": { "type": "LineString", "coordinates": [ [ 20.1767084, 54.945612 ], [ 20.1767844, 54.9455452 ] ] } },
{ "type": "Feature", "properties": { "full_id": "w1283603195", "osm_id": "1283603195", "osm_type": "way", "highway": "footway", "footway": null, "tunnel": null, "covered": null, "source:cycleway:width": null, "segregated": null, "footway:surface": null, "cycleway:width": null, "cycleway:surface": null, "bicycle": null, "foot": null, "smoothness": null, "name:ru": null, "name:pl": null, "name:etymology:wikidata": null, "name:be": null, "name": null, "lit": null, "incline": null, "surface": null }, "geometry": { "type": "LineString", "coordinates": [ [ 20.1752617, 54.945082 ], [ 20.1753245, 54.9451043 ], [ 20.1753438, 54.9451111 ], [ 20.1760177, 54.9453501 ], [ 20.1761363, 54.9453961 ], [ 20.1767084, 54.945612 ], [ 20.1774323, 54.9458675 ], [ 20.177718, 54.9459722 ], [ 20.177907, 54.9460539 ], [ 20.1779956, 54.946113 ], [ 20.1780975, 54.946181 ], [ 20.1792361, 54.9470283 ], [ 20.1795459, 54.947294 ], [ 20.1795861, 54.9473286 ], [ 20.1796156, 54.9473379 ], [ 20.1796599, 54.9473371 ], [ 20.1797913, 54.9472986 ], [ 20.1799683, 54.9472547 ], [ 20.1801947, 54.9472154 ], [ 20.1802298, 54.9472093 ], [ 20.1802881, 54.9472018 ], [ 20.1805383, 54.94717 ], [ 20.1808182, 54.9471473 ], [ 20.1809129, 54.9471448 ], [ 20.1812075, 54.9471369 ], [ 20.1816849, 54.947123 ], [ 20.1817627, 54.9471053 ], [ 20.1818271, 54.9470737 ], [ 20.181874, 54.9470298 ], [ 20.1818915, 54.9469797 ], [ 20.1818915, 54.9469566 ] ] } },
{ "type": "Feature", "properties": { "full_id": "w1283603196", "osm_id": "1283603196", "osm_type": "way", "highway": "footway", "footway": null, "tunnel": null, "covered": null, "source:cycleway:width": null, "segregated": null, "footway:surface": null, "cycleway:width": null, "cycleway:surface": null, "bicycle": null, "foot": null, "smoothness": null, "name:ru": null, "name:pl": null, "name:etymology:wikidata": null, "name:be": null, "name": null, "lit": null, "incline": null, "surface": null }, "geometry": { "type": "LineString", "coordinates": [ [ 20.1762631, 54.9451467 ], [ 20.1770461, 54.9449477 ] ] } },
{ "type": "Feature", "properties": { "full_id": "w1283603206", "osm_id": "1283603206", "osm_type": "way", "highway": "footway", "footway": null, "tunnel": null, "covered": null, "source:cycleway:width": null, "segregated": null, "footway:surface": null, "cycleway:width": null, "cycleway:surface": null, "bicycle": null, "foot": null, "smoothness": null, "name:ru": null, "name:pl": null, "name:etymology:wikidata": null, "name:be": null, "name": null, "lit": null, "incline": null, "surface": null }, "geometry": { "type": "LineString", "coordinates": [ [ 20.1794748, 54.9474288 ], [ 20.1794292, 54.9474527 ], [ 20.179137, 54.9474886 ], [ 20.1790845, 54.947495 ], [ 20.1785545, 54.9475838 ], [ 20.1785357, 54.947587 ], [ 20.1783887, 54.9476116 ], [ 20.1782579, 54.9476335 ], [ 20.1782207, 54.9475872 ] ] } },
{ "type": "Feature", "properties": { "full_id": "w1283603211", "osm_id": "1283603211", "osm_type": "way", "highway": "footway", "footway": null, "tunnel": null, "covered": null, "source:cycleway:width": null, "segregated": null, "footway:surface": null, "cycleway:width": null, "cycleway:surface": null, "bicycle": null, "foot": null, "smoothness": null, "name:ru": null, "name:pl": null, "name:etymology:wikidata": null, "name:be": null, "name": null, "lit": null, "incline": null, "surface": null }, "geometry": { "type": "LineString", "coordinates": [ [ 20.1779298, 54.9470438 ], [ 20.1783773, 54.9468592 ] ] } },
{ "type": "Feature", "properties": { "full_id": "w1283603214", "osm_id": "1283603214", "osm_type": "way", "highway": "footway", "footway": null, "tunnel": null, "covered": null, "source:cycleway:width": null, "segregated": null, "footway:surface": null, "cycleway:width": null, "cycleway:surface": null, "bicycle": null, "foot": null, "smoothness": null, "name:ru": null, "name:pl": null, "name:etymology:wikidata": null, "name:be": null, "name": null, "lit": null, "incline": null, "surface": null }, "geometry": { "type": "LineString", "coordinates": [ [ 20.1783067, 54.9473025 ], [ 20.1785357, 54.947587 ], [ 20.1785601, 54.9476173 ] ] } },
{ "type": "Feature", "properties": { "full_id": "w1283603215", "osm_id": "1283603215", "osm_type": "way", "highway": "footway", "footway": null, "tunnel": null, "covered": null, "source:cycleway:width": null, "segregated": null, "footway:surface": null, "cycleway:width": null, "cycleway:surface": null, "bicycle": null, "foot": null, "smoothness": null, "name:ru": null, "name:pl": null, "name:etymology:wikidata": null, "name:be": null, "name": null, "lit": null, "incline": null, "surface": null }, "geometry": { "type": "LineString", "coordinates": [ [ 20.1781501, 54.947321 ], [ 20.1781686, 54.9473435 ] ] } },
{ "type": "Feature", "properties": { "full_id": "w1283603216", "osm_id": "1283603216", "osm_type": "way", "highway": "footway", "footway": null, "tunnel": null, "covered": null, "source:cycleway:width": null, "segregated": null, "footway:surface": null, "cycleway:width": null, "cycleway:surface": null, "bicycle": null, "foot": null, "smoothness": null, "name:ru": null, "name:pl": null, "name:etymology:wikidata": null, "name:be": null, "name": null, "lit": null, "incline": null, "surface": null }, "geometry": { "type": "LineString", "coordinates": [ [ 20.1780626, 54.9473464 ], [ 20.1781501, 54.947321 ], [ 20.1782732, 54.9472855 ], [ 20.1783067, 54.9473025 ], [ 20.1787299, 54.9471298 ] ] } },
{ "type": "Feature", "properties": { "full_id": "w1283603217", "osm_id": "1283603217", "osm_type": "way", "highway": "footway", "footway": null, "tunnel": null, "covered": null, "source:cycleway:width": null, "segregated": null, "footway:surface": null, "cycleway:width": null, "cycleway:surface": null, "bicycle": null, "foot": null, "smoothness": null, "name:ru": null, "name:pl": null, "name:etymology:wikidata": null, "name:be": null, "name": null, "lit": null, "incline": null, "surface": null }, "geometry": { "type": "LineString", "coordinates": [ [ 20.1778364, 54.9470033 ], [ 20.1779298, 54.9470438 ], [ 20.1780935, 54.9471438 ], [ 20.1781592, 54.9471854 ], [ 20.1782383, 54.9472439 ], [ 20.1782732, 54.9472855 ] ] } },
{ "type": "Feature", "properties": { "full_id": "w1283603218", "osm_id": "1283603218", "osm_type": "way", "highway": "footway", "footway": null, "tunnel": null, "covered": null, "source:cycleway:width": null, "segregated": null, "footway:surface": null, "cycleway:width": null, "cycleway:surface": null, "bicycle": null, "foot": null, "smoothness": null, "name:ru": null, "name:pl": null, "name:etymology:wikidata": null, "name:be": null, "name": null, "lit": null, "incline": null, "surface": null }, "geometry": { "type": "LineString", "coordinates": [ [ 20.177553, 54.9467818 ], [ 20.1780162, 54.9465822 ] ] } },
{ "type": "Feature", "properties": { "full_id": "w1283603219", "osm_id": "1283603219", "osm_type": "way", "highway": "footway", "footway": null, "tunnel": null, "covered": null, "source:cycleway:width": null, "segregated": null, "footway:surface": null, "cycleway:width": null, "cycleway:surface": null, "bicycle": null, "foot": null, "smoothness": null, "name:ru": null, "name:pl": null, "name:etymology:wikidata": null, "name:be": null, "name": null, "lit": null, "incline": null, "surface": null }, "geometry": { "type": "LineString", "coordinates": [ [ 20.177323, 54.9462406 ], [ 20.1776472, 54.9463394 ] ] } },
{ "type": "Feature", "properties": { "full_id": "w1283603220", "osm_id": "1283603220", "osm_type": "way", "highway": "footway", "footway": null, "tunnel": null, "covered": null, "source:cycleway:width": null, "segregated": null, "footway:surface": null, "cycleway:width": null, "cycleway:surface": null, "bicycle": null, "foot": null, "smoothness": null, "name:ru": null, "name:pl": null, "name:etymology:wikidata": null, "name:be": null, "name": null, "lit": null, "incline": null, "surface": null }, "geometry": { "type": "LineString", "coordinates": [ [ 20.1767346, 54.9463944 ], [ 20.1772108, 54.9463336 ] ] } },
{ "type": "Feature", "properties": { "full_id": "w1283603221", "osm_id": "1283603221", "osm_type": "way", "highway": "footway", "footway": null, "tunnel": null, "covered": null, "source:cycleway:width": null, "segregated": null, "footway:surface": null, "cycleway:width": null, "cycleway:surface": null, "bicycle": null, "foot": null, "smoothness": null, "name:ru": null, "name:pl": null, "name:etymology:wikidata": null, "name:be": null, "name": null, "lit": null, "incline": null, "surface": null }, "geometry": { "type": "LineString", "coordinates": [ [ 20.1782207, 54.9475872 ], [ 20.1780465, 54.9473702 ], [ 20.1780626, 54.9473464 ], [ 20.1780599, 54.9473256 ], [ 20.1779311, 54.9471624 ], [ 20.1778641, 54.9470775 ], [ 20.1778364, 54.9470033 ], [ 20.1778132, 54.9469412 ], [ 20.1777984, 54.9469243 ], [ 20.177553, 54.9467818 ], [ 20.1774041, 54.9465954 ], [ 20.1773844, 54.9465867 ] ] } },
{ "type": "Feature", "properties": { "full_id": "w1283603222", "osm_id": "1283603222", "osm_type": "way", "highway": "footway", "footway": null, "tunnel": null, "covered": null, "source:cycleway:width": null, "segregated": null, "footway:surface": null, "cycleway:width": null, "cycleway:surface": null, "bicycle": null, "foot": null, "smoothness": null, "name:ru": null, "name:pl": null, "name:etymology:wikidata": null, "name:be": null, "name": null, "lit": null, "incline": null, "surface": null }, "geometry": { "type": "LineString", "coordinates": [ [ 20.1774614, 54.9472994 ], [ 20.1779311, 54.9471624 ] ] } },
{ "type": "Feature", "properties": { "full_id": "w1283603223", "osm_id": "1283603223", "osm_type": "way", "highway": "footway", "footway": null, "tunnel": null, "covered": null, "source:cycleway:width": null, "segregated": null, "footway:surface": null, "cycleway:width": null, "cycleway:surface": null, "bicycle": null, "foot": null, "smoothness": null, "name:ru": null, "name:pl": null, "name:etymology:wikidata": null, "name:be": null, "name": null, "lit": null, "incline": null, "surface": null }, "geometry": { "type": "LineString", "coordinates": [ [ 20.1771276, 54.9470448 ], [ 20.1772346, 54.947017 ] ] } },
{ "type": "Feature", "properties": { "full_id": "w1283603224", "osm_id": "1283603224", "osm_type": "way", "highway": "footway", "footway": null, "tunnel": null, "covered": null, "source:cycleway:width": null, "segregated": null, "footway:surface": null, "cycleway:width": null, "cycleway:surface": null, "bicycle": null, "foot": null, "smoothness": null, "name:ru": null, "name:pl": null, "name:etymology:wikidata": null, "name:be": null, "name": null, "lit": null, "incline": null, "surface": null }, "geometry": { "type": "LineString", "coordinates": [ [ 20.1775521, 54.9474124 ], [ 20.1774407, 54.9474426 ] ] } },
{ "type": "Feature", "properties": { "full_id": "w1283603225", "osm_id": "1283603225", "osm_type": "way", "highway": "footway", "footway": null, "tunnel": null, "covered": null, "source:cycleway:width": null, "segregated": null, "footway:surface": null, "cycleway:width": null, "cycleway:surface": null, "bicycle": null, "foot": null, "smoothness": null, "name:ru": null, "name:pl": null, "name:etymology:wikidata": null, "name:be": null, "name": null, "lit": null, "incline": null, "surface": null }, "geometry": { "type": "LineString", "coordinates": [ [ 20.1783436, 54.9475566 ], [ 20.1782207, 54.9475872 ], [ 20.1778373, 54.9476829 ], [ 20.1777971, 54.9476837 ], [ 20.1777595, 54.9476706 ], [ 20.1775521, 54.9474124 ], [ 20.1774614, 54.9472994 ], [ 20.1772346, 54.947017 ], [ 20.1771219, 54.9468766 ], [ 20.1770809, 54.9468626 ], [ 20.1770005, 54.9467633 ], [ 20.1769957, 54.9467196 ], [ 20.1767346, 54.9463944 ], [ 20.1766605, 54.9463021 ], [ 20.1766732, 54.946285 ], [ 20.1770197, 54.9459826 ] ] } },
{ "type": "Feature", "properties": { "full_id": "w1452862177", "osm_id": "1452862177", "osm_type": "way", "highway": "footway", "footway": null, "tunnel": null, "covered": null, "source:cycleway:width": null, "segregated": null, "footway:surface": null, "cycleway:width": null, "cycleway:surface": null, "bicycle": null, "foot": null, "smoothness": null, "name:ru": null, "name:pl": null, "name:etymology:wikidata": null, "name:be": null, "name": null, "lit": null, "incline": null, "surface": null }, "geometry": { "type": "LineString", "coordinates": [ [ 20.1788022, 54.9439828 ], [ 20.1787665, 54.9439915 ] ] } },
{ "type": "Feature", "properties": { "full_id": "w1452862178", "osm_id": "1452862178", "osm_type": "way", "highway": "footway", "footway": null, "tunnel": null, "covered": null, "source:cycleway:width": null, "segregated": null, "footway:surface": null, "cycleway:width": null, "cycleway:surface": null, "bicycle": null, "foot": null, "smoothness": null, "name:ru": null, "name:pl": null, "name:etymology:wikidata": null, "name:be": null, "name": null, "lit": null, "incline": null, "surface": null }, "geometry": { "type": "LineString", "coordinates": [ [ 20.1789692, 54.9439419 ], [ 20.1788022, 54.9439828 ] ] } },
{ "type": "Feature", "properties": { "full_id": "w1452862179", "osm_id": "1452862179", "osm_type": "way", "highway": "footway", "footway": null, "tunnel": null, "covered": null, "source:cycleway:width": null, "segregated": null, "footway:surface": null, "cycleway:width": null, "cycleway:surface": null, "bicycle": null, "foot": null, "smoothness": null, "name:ru": null, "name:pl": null, "name:etymology:wikidata": null, "name:be": null, "name": null, "lit": null, "incline": null, "surface": null }, "geometry": { "type": "LineString", "coordinates": [ [ 20.1787017, 54.9438475 ], [ 20.1788022, 54.9439828 ] ] } },
{ "type": "Feature", "properties": { "full_id": "w1483590282", "osm_id": "1483590282", "osm_type": "way", "highway": "footway", "footway": "sidewalk", "tunnel": null, "covered": null, "source:cycleway:width": null, "segregated": null, "footway:surface": null, "cycleway:width": null, "cycleway:surface": null, "bicycle": null, "foot": null, "smoothness": null, "name:ru": null, "name:pl": null, "name:etymology:wikidata": null, "name:be": null, "name": null, "lit": null, "incline": null, "surface": null }, "geometry": { "type": "LineString", "coordinates": [ [ 20.156408, 54.9399893 ], [ 20.1572554, 54.9407592 ], [ 20.1568189, 54.9410928 ], [ 20.1567748, 54.9411279 ], [ 20.1558672, 54.9418496 ], [ 20.1555547, 54.9420903 ], [ 20.154538, 54.9429137 ] ] } }
]
}
