{
"type": "FeatureCollection",
"name": "residential",
"crs": { "type": "name", "properties": { "name": "urn:ogc:def:crs:OGC:1.3:CRS84" } },
"features": [
{ "type": "Feature", "properties": { "full_id": "w39196200", "osm_id": "39196200", "osm_type": "way", "highway": "residential", "sidewalk:right:surface": null, "layer": null, "bridge": null, "sidewalk:both": null, "cycleway:left:oneway": null, "cycleway:both": null, "incline": null, "shoulder": null, "sidewalk:left:surface": null, "sidewalk:right": null, "sidewalk:left": null, "vehicle": null, "parking:both:restriction": null, "parking:both": null, "motor_vehicle": null, "description": null, "bicycle": null, "foot": null, "lanes": null, "maxspeed:type": null, "maxspeed": null, "oneway:bicycle": null, "lit": null, "cycleway:right:oneway": null, "alt_name": null, "living_street": null, "smoothness": null, "sidewalk:both:surface": null, "cycleway:right": null, "lane_markings": null, "cycleway:left": null, "surface": "asphalt", "sidewalk": "both", "oneway": "yes", "name:ru": "улица Ленина", "name:pl": "ulica Lenina", "name:lt": "Lenino g.", "name:etymology:wikidata": "Q1394", "name:be": "вуліца Леніна", "name": "улица Ленина" }, "geometry": { "type": "LineString", "coordinates": [ [ 20.1514666, 54.9441381 ], [ 20.1508859, 54.9441582 ] ] } },
{ "type": "Feature", "properties": { "full_id": "w60974070", "osm_id": "60974070", "osm_type": "way", "highway": "residential", "sidewalk:right:surface": null, "layer": null, "bridge": null, "sidewalk:both": null, "cycleway:left:oneway": null, "cycleway:both": null, "incline": null, "shoulder": null, "sidewalk:left:surface": null, "sidewalk:right": null, "sidewalk:left": null, "vehicle": null, "parking:both:restriction": null, "parking:both": null, "motor_vehicle": null, "description": null, "bicycle": null, "foot": null, "lanes": null, "maxspeed:type": null, "maxspeed": null, "oneway:bicycle": null, "lit": null, "cycleway:right:oneway": null, "alt_name": null, "living_street": null, "smoothness": null, "sidewalk:both:surface": null, "cycleway:right": null, "lane_markings": "no", "cycleway:left": "lane", "surface": "paving_stones", "sidewalk": null, "oneway": "yes", "name:ru": "Октябрьская улица", "name:pl": "ulica Październikowa", "name:lt": null, "name:etymology:wikidata": "Q42976", "name:be": "Кастрычніцкая вуліца", "name": "Октябрьская улица" }, "geometry": { "type": "LineString", "coordinates": [ [ 20.1531452, 54.9440618 ], [ 20.1537384, 54.943605 ], [ 20.1544019, 54.9430968 ], [ 20.1546054, 54.9429394 ], [ 20.1552369, 54.9424048 ], [ 20.1556088, 54.9421151 ], [ 20.1559116, 54.9418792 ] ] } },
{ "type": "Feature", "properties": { "full_id": "w69269470", "osm_id": "69269470", "osm_type": "way", "highway": "residential", "sidewalk:right:surface": null, "layer": null, "bridge": null, "sidewalk:both": null, "cycleway:left:oneway": null, "cycleway:both": null, "incline": null, "shoulder": null, "sidewalk:left:surface": null, "sidewalk:right": null, "sidewalk:left": null, "vehicle": null, "parking:both:restriction": null, "parking:both": null, "motor_vehicle": null, "description": null, "bicycle": null, "foot": null, "lanes": null, "maxspeed:type": null, "maxspeed": null, "oneway:bicycle": null, "lit": null, "cycleway:right:oneway": null, "alt_name": null, "living_street": null, "smoothness": null, "sidewalk:both:surface": null, "cycleway:right": "no", "lane_markings": null, "cycleway:left": "separate", "surface": "asphalt", "sidewalk": null, "oneway": null, "name:ru": "Ольховая улица", "name:pl": null, "name:lt": null, "name:etymology:wikidata": null, "name:be": "Альховая вуліца", "name": "Ольховая улица" }, "geometry": { "type": "LineString", "coordinates": [ [ 20.170371, 54.9432809 ], [ 20.1704622, 54.9433031 ], [ 20.1707954, 54.9434563 ], [ 20.17086, 54.943479 ], [ 20.1721162, 54.9439613 ], [ 20.1730137, 54.944295 ], [ 20.1737232, 54.9445719 ], [ 20.1752127, 54.9451253 ] ] } },
{ "type": "Feature", "properties": { "full_id": "w69269511", "osm_id": "69269511", "osm_type": "way", "highway": "residential", "sidewalk:right:surface": null, "layer": null, "bridge": null, "sidewalk:both": null, "cycleway:left:oneway": null, "cycleway:both": null, "incline": null, "shoulder": null, "sidewalk:left:surface": null, "sidewalk:right": null, "sidewalk:left": null, "vehicle": null, "parking:both:restriction": null, "parking:both": null, "motor_vehicle": null, "description": null, "bicycle": null, "foot": null, "lanes": null, "maxspeed:type": null, "maxspeed": null, "oneway:bicycle": null, "lit": null, "cycleway:right:oneway": null, "alt_name": null, "living_street": null, "smoothness": null, "sidewalk:both:surface": null, "cycleway:right": null, "lane_markings": null, "cycleway:left": null, "surface": "asphalt", "sidewalk": null, "oneway": "no", "name:ru": "Аптечная улица", "name:pl": "ulica Apteczna", "name:lt": null, "name:etymology:wikidata": "Q13107184", "name:be": "Аптэчная вуліца", "name": "Аптечная улица" }, "geometry": { "type": "LineString", "coordinates": [ [ 20.149272, 54.9402679 ], [ 20.1498801, 54.940342 ], [ 20.1505595, 54.9404066 ], [ 20.1512961, 54.9404489 ] ] } },
{ "type": "Feature", "properties": { "full_id": "w69269515", "osm_id": "69269515", "osm_type": "way", "highway": "residential", "sidewalk:right:surface": null, "layer": null, "bridge": null, "sidewalk:both": null, "cycleway:left:oneway": null, "cycleway:both": null, "incline": null, "shoulder": null, "sidewalk:left:surface": null, "sidewalk:right": null, "sidewalk:left": null, "vehicle": null, "parking:both:restriction": null, "parking:both": null, "motor_vehicle": null, "description": null, "bicycle": null, "foot": null, "lanes": null, "maxspeed:type": null, "maxspeed": null, "oneway:bicycle": null, "lit": null, "cycleway:right:oneway": null, "alt_name": null, "living_street": null, "smoothness": "good", "sidewalk:both:surface": "paving_stones", "cycleway:right": null, "lane_markings": "no", "cycleway:left": null, "surface": "paving_stones", "sidewalk": "both", "oneway": "yes", "name:ru": "Садовая улица", "name:pl": "ulica Sadowa", "name:lt": null, "name:etymology:wikidata": "Q1107656", "name:be": "Садовая вуліца", "name": "Садовая улица" }, "geometry": { "type": "LineString", "coordinates": [ [ 20.1559561, 54.9447029 ], [ 20.1555681, 54.945097 ], [ 20.1555408, 54.9451247 ], [ 20.1554772, 54.9451894 ] ] } },
{ "type": "Feature", "properties": { "full_id": "w69269535", "osm_id": "69269535", "osm_type": "way", "highway": "residential", "sidewalk:right:surface": null, "layer": null, "bridge": null, "sidewalk:both": null, "cycleway:left:oneway": null, "cycleway:both": null, "incline": null, "shoulder": null, "sidewalk:left:surface": null, "sidewalk:right": null, "sidewalk:left": null, "vehicle": null, "parking:both:restriction": null, "parking:both": null, "motor_vehicle": null, "description": null, "bicycle": null, "foot": null, "lanes": null, "maxspeed:type": null, "maxspeed": null, "oneway:bicycle": null, "lit": null, "cycleway:right:oneway": null, "alt_name": null, "living_street": "yes", "smoothness": null, "sidewalk:both:surface": null, "cycleway:right": null, "lane_markings": null, "cycleway:left": null, "surface": null, "sidewalk": null, "oneway": null, "name:ru": "Озёрная улица", "name:pl": "ulica Jeziorna", "name:lt": null, "name:etymology:wikidata": null, "name:be": "Азёрная вуліца", "name": "Озёрная улица" }, "geometry": { "type": "LineString", "coordinates": [ [ 20.1774331, 54.9427487 ], [ 20.1767212, 54.9430098 ], [ 20.1764892, 54.9431218 ], [ 20.1764041, 54.9431407 ], [ 20.176217, 54.9431822 ], [ 20.1761287, 54.9431988 ], [ 20.1758303, 54.9432551 ], [ 20.1757343, 54.9432557 ], [ 20.1755344, 54.9432571 ], [ 20.1748657, 54.9433786 ], [ 20.174389, 54.9435157 ], [ 20.1742164, 54.9436259 ], [ 20.1741166, 54.9436632 ], [ 20.173884, 54.9437692 ], [ 20.1737913, 54.9438114 ], [ 20.1737485, 54.943831 ], [ 20.173611, 54.9438936 ], [ 20.1735342, 54.9439286 ], [ 20.1735015, 54.9439435 ], [ 20.1734842, 54.9439514 ], [ 20.1733486, 54.9440702 ], [ 20.1732832, 54.9441275 ], [ 20.1730137, 54.944295 ] ] } },
{ "type": "Feature", "properties": { "full_id": "w69269542", "osm_id": "69269542", "osm_type": "way", "highway": "residential", "sidewalk:right:surface": null, "layer": null, "bridge": null, "sidewalk:both": null, "cycleway:left:oneway": null, "cycleway:both": null, "incline": null, "shoulder": null, "sidewalk:left:surface": null, "sidewalk:right": null, "sidewalk:left": null, "vehicle": null, "parking:both:restriction": null, "parking:both": null, "motor_vehicle": null, "description": null, "bicycle": null, "foot": null, "lanes": null, "maxspeed:type": null, "maxspeed": null, "oneway:bicycle": null, "lit": null, "cycleway:right:oneway": null, "alt_name": "улица 8 Марта", "living_street": null, "smoothness": null, "sidewalk:both:surface": null, "cycleway:right": null, "lane_markings": null, "cycleway:left": null, "surface": null, "sidewalk": null, "oneway": "yes", "name:ru": null, "name:pl": "ulica 8 Marca", "name:lt": null, "name:etymology:wikidata": null, "name:be": null, "name": "улица 8-го Марта" }, "geometry": { "type": "LineString", "coordinates": [ [ 20.1601913, 54.941812 ], [ 20.1595459, 54.9410502 ], [ 20.1588959, 54.9407902 ] ] } },
{ "type": "Feature", "properties": { "full_id": "w69269551", "osm_id": "69269551", "osm_type": "way", "highway": "residential", "sidewalk:right:surface": null, "layer": null, "bridge": null, "sidewalk:both": null, "cycleway:left:oneway": null, "cycleway:both": null, "incline": null, "shoulder": null, "sidewalk:left:surface": null, "sidewalk:right": null, "sidewalk:left": null, "vehicle": null, "parking:both:restriction": null, "parking:both": null, "motor_vehicle": null, "description": null, "bicycle": null, "foot": null, "lanes": null, "maxspeed:type": null, "maxspeed": null, "oneway:bicycle": "no", "lit": "yes", "cycleway:right:oneway": "no", "alt_name": null, "living_street": null, "smoothness": null, "sidewalk:both:surface": null, "cycleway:right": "track", "lane_markings": null, "cycleway:left": "no", "surface": "asphalt", "sidewalk": "right", "oneway": "yes", "name:ru": "улица Ленина", "name:pl": "ulica Lenina", "name:lt": "Lenino g.", "name:etymology:wikidata": "Q1394", "name:be": "вуліца Леніна", "name": "улица Ленина" }, "geometry": { "type": "LineString", "coordinates": [ [ 20.1680923, 54.9428509 ], [ 20.1677872, 54.942835 ], [ 20.166748, 54.9426896 ], [ 20.1663921, 54.9426806 ] ] } },
{ "type": "Feature", "properties": { "full_id": "w69269557", "osm_id": "69269557", "osm_type": "way", "highway": "residential", "sidewalk:right:surface": null, "layer": null, "bridge": null, "sidewalk:both": null, "cycleway:left:oneway": null, "cycleway:both": null, "incline": null, "shoulder": null, "sidewalk:left:surface": null, "sidewalk:right": null, "sidewalk:left": null, "vehicle": null, "parking:both:restriction": null, "parking:both": null, "motor_vehicle": null, "description": null, "bicycle": null, "foot": null, "lanes": null, "maxspeed:type": null, "maxspeed": null, "oneway:bicycle": null, "lit": null, "cycleway:right:oneway": null, "alt_name": null, "living_street": null, "smoothness": null, "sidewalk:both:surface": null, "cycleway:right": null, "lane_markings": "no", "cycleway:left": null, "surface": "asphalt", "sidewalk": "both", "oneway": "yes", "name:ru": "улица Гагарина", "name:pl": "ulica Gagarina", "name:lt": null, "name:etymology:wikidata": "Q7327", "name:be": "вуліца Гагарына", "name": "улица Гагарина" }, "geometry": { "type": "LineString", "coordinates": [ [ 20.1598182, 54.9440125 ], [ 20.1593307, 54.9433631 ], [ 20.1586653, 54.9422441 ] ] } },
{ "type": "Feature", "properties": { "full_id": "w69269563", "osm_id": "69269563", "osm_type": "way", "highway": "residential", "sidewalk:right:surface": null, "layer": null, "bridge": null, "sidewalk:both": null, "cycleway:left:oneway": null, "cycleway:both": null, "incline": null, "shoulder": null, "sidewalk:left:surface": null, "sidewalk:right": null, "sidewalk:left": null, "vehicle": null, "parking:both:restriction": null, "parking:both": null, "motor_vehicle": null, "description": null, "bicycle": null, "foot": null, "lanes": null, "maxspeed:type": "sign", "maxspeed": "20", "oneway:bicycle": null, "lit": "yes", "cycleway:right:oneway": null, "alt_name": null, "living_street": null, "smoothness": null, "sidewalk:both:surface": null, "cycleway:right": null, "lane_markings": null, "cycleway:left": null, "surface": "asphalt", "sidewalk": "left", "oneway": null, "name:ru": "улица Верещагина", "name:pl": null, "name:lt": null, "name:etymology:wikidata": null, "name:be": "вуліца Верашчагіна", "name": "улица Верещагина" }, "geometry": { "type": "LineString", "coordinates": [ [ 20.1650061, 54.9460803 ], [ 20.1649866, 54.9457511 ], [ 20.1649493, 54.9453851 ], [ 20.1649452, 54.9452874 ] ] } },
{ "type": "Feature", "properties": { "full_id": "w69269564", "osm_id": "69269564", "osm_type": "way", "highway": "residential", "sidewalk:right:surface": null, "layer": null, "bridge": null, "sidewalk:both": null, "cycleway:left:oneway": null, "cycleway:both": null, "incline": null, "shoulder": null, "sidewalk:left:surface": null, "sidewalk:right": null, "sidewalk:left": null, "vehicle": null, "parking:both:restriction": null, "parking:both": null, "motor_vehicle": null, "description": null, "bicycle": null, "foot": null, "lanes": "2", "maxspeed:type": null, "maxspeed": null, "oneway:bicycle": null, "lit": null, "cycleway:right:oneway": null, "alt_name": null, "living_street": null, "smoothness": null, "sidewalk:both:surface": null, "cycleway:right": null, "lane_markings": null, "cycleway:left": null, "surface": "asphalt", "sidewalk": "left", "oneway": null, "name:ru": null, "name:pl": null, "name:lt": null, "name:etymology:wikidata": null, "name:be": null, "name": "улица Штрауса" }, "geometry": { "type": "LineString", "coordinates": [ [ 20.1610344, 54.9393513 ], [ 20.1612767, 54.9396493 ], [ 20.1617494, 54.9402295 ], [ 20.1617763, 54.9404083 ], [ 20.1617448, 54.9406034 ] ] } },
{ "type": "Feature", "properties": { "full_id": "w69269572", "osm_id": "69269572", "osm_type": "way", "highway": "residential", "sidewalk:right:surface": null, "layer": null, "bridge": null, "sidewalk:both": null, "cycleway:left:oneway": null, "cycleway:both": null, "incline": null, "shoulder": null, "sidewalk:left:surface": null, "sidewalk:right": null, "sidewalk:left": null, "vehicle": null, "parking:both:restriction": null, "parking:both": null, "motor_vehicle": null, "description": null, "bicycle": null, "foot": null, "lanes": null, "maxspeed:type": null, "maxspeed": null, "oneway:bicycle": null, "lit": null, "cycleway:right:oneway": null, "alt_name": null, "living_street": null, "smoothness": null, "sidewalk:both:surface": null, "cycleway:right": null, "lane_markings": null, "cycleway:left": null, "surface": "asphalt", "sidewalk": "right", "oneway": "yes", "name:ru": "улица Маяковского", "name:pl": "ulica Majakowskiego", "name:lt": null, "name:etymology:wikidata": "Q132964", "name:be": "вуліца Маякоўскага", "name": "улица Маяковского" }, "geometry": { "type": "LineString", "coordinates": [ [ 20.1578266, 54.9411654 ], [ 20.1588959, 54.9407902 ], [ 20.1594739, 54.9407281 ], [ 20.1599402, 54.9407556 ], [ 20.160625, 54.9407843 ], [ 20.1614399, 54.9406527 ], [ 20.1617448, 54.9406034 ] ] } },
{ "type": "Feature", "properties": { "full_id": "w69269590", "osm_id": "69269590", "osm_type": "way", "highway": "residential", "sidewalk:right:surface": null, "layer": null, "bridge": null, "sidewalk:both": null, "cycleway:left:oneway": null, "cycleway:both": null, "incline": null, "shoulder": null, "sidewalk:left:surface": null, "sidewalk:right": null, "sidewalk:left": null, "vehicle": null, "parking:both:restriction": null, "parking:both": null, "motor_vehicle": null, "description": null, "bicycle": null, "foot": null, "lanes": null, "maxspeed:type": null, "maxspeed": null, "oneway:bicycle": null, "lit": null, "cycleway:right:oneway": null, "alt_name": null, "living_street": null, "smoothness": null, "sidewalk:both:surface": null, "cycleway:right": null, "lane_markings": "no", "cycleway:left": null, "surface": "asphalt", "sidewalk": "both", "oneway": "yes", "name:ru": "Курортная улица", "name:pl": null, "name:lt": null, "name:etymology:wikidata": "Q4946461", "name:be": "Курортная вуліца", "name": "Курортная улица" }, "geometry": { "type": "LineString", "coordinates": [ [ 20.1557506, 54.9431162 ], [ 20.1544019, 54.9430968 ] ] } },
{ "type": "Feature", "properties": { "full_id": "w69269592", "osm_id": "69269592", "osm_type": "way", "highway": "residential", "sidewalk:right:surface": null, "layer": null, "bridge": null, "sidewalk:both": null, "cycleway:left:oneway": null, "cycleway:both": null, "incline": null, "shoulder": null, "sidewalk:left:surface": null, "sidewalk:right": null, "sidewalk:left": null, "vehicle": null, "parking:both:restriction": null, "parking:both": null, "motor_vehicle": null, "description": null, "bicycle": null, "foot": null, "lanes": null, "maxspeed:type": null, "maxspeed": null, "oneway:bicycle": null, "lit": null, "cycleway:right:oneway": null, "alt_name": null, "living_street": null, "smoothness": null, "sidewalk:both:surface": null, "cycleway:right": null, "lane_markings": null, "cycleway:left": null, "surface": null, "sidewalk": null, "oneway": "yes", "name:ru": "улица Баха", "name:pl": null, "name:lt": null, "name:etymology:wikidata": null, "name:be": "вуліца Баха", "name": "улица Баха" }, "geometry": { "type": "LineString", "coordinates": [ [ 20.1637659, 54.941473 ], [ 20.1630207, 54.9414233 ], [ 20.1626411, 54.9412381 ] ] } },
{ "type": "Feature", "properties": { "full_id": "w69269598", "osm_id": "69269598", "osm_type": "way", "highway": "residential", "sidewalk:right:surface": null, "layer": null, "bridge": null, "sidewalk:both": null, "cycleway:left:oneway": null, "cycleway:both": null, "incline": null, "shoulder": null, "sidewalk:left:surface": null, "sidewalk:right": null, "sidewalk:left": null, "vehicle": null, "parking:both:restriction": null, "parking:both": null, "motor_vehicle": null, "description": null, "bicycle": null, "foot": null, "lanes": null, "maxspeed:type": null, "maxspeed": null, "oneway:bicycle": null, "lit": null, "cycleway:right:oneway": null, "alt_name": null, "living_street": null, "smoothness": null, "sidewalk:both:surface": null, "cycleway:right": null, "lane_markings": "no", "cycleway:left": null, "surface": "asphalt", "sidewalk": "left", "oneway": "yes", "name:ru": "Садовая улица", "name:pl": "ulica Sadowa", "name:lt": null, "name:etymology:wikidata": "Q1107656", "name:be": "Садовая вуліца", "name": "Садовая улица" }, "geometry": { "type": "LineString", "coordinates": [ [ 20.1586653, 54.9422441 ], [ 20.1571651, 54.9425422 ], [ 20.1569386, 54.9426956 ] ] } },
{ "type": "Feature", "properties": { "full_id": "w69269620", "osm_id": "69269620", "osm_type": "way", "highway": "residential", "sidewalk:right:surface": null, "layer": null, "bridge": null, "sidewalk:both": null, "cycleway:left:oneway": null, "cycleway:both": null, "incline": null, "shoulder": null, "sidewalk:left:surface": null, "sidewalk:right": null, "sidewalk:left": null, "vehicle": null, "parking:both:restriction": null, "parking:both": null, "motor_vehicle": null, "description": null, "bicycle": null, "foot": null, "lanes": null, "maxspeed:type": null, "maxspeed": null, "oneway:bicycle": null, "lit": null, "cycleway:right:oneway": null, "alt_name": null, "living_street": null, "smoothness": null, "sidewalk:both:surface": null, "cycleway:right": null, "lane_markings": null, "cycleway:left": null, "surface": null, "sidewalk": null, "oneway": null, "name:ru": null, "name:pl": null, "name:lt": null, "name:etymology:wikidata": null, "name:be": null, "name": null }, "geometry": { "type": "LineString", "coordinates": [ [ 20.156447, 54.9399418 ], [ 20.1563721, 54.9399219 ], [ 20.156291, 54.9399132 ], [ 20.1562018, 54.9399255 ], [ 20.1561413, 54.9399473 ], [ 20.1559914, 54.9400488 ], [ 20.1558873, 54.9401176 ] ] } },
{ "type": "Feature", "properties": { "full_id": "w71507533", "osm_id": "71507533", "osm_type": "way", "highway": "residential", "sidewalk:right:surface": null, "layer": null, "bridge": null, "sidewalk:both": null, "cycleway:left:oneway": null, "cycleway:both": null, "incline": null, "shoulder": null, "sidewalk:left:surface": null, "sidewalk:right": null, "sidewalk:left": null, "vehicle": null, "parking:both:restriction": null, "parking:both": null, "motor_vehicle": null, "description": null, "bicycle": null, "foot": null, "lanes": "1", "maxspeed:type": null, "maxspeed": null, "oneway:bicycle": "no", "lit": "yes", "cycleway:right:oneway": null, "alt_name": null, "living_street": null, "smoothness": null, "sidewalk:both:surface": null, "cycleway:right": null, "lane_markings": null, "cycleway:left": "lane", "surface": "paving_stones", "sidewalk": "both", "oneway": "yes", "name:ru": "улица Ленина", "name:pl": "ulica Lenina", "name:lt": "Lenino g.", "name:etymology:wikidata": "Q1394", "name:be": "вуліца Леніна", "name": "улица Ленина" }, "geometry": { "type": "LineString", "coordinates": [ [ 20.1531452, 54.9440618 ], [ 20.1530095, 54.9440671 ], [ 20.1527207, 54.9440784 ], [ 20.1514666, 54.9441381 ] ] } },
{ "type": "Feature", "properties": { "full_id": "w71512192", "osm_id": "71512192", "osm_type": "way", "highway": "residential", "sidewalk:right:surface": null, "layer": null, "bridge": null, "sidewalk:both": null, "cycleway:left:oneway": null, "cycleway:both": null, "incline": null, "shoulder": null, "sidewalk:left:surface": null, "sidewalk:right": null, "sidewalk:left": null, "vehicle": null, "parking:both:restriction": null, "parking:both": null, "motor_vehicle": null, "description": null, "bicycle": null, "foot": "yes", "lanes": null, "maxspeed:type": null, "maxspeed": null, "oneway:bicycle": null, "lit": null, "cycleway:right:oneway": null, "alt_name": null, "living_street": null, "smoothness": null, "sidewalk:both:surface": null, "cycleway:right": null, "lane_markings": null, "cycleway:left": null, "surface": "asphalt", "sidewalk": "both", "oneway": "yes", "name:ru": "Курортная улица", "name:pl": null, "name:lt": null, "name:etymology:wikidata": "Q4946461", "name:be": "Курортная вуліца", "name": "Курортная улица" }, "geometry": { "type": "LineString", "coordinates": [ [ 20.1564507, 54.943161 ], [ 20.1560694, 54.9431389 ], [ 20.1557506, 54.9431162 ] ] } },
{ "type": "Feature", "properties": { "full_id": "w71513979", "osm_id": "71513979", "osm_type": "way", "highway": "residential", "sidewalk:right:surface": null, "layer": null, "bridge": null, "sidewalk:both": null, "cycleway:left:oneway": null, "cycleway:both": null, "incline": null, "shoulder": null, "sidewalk:left:surface": null, "sidewalk:right": null, "sidewalk:left": null, "vehicle": null, "parking:both:restriction": null, "parking:both": null, "motor_vehicle": null, "description": null, "bicycle": null, "foot": null, "lanes": null, "maxspeed:type": null, "maxspeed": null, "oneway:bicycle": null, "lit": null, "cycleway:right:oneway": null, "alt_name": null, "living_street": null, "smoothness": null, "sidewalk:both:surface": null, "cycleway:right": null, "lane_markings": null, "cycleway:left": null, "surface": "asphalt", "sidewalk": null, "oneway": null, "name:ru": "улица Гагарина", "name:pl": "ulica Gagarina", "name:lt": null, "name:etymology:wikidata": "Q7327", "name:be": "вуліца Гагарына", "name": "улица Гагарина" }, "geometry": { "type": "LineString", "coordinates": [ [ 20.156447, 54.9399418 ], [ 20.1566858, 54.9401688 ], [ 20.1573649, 54.9407401 ] ] } },
{ "type": "Feature", "properties": { "full_id": "w71513982", "osm_id": "71513982", "osm_type": "way", "highway": "residential", "sidewalk:right:surface": null, "layer": null, "bridge": null, "sidewalk:both": null, "cycleway:left:oneway": null, "cycleway:both": null, "incline": null, "shoulder": null, "sidewalk:left:surface": null, "sidewalk:right": null, "sidewalk:left": null, "vehicle": null, "parking:both:restriction": null, "parking:both": null, "motor_vehicle": null, "description": null, "bicycle": null, "foot": null, "lanes": null, "maxspeed:type": null, "maxspeed": null, "oneway:bicycle": null, "lit": null, "cycleway:right:oneway": null, "alt_name": null, "living_street": null, "smoothness": null, "sidewalk:both:surface": null, "cycleway:right": null, "lane_markings": null, "cycleway:left": null, "surface": null, "sidewalk": null, "oneway": "yes", "name:ru": "улица Маяковского", "name:pl": "ulica Majakowskiego", "name:lt": null, "name:etymology:wikidata": "Q132964", "name:be": "вуліца Маякоўскага", "name": "улица Маяковского" }, "geometry": { "type": "LineString", "coordinates": [ [ 20.1617448, 54.9406034 ], [ 20.1621212, 54.9405709 ], [ 20.1628784, 54.9404932 ], [ 20.1632622, 54.9404986 ], [ 20.163551, 54.9405557 ], [ 20.1638625, 54.9405896 ], [ 20.1642499, 54.9406272 ], [ 20.164904, 54.9405843 ], [ 20.1650786, 54.9400398 ] ] } },
{ "type": "Feature", "properties": { "full_id": "w71533214", "osm_id": "71533214", "osm_type": "way", "highway": "residential", "sidewalk:right:surface": null, "layer": null, "bridge": null, "sidewalk:both": null, "cycleway:left:oneway": null, "cycleway:both": null, "incline": null, "shoulder": null, "sidewalk:left:surface": null, "sidewalk:right": null, "sidewalk:left": null, "vehicle": null, "parking:both:restriction": null, "parking:both": null, "motor_vehicle": null, "description": null, "bicycle": null, "foot": null, "lanes": null, "maxspeed:type": null, "maxspeed": null, "oneway:bicycle": null, "lit": null, "cycleway:right:oneway": null, "alt_name": null, "living_street": null, "smoothness": null, "sidewalk:both:surface": null, "cycleway:right": null, "lane_markings": null, "cycleway:left": null, "surface": null, "sidewalk": null, "oneway": null, "name:ru": null, "name:pl": null, "name:lt": null, "name:etymology:wikidata": null, "name:be": null, "name": "переулок Баха" }, "geometry": { "type": "LineString", "coordinates": [ [ 20.1652147, 54.9429691 ], [ 20.1648557, 54.9425515 ], [ 20.1645989, 54.942276 ] ] } },
{ "type": "Feature", "properties": { "full_id": "w71533215", "osm_id": "71533215", "osm_type": "way", "highway": "residential", "sidewalk:right:surface": null, "layer": null, "bridge": null, "sidewalk:both": null, "cycleway:left:oneway": null, "cycleway:both": null, "incline": null, "shoulder": null, "sidewalk:left:surface": null, "sidewalk:right": null, "sidewalk:left": null, "vehicle": null, "parking:both:restriction": null, "parking:both": null, "motor_vehicle": null, "description": null, "bicycle": null, "foot": null, "lanes": null, "maxspeed:type": null, "maxspeed": null, "oneway:bicycle": null, "lit": null, "cycleway:right:oneway": null, "alt_name": null, "living_street": null, "smoothness": null, "sidewalk:both:surface": null, "cycleway:right": null, "lane_markings": null, "cycleway:left": null, "surface": null, "sidewalk": null, "oneway": null, "name:ru": null, "name:pl": null, "name:lt": null, "name:etymology:wikidata": null, "name:be": null, "name": "переулок Баха" }, "geometry": { "type": "LineString", "coordinates": [ [ 20.1643714, 54.9420929 ], [ 20.1650779, 54.9420307 ], [ 20.1654315, 54.9420035 ], [ 20.1656726, 54.9420071 ], [ 20.1658931, 54.9420468 ], [ 20.16608, 54.942137 ], [ 20.166363, 54.9422612 ] ] } },
{ "type": "Feature", "properties": { "full_id": "w71934186", "osm_id": "71934186", "osm_type": "way", "highway": "residential", "sidewalk:right:surface": null, "layer": null, "bridge": null, "sidewalk:both": null, "cycleway:left:oneway": null, "cycleway:both": null, "incline": null, "shoulder": null, "sidewalk:left:surface": null, "sidewalk:right": null, "sidewalk:left": null, "vehicle": null, "parking:both:restriction": null, "parking:both": null, "motor_vehicle": null, "description": null, "bicycle": null, "foot": null, "lanes": null, "maxspeed:type": null, "maxspeed": null, "oneway:bicycle": null, "lit": null, "cycleway:right:oneway": null, "alt_name": null, "living_street": "yes", "smoothness": null, "sidewalk:both:surface": null, "cycleway:right": null, "lane_markings": null, "cycleway:left": null, "surface": null, "sidewalk": null, "oneway": null, "name:ru": null, "name:pl": null, "name:lt": null, "name:etymology:wikidata": null, "name:be": null, "name": null }, "geometry": { "type": "LineString", "coordinates": [ [ 20.1704225, 54.9404257 ], [ 20.1697977, 54.9405614 ], [ 20.1695806, 54.9406428 ], [ 20.1694915, 54.9407742 ], [ 20.1694683, 54.9408084 ], [ 20.1689719, 54.9414035 ] ] } },
{ "type": "Feature", "properties": { "full_id": "w71934198", "osm_id": "71934198", "osm_type": "way", "highway": "residential", "sidewalk:right:surface": null, "layer": null, "bridge": null, "sidewalk:both": null, "cycleway:left:oneway": null, "cycleway:both": null, "incline": null, "shoulder": null, "sidewalk:left:surface": null, "sidewalk:right": null, "sidewalk:left": null, "vehicle": null, "parking:both:restriction": null, "parking:both": null, "motor_vehicle": null, "description": null, "bicycle": null, "foot": null, "lanes": null, "maxspeed:type": null, "maxspeed": null, "oneway:bicycle": null, "lit": null, "cycleway:right:oneway": null, "alt_name": null, "living_street": "yes", "smoothness": null, "sidewalk:both:surface": null, "cycleway:right": null, "lane_markings": null, "cycleway:left": null, "surface": null, "sidewalk": null, "oneway": null, "name:ru": null, "name:pl": null, "name:lt": null, "name:etymology:wikidata": null, "name:be": null, "name": null }, "geometry": { "type": "LineString", "coordinates": [ [ 20.1755344, 54.9432571 ], [ 20.175521, 54.9431591 ], [ 20.1753469, 54.9430078 ], [ 20.1751166, 54.9428077 ], [ 20.1749275, 54.9426595 ], [ 20.1744996, 54.9425415 ], [ 20.1742106, 54.9424618 ], [ 20.1740092, 54.9424032 ] ] } },
{ "type": "Feature", "properties": { "full_id": "w72039715", "osm_id": "72039715", "osm_type": "way", "highway": "residential", "sidewalk:right:surface": null, "layer": null, "bridge": null, "sidewalk:both": null, "cycleway:left:oneway": null, "cycleway:both": null, "incline": null, "shoulder": null, "sidewalk:left:surface": null, "sidewalk:right": null, "sidewalk:left": null, "vehicle": "destination", "parking:both:restriction": "no_stopping", "parking:both": "no", "motor_vehicle": "yes", "description": "вообще-то там толко для пешеходов знак висит, но все ездят по-тихоньку", "bicycle": "yes", "foot": null, "lanes": "1", "maxspeed:type": null, "maxspeed": null, "oneway:bicycle": "no", "lit": "yes", "cycleway:right:oneway": null, "alt_name": null, "living_street": null, "smoothness": null, "sidewalk:both:surface": null, "cycleway:right": null, "lane_markings": null, "cycleway:left": "lane", "surface": "asphalt", "sidewalk": "right", "oneway": "yes", "name:ru": "улица Ленина", "name:pl": "ulica Lenina", "name:lt": "Lenino g.", "name:etymology:wikidata": "Q1394", "name:be": "вуліца Леніна", "name": "улица Ленина" }, "geometry": { "type": "LineString", "coordinates": [ [ 20.1598182, 54.9440125 ], [ 20.1597296, 54.9440276 ], [ 20.1594407, 54.9440769 ], [ 20.1589078, 54.9441393 ], [ 20.1564253, 54.944119 ] ] } },
{ "type": "Feature", "properties": { "full_id": "w72093918", "osm_id": "72093918", "osm_type": "way", "highway": "residential", "sidewalk:right:surface": null, "layer": null, "bridge": null, "sidewalk:both": null, "cycleway:left:oneway": null, "cycleway:both": null, "incline": null, "shoulder": null, "sidewalk:left:surface": null, "sidewalk:right": "separate", "sidewalk:left": "no", "vehicle": null, "parking:both:restriction": null, "parking:both": null, "motor_vehicle": null, "description": null, "bicycle": null, "foot": null, "lanes": null, "maxspeed:type": null, "maxspeed": null, "oneway:bicycle": null, "lit": "yes", "cycleway:right:oneway": null, "alt_name": null, "living_street": "yes", "smoothness": "excellent", "sidewalk:both:surface": null, "cycleway:right": null, "lane_markings": null, "cycleway:left": null, "surface": "asphalt", "sidewalk": null, "oneway": null, "name:ru": null, "name:pl": null, "name:lt": null, "name:etymology:wikidata": null, "name:be": null, "name": null }, "geometry": { "type": "LineString", "coordinates": [ [ 20.1730602, 54.9499162 ], [ 20.1731542, 54.9497132 ], [ 20.1732159, 54.9496285 ], [ 20.1733044, 54.9495546 ], [ 20.173405, 54.949506 ], [ 20.1735122, 54.9494591 ], [ 20.1738247, 54.949342 ], [ 20.1739628, 54.949298 ], [ 20.1741111, 54.94926 ] ] } },
{ "type": "Feature", "properties": { "full_id": "w72093956", "osm_id": "72093956", "osm_type": "way", "highway": "residential", "sidewalk:right:surface": null, "layer": null, "bridge": null, "sidewalk:both": null, "cycleway:left:oneway": null, "cycleway:both": null, "incline": null, "shoulder": null, "sidewalk:left:surface": "paving_stones", "sidewalk:right": null, "sidewalk:left": null, "vehicle": null, "parking:both:restriction": null, "parking:both": null, "motor_vehicle": null, "description": null, "bicycle": null, "foot": null, "lanes": null, "maxspeed:type": null, "maxspeed": null, "oneway:bicycle": null, "lit": null, "cycleway:right:oneway": null, "alt_name": null, "living_street": null, "smoothness": "good", "sidewalk:both:surface": null, "cycleway:right": null, "lane_markings": null, "cycleway:left": null, "surface": "asphalt", "sidewalk": "left", "oneway": null, "name:ru": "Балтийская улица", "name:pl": null, "name:lt": null, "name:etymology:wikidata": null, "name:be": "Балтыйская вуліца", "name": "Балтийская улица" }, "geometry": { "type": "LineString", "coordinates": [ [ 20.1731698, 54.9475656 ], [ 20.1729862, 54.9472302 ], [ 20.1721829, 54.9466228 ], [ 20.1717272, 54.9462197 ], [ 20.1714361, 54.9460199 ], [ 20.1713946, 54.9459915 ], [ 20.1708483, 54.9456039 ], [ 20.1702709, 54.9451669 ], [ 20.1696929, 54.9447293 ], [ 20.1693626, 54.9443556 ], [ 20.1691568, 54.944083 ], [ 20.1690129, 54.9435236 ] ] } },
{ "type": "Feature", "properties": { "full_id": "w72093961", "osm_id": "72093961", "osm_type": "way", "highway": "residential", "sidewalk:right:surface": null, "layer": null, "bridge": null, "sidewalk:both": null, "cycleway:left:oneway": null, "cycleway:both": null, "incline": null, "shoulder": null, "sidewalk:left:surface": null, "sidewalk:right": null, "sidewalk:left": null, "vehicle": null, "parking:both:restriction": null, "parking:both": null, "motor_vehicle": null, "description": null, "bicycle": null, "foot": null, "lanes": null, "maxspeed:type": null, "maxspeed": null, "oneway:bicycle": null, "lit": null, "cycleway:right:oneway": null, "alt_name": null, "living_street": null, "smoothness": null, "sidewalk:both:surface": null, "cycleway:right": null, "lane_markings": null, "cycleway:left": null, "surface": null, "sidewalk": null, "oneway": "yes", "name:ru": "Почтовая улица", "name:pl": "ulica Pocztowa", "name:lt": null, "name:etymology:wikidata": "Q49845", "name:be": "Паштовая вуліца", "name": "Почтовая улица" }, "geometry": { "type": "LineString", "coordinates": [ [ 20.1532195, 54.9417663 ], [ 20.1541135, 54.9413782 ], [ 20.1548728, 54.9410527 ], [ 20.1552158, 54.9408973 ], [ 20.1557529, 54.9406569 ] ] } },
{ "type": "Feature", "properties": { "full_id": "w72093976", "osm_id": "72093976", "osm_type": "way", "highway": "residential", "sidewalk:right:surface": null, "layer": null, "bridge": null, "sidewalk:both": null, "cycleway:left:oneway": null, "cycleway:both": null, "incline": null, "shoulder": null, "sidewalk:left:surface": null, "sidewalk:right": null, "sidewalk:left": null, "vehicle": null, "parking:both:restriction": null, "parking:both": null, "motor_vehicle": null, "description": null, "bicycle": null, "foot": null, "lanes": null, "maxspeed:type": null, "maxspeed": null, "oneway:bicycle": null, "lit": null, "cycleway:right:oneway": null, "alt_name": null, "living_street": null, "smoothness": null, "sidewalk:both:surface": null, "cycleway:right": null, "lane_markings": null, "cycleway:left": null, "surface": null, "sidewalk": null, "oneway": null, "name:ru": null, "name:pl": null, "name:lt": null, "name:etymology:wikidata": null, "name:be": null, "name": null }, "geometry": { "type": "LineString", "coordinates": [ [ 20.1546795, 54.9421047 ], [ 20.1544428, 54.9421833 ], [ 20.1539179, 54.9423191 ], [ 20.1537495, 54.94259 ] ] } },
{ "type": "Feature", "properties": { "full_id": "w72093980", "osm_id": "72093980", "osm_type": "way", "highway": "residential", "sidewalk:right:surface": null, "layer": null, "bridge": null, "sidewalk:both": null, "cycleway:left:oneway": null, "cycleway:both": null, "incline": null, "shoulder": null, "sidewalk:left:surface": null, "sidewalk:right": null, "sidewalk:left": null, "vehicle": null, "parking:both:restriction": null, "parking:both": null, "motor_vehicle": null, "description": null, "bicycle": null, "foot": null, "lanes": null, "maxspeed:type": null, "maxspeed": null, "oneway:bicycle": null, "lit": null, "cycleway:right:oneway": null, "alt_name": null, "living_street": null, "smoothness": null, "sidewalk:both:surface": null, "cycleway:right": null, "lane_markings": null, "cycleway:left": null, "surface": "asphalt", "sidewalk": "both", "oneway": null, "name:ru": "улица Островского", "name:pl": "ulica Ostrowskiego", "name:lt": null, "name:etymology:wikidata": null, "name:be": "вуліца Астроўскага", "name": "улица Островского" }, "geometry": { "type": "LineString", "coordinates": [ [ 20.1557365, 54.9417626 ], [ 20.1554374, 54.9415636 ], [ 20.1554162, 54.9415001 ], [ 20.1556074, 54.9408497 ], [ 20.1556546, 54.9407871 ] ] } },
{ "type": "Feature", "properties": { "full_id": "w72111462", "osm_id": "72111462", "osm_type": "way", "highway": "residential", "sidewalk:right:surface": null, "layer": null, "bridge": null, "sidewalk:both": null, "cycleway:left:oneway": null, "cycleway:both": null, "incline": null, "shoulder": null, "sidewalk:left:surface": null, "sidewalk:right": null, "sidewalk:left": null, "vehicle": null, "parking:both:restriction": null, "parking:both": null, "motor_vehicle": null, "description": null, "bicycle": null, "foot": null, "lanes": null, "maxspeed:type": null, "maxspeed": null, "oneway:bicycle": null, "lit": null, "cycleway:right:oneway": null, "alt_name": null, "living_street": null, "smoothness": null, "sidewalk:both:surface": null, "cycleway:right": null, "lane_markings": null, "cycleway:left": null, "surface": null, "sidewalk": null, "oneway": null, "name:ru": null, "name:pl": null, "name:lt": null, "name:etymology:wikidata": null, "name:be": null, "name": "переулок Баха" }, "geometry": { "type": "LineString", "coordinates": [ [ 20.1637659, 54.941473 ], [ 20.1643714, 54.9420929 ] ] } },
{ "type": "Feature", "properties": { "full_id": "w72239729", "osm_id": "72239729", "osm_type": "way", "highway": "residential", "sidewalk:right:surface": null, "layer": null, "bridge": null, "sidewalk:both": null, "cycleway:left:oneway": null, "cycleway:both": null, "incline": null, "shoulder": null, "sidewalk:left:surface": null, "sidewalk:right": null, "sidewalk:left": null, "vehicle": null, "parking:both:restriction": null, "parking:both": null, "motor_vehicle": null, "description": null, "bicycle": null, "foot": null, "lanes": null, "maxspeed:type": null, "maxspeed": null, "oneway:bicycle": null, "lit": null, "cycleway:right:oneway": null, "alt_name": null, "living_street": null, "smoothness": null, "sidewalk:both:surface": null, "cycleway:right": null, "lane_markings": null, "cycleway:left": null, "surface": null, "sidewalk": null, "oneway": null, "name:ru": null, "name:pl": null, "name:lt": null, "name:etymology:wikidata": null, "name:be": null, "name": null }, "geometry": { "type": "LineString", "coordinates": [ [ 20.167109, 54.9446198 ], [ 20.167812, 54.9445153 ], [ 20.167905, 54.9444123 ], [ 20.1677803, 54.9441582 ], [ 20.1678525, 54.9439097 ], [ 20.1685164, 54.9437895 ], [ 20.1688882, 54.9436733 ], [ 20.1690129, 54.9435236 ] ] } },
{ "type": "Feature", "properties": { "full_id": "w72239748", "osm_id": "72239748", "osm_type": "way", "highway": "residential", "sidewalk:right:surface": null, "layer": null, "bridge": null, "sidewalk:both": null, "cycleway:left:oneway": null, "cycleway:both": null, "incline": null, "shoulder": null, "sidewalk:left:surface": null, "sidewalk:right": null, "sidewalk:left": null, "vehicle": null, "parking:both:restriction": null, "parking:both": null, "motor_vehicle": null, "description": null, "bicycle": null, "foot": null, "lanes": null, "maxspeed:type": null, "maxspeed": null, "oneway:bicycle": null, "lit": null, "cycleway:right:oneway": null, "alt_name": null, "living_street": null, "smoothness": null, "sidewalk:both:surface": null, "cycleway:right": null, "lane_markings": null, "cycleway:left": null, "surface": null, "sidewalk": null, "oneway": null, "name:ru": null, "name:pl": null, "name:lt": null, "name:etymology:wikidata": null, "name:be": null, "name": null }, "geometry": { "type": "LineString", "coordinates": [ [ 20.1732286, 54.9476724 ], [ 20.1731866, 54.9477415 ], [ 20.1729698, 54.9480983 ], [ 20.1725718, 54.9483671 ] ] } },
{ "type": "Feature", "properties": { "full_id": "w72245818", "osm_id": "72245818", "osm_type": "way", "highway": "residential", "sidewalk:right:surface": null, "layer": null, "bridge": null, "sidewalk:both": null, "cycleway:left:oneway": null, "cycleway:both": null, "incline": null, "shoulder": null, "sidewalk:left:surface": null, "sidewalk:right": null, "sidewalk:left": null, "vehicle": null, "parking:both:restriction": null, "parking:both": null, "motor_vehicle": null, "description": null, "bicycle": null, "foot": null, "lanes": null, "maxspeed:type": null, "maxspeed": null, "oneway:bicycle": null, "lit": null, "cycleway:right:oneway": null, "alt_name": null, "living_street": "yes", "smoothness": null, "sidewalk:both:surface": null, "cycleway:right": null, "lane_markings": null, "cycleway:left": null, "surface": null, "sidewalk": null, "oneway": null, "name:ru": "Береговая улица", "name:pl": "ulica Brzegowa", "name:lt": null, "name:etymology:wikidata": null, "name:be": "Берагавая вуліца", "name": "Береговая улица" }, "geometry": { "type": "LineString", "coordinates": [ [ 20.1689719, 54.9414035 ], [ 20.1690677, 54.9414715 ], [ 20.1693475, 54.9416232 ], [ 20.169451, 54.9418102 ], [ 20.169515, 54.9420755 ] ] } },
{ "type": "Feature", "properties": { "full_id": "w72247718", "osm_id": "72247718", "osm_type": "way", "highway": "residential", "sidewalk:right:surface": null, "layer": null, "bridge": null, "sidewalk:both": null, "cycleway:left:oneway": null, "cycleway:both": null, "incline": null, "shoulder": null, "sidewalk:left:surface": null, "sidewalk:right": null, "sidewalk:left": null, "vehicle": null, "parking:both:restriction": null, "parking:both": null, "motor_vehicle": null, "description": null, "bicycle": null, "foot": null, "lanes": null, "maxspeed:type": null, "maxspeed": null, "oneway:bicycle": null, "lit": null, "cycleway:right:oneway": null, "alt_name": null, "living_street": "yes", "smoothness": "bad", "sidewalk:both:surface": null, "cycleway:right": null, "lane_markings": null, "cycleway:left": null, "surface": "asphalt", "sidewalk": null, "oneway": null, "name:ru": null, "name:pl": null, "name:lt": null, "name:etymology:wikidata": null, "name:be": null, "name": "Заречная улица" }, "geometry": { "type": "LineString", "coordinates": [ [ 20.1751501, 54.9402506 ], [ 20.1752016, 54.9404952 ], [ 20.1752874, 54.940785 ], [ 20.1753046, 54.9409549 ], [ 20.1752269, 54.9411532 ], [ 20.1751314, 54.9413917 ], [ 20.1749812, 54.9416698 ], [ 20.1749317, 54.9417242 ], [ 20.1748212, 54.9418455 ], [ 20.1747237, 54.9419475 ], [ 20.1745755, 54.9420647 ], [ 20.1744685, 54.9421404 ], [ 20.1742382, 54.9422754 ], [ 20.1740092, 54.9424032 ] ] } },
{ "type": "Feature", "properties": { "full_id": "w80798592", "osm_id": "80798592", "osm_type": "way", "highway": "residential", "sidewalk:right:surface": null, "layer": null, "bridge": null, "sidewalk:both": null, "cycleway:left:oneway": null, "cycleway:both": null, "incline": null, "shoulder": null, "sidewalk:left:surface": null, "sidewalk:right": null, "sidewalk:left": null, "vehicle": null, "parking:both:restriction": null, "parking:both": null, "motor_vehicle": null, "description": null, "bicycle": null, "foot": null, "lanes": null, "maxspeed:type": null, "maxspeed": null, "oneway:bicycle": null, "lit": null, "cycleway:right:oneway": null, "alt_name": null, "living_street": null, "smoothness": null, "sidewalk:both:surface": null, "cycleway:right": null, "lane_markings": null, "cycleway:left": null, "surface": null, "sidewalk": null, "oneway": null, "name:ru": "Дачная улица", "name:pl": null, "name:lt": null, "name:etymology:wikidata": "Q160169", "name:be": "Дачная вуліца", "name": "Дачная улица" }, "geometry": { "type": "LineString", "coordinates": [ [ 20.1752127, 54.9451253 ], [ 20.1752617, 54.945082 ], [ 20.1756861, 54.9447077 ], [ 20.176102, 54.944377 ], [ 20.1763055, 54.9442404 ], [ 20.1768443, 54.9439263 ], [ 20.1768985, 54.9438972 ], [ 20.1775098, 54.9435702 ] ] } },
{ "type": "Feature", "properties": { "full_id": "w95085094", "osm_id": "95085094", "osm_type": "way", "highway": "residential", "sidewalk:right:surface": null, "layer": null, "bridge": null, "sidewalk:both": null, "cycleway:left:oneway": null, "cycleway:both": null, "incline": null, "shoulder": null, "sidewalk:left:surface": null, "sidewalk:right": null, "sidewalk:left": null, "vehicle": null, "parking:both:restriction": null, "parking:both": null, "motor_vehicle": null, "description": null, "bicycle": null, "foot": null, "lanes": null, "maxspeed:type": null, "maxspeed": null, "oneway:bicycle": null, "lit": null, "cycleway:right:oneway": null, "alt_name": null, "living_street": null, "smoothness": null, "sidewalk:both:surface": null, "cycleway:right": null, "lane_markings": "no", "cycleway:left": null, "surface": "paving_stones", "sidewalk": null, "oneway": "no", "name:ru": "Октябрьская улица", "name:pl": "ulica Październikowa", "name:lt": null, "name:etymology:wikidata": "Q42976", "name:be": "Кастрычніцкая вуліца", "name": "Октябрьская улица" }, "geometry": { "type": "LineString", "coordinates": [ [ 20.1559116, 54.9418792 ], [ 20.1563918, 54.941501 ], [ 20.1568426, 54.9411544 ], [ 20.1573649, 54.9407401 ] ] } },
{ "type": "Feature", "properties": { "full_id": "w95085099", "osm_id": "95085099", "osm_type": "way", "highway": "residential", "sidewalk:right:surface": null, "layer": null, "bridge": null, "sidewalk:both": null, "cycleway:left:oneway": null, "cycleway:both": null, "incline": null, "shoulder": null, "sidewalk:left:surface": null, "sidewalk:right": null, "sidewalk:left": null, "vehicle": null, "parking:both:restriction": null, "parking:both": null, "motor_vehicle": null, "description": null, "bicycle": null, "foot": null, "lanes": null, "maxspeed:type": null, "maxspeed": null, "oneway:bicycle": null, "lit": "yes", "cycleway:right:oneway": null, "alt_name": null, "living_street": null, "smoothness": null, "sidewalk:both:surface": null, "cycleway:right": null, "lane_markings": null, "cycleway:left": null, "surface": "asphalt", "sidewalk": null, "oneway": "yes", "name:ru": null, "name:pl": null, "name:lt": null, "name:etymology:wikidata": null, "name:be": null, "name": "улица Островского" }, "geometry": { "type": "LineString", "coordinates": [ [ 20.1557529, 54.9406569 ], [ 20.1558176, 54.9405194 ], [ 20.1558873, 54.9401176 ] ] } },
{ "type": "Feature", "properties": { "full_id": "w167451069", "osm_id": "167451069", "osm_type": "way", "highway": "residential", "sidewalk:right:surface": null, "layer": null, "bridge": null, "sidewalk:both": null, "cycleway:left:oneway": null, "cycleway:both": null, "incline": null, "shoulder": "no", "sidewalk:left:surface": null, "sidewalk:right": null, "sidewalk:left": null, "vehicle": null, "parking:both:restriction": null, "parking:both": null, "motor_vehicle": null, "description": null, "bicycle": "yes", "foot": null, "lanes": "2", "maxspeed:type": null, "maxspeed": "40", "oneway:bicycle": null, "lit": null, "cycleway:right:oneway": null, "alt_name": "улица К.Маркса", "living_street": null, "smoothness": null, "sidewalk:both:surface": null, "cycleway:right": null, "lane_markings": null, "cycleway:left": null, "surface": "asphalt", "sidewalk": "both", "oneway": "no", "name:ru": "улица Карла Маркса", "name:pl": "ulica Karola Marksa", "name:lt": null, "name:etymology:wikidata": "Q9061", "name:be": "вуліца Карла Маркса", "name": "улица Карла Маркса" }, "geometry": { "type": "LineString", "coordinates": [ [ 20.1514666, 54.9441381 ], [ 20.151449, 54.9439864 ], [ 20.1514106, 54.9437934 ], [ 20.151341, 54.9436593 ], [ 20.1509831, 54.9431043 ], [ 20.1507166, 54.942719 ], [ 20.1502916, 54.942155 ], [ 20.1501452, 54.9419607 ], [ 20.1499674, 54.9416694 ], [ 20.1497043, 54.9412263 ], [ 20.1495885, 54.9410254 ], [ 20.1495633, 54.9409813 ], [ 20.1494653, 54.9408094 ], [ 20.1493252, 54.9405879 ] ] } },
{ "type": "Feature", "properties": { "full_id": "w185249640", "osm_id": "185249640", "osm_type": "way", "highway": "residential", "sidewalk:right:surface": null, "layer": null, "bridge": null, "sidewalk:both": null, "cycleway:left:oneway": null, "cycleway:both": null, "incline": "down", "shoulder": null, "sidewalk:left:surface": null, "sidewalk:right": null, "sidewalk:left": null, "vehicle": null, "parking:both:restriction": null, "parking:both": null, "motor_vehicle": null, "description": null, "bicycle": null, "foot": null, "lanes": "1", "maxspeed:type": null, "maxspeed": null, "oneway:bicycle": null, "lit": null, "cycleway:right:oneway": null, "alt_name": null, "living_street": null, "smoothness": "bad", "sidewalk:both:surface": null, "cycleway:right": null, "lane_markings": null, "cycleway:left": null, "surface": "asphalt", "sidewalk": "no", "oneway": "yes", "name:ru": "Подгорная улица", "name:pl": "ulica Podgórna", "name:lt": null, "name:etymology:wikidata": "Q1437459", "name:be": "Падгорная вуліца", "name": "Подгорная улица" }, "geometry": { "type": "LineString", "coordinates": [ [ 20.1558873, 54.9401176 ], [ 20.1557757, 54.9400653 ], [ 20.1556811, 54.9400036 ], [ 20.1554737, 54.939589 ] ] } },
{ "type": "Feature", "properties": { "full_id": "w185945738", "osm_id": "185945738", "osm_type": "way", "highway": "residential", "sidewalk:right:surface": null, "layer": null, "bridge": null, "sidewalk:both": null, "cycleway:left:oneway": null, "cycleway:both": null, "incline": null, "shoulder": null, "sidewalk:left:surface": null, "sidewalk:right": null, "sidewalk:left": null, "vehicle": null, "parking:both:restriction": null, "parking:both": null, "motor_vehicle": null, "description": null, "bicycle": null, "foot": null, "lanes": null, "maxspeed:type": null, "maxspeed": null, "oneway:bicycle": null, "lit": null, "cycleway:right:oneway": null, "alt_name": null, "living_street": null, "smoothness": null, "sidewalk:both:surface": null, "cycleway:right": null, "lane_markings": null, "cycleway:left": null, "surface": "asphalt", "sidewalk": "right", "oneway": "yes", "name:ru": "Садовая улица", "name:pl": "ulica Sadowa", "name:lt": null, "name:etymology:wikidata": "Q1107656", "name:be": "Садовая вуліца", "name": "Садовая улица" }, "geometry": { "type": "LineString", "coordinates": [ [ 20.1564507, 54.943161 ], [ 20.1564231, 54.9440468 ], [ 20.1564253, 54.944119 ] ] } },
{ "type": "Feature", "properties": { "full_id": "w186623665", "osm_id": "186623665", "osm_type": "way", "highway": "residential", "sidewalk:right:surface": null, "layer": null, "bridge": null, "sidewalk:both": null, "cycleway:left:oneway": null, "cycleway:both": null, "incline": null, "shoulder": null, "sidewalk:left:surface": null, "sidewalk:right": null, "sidewalk:left": null, "vehicle": null, "parking:both:restriction": null, "parking:both": null, "motor_vehicle": null, "description": null, "bicycle": null, "foot": null, "lanes": null, "maxspeed:type": null, "maxspeed": null, "oneway:bicycle": null, "lit": null, "cycleway:right:oneway": null, "alt_name": null, "living_street": null, "smoothness": null, "sidewalk:both:surface": null, "cycleway:right": null, "lane_markings": "no", "cycleway:left": null, "surface": "asphalt", "sidewalk": null, "oneway": null, "name:ru": "улица Гагарина", "name:pl": "ulica Gagarina", "name:lt": null, "name:etymology:wikidata": "Q7327", "name:be": "вуліца Гагарына", "name": "улица Гагарина" }, "geometry": { "type": "LineString", "coordinates": [ [ 20.1573649, 54.9407401 ], [ 20.1578266, 54.9411654 ] ] } },
{ "type": "Feature", "properties": { "full_id": "w186623911", "osm_id": "186623911", "osm_type": "way", "highway": "residential", "sidewalk:right:surface": null, "layer": null, "bridge": null, "sidewalk:both": null, "cycleway:left:oneway": null, "cycleway:both": null, "incline": null, "shoulder": null, "sidewalk:left:surface": null, "sidewalk:right": null, "sidewalk:left": null, "vehicle": null, "parking:both:restriction": null, "parking:both": null, "motor_vehicle": null, "description": null, "bicycle": null, "foot": null, "lanes": "2", "maxspeed:type": null, "maxspeed": null, "oneway:bicycle": null, "lit": null, "cycleway:right:oneway": null, "alt_name": null, "living_street": null, "smoothness": null, "sidewalk:both:surface": null, "cycleway:right": null, "lane_markings": null, "cycleway:left": null, "surface": "asphalt", "sidewalk": null, "oneway": null, "name:ru": null, "name:pl": null, "name:lt": null, "name:etymology:wikidata": null, "name:be": null, "name": "улица Штрауса" }, "geometry": { "type": "LineString", "coordinates": [ [ 20.1617448, 54.9406034 ], [ 20.1617694, 54.9411955 ], [ 20.1617821, 54.9414022 ], [ 20.1618499, 54.9415268 ], [ 20.1629843, 54.9427379 ], [ 20.1632007, 54.9430001 ], [ 20.163481, 54.9433399 ], [ 20.163518, 54.9433847 ] ] } },
{ "type": "Feature", "properties": { "full_id": "w186623947", "osm_id": "186623947", "osm_type": "way", "highway": "residential", "sidewalk:right:surface": null, "layer": null, "bridge": null, "sidewalk:both": null, "cycleway:left:oneway": null, "cycleway:both": null, "incline": null, "shoulder": null, "sidewalk:left:surface": null, "sidewalk:right": null, "sidewalk:left": null, "vehicle": null, "parking:both:restriction": null, "parking:both": null, "motor_vehicle": null, "description": null, "bicycle": null, "foot": null, "lanes": null, "maxspeed:type": null, "maxspeed": null, "oneway:bicycle": null, "lit": null, "cycleway:right:oneway": null, "alt_name": null, "living_street": null, "smoothness": null, "sidewalk:both:surface": null, "cycleway:right": null, "lane_markings": null, "cycleway:left": null, "surface": null, "sidewalk": null, "oneway": null, "name:ru": "Балтийская улица", "name:pl": null, "name:lt": null, "name:etymology:wikidata": null, "name:be": "Балтыйская вуліца", "name": "Балтийская улица" }, "geometry": { "type": "LineString", "coordinates": [ [ 20.1636889, 54.9397382 ], [ 20.1647862, 54.939905 ], [ 20.1650786, 54.9400398 ], [ 20.1658279, 54.9404527 ] ] } },
{ "type": "Feature", "properties": { "full_id": "w297368194", "osm_id": "297368194", "osm_type": "way", "highway": "residential", "sidewalk:right:surface": null, "layer": null, "bridge": null, "sidewalk:both": null, "cycleway:left:oneway": null, "cycleway:both": null, "incline": null, "shoulder": null, "sidewalk:left:surface": null, "sidewalk:right": null, "sidewalk:left": null, "vehicle": null, "parking:both:restriction": null, "parking:both": null, "motor_vehicle": null, "description": null, "bicycle": null, "foot": null, "lanes": null, "maxspeed:type": null, "maxspeed": null, "oneway:bicycle": null, "lit": null, "cycleway:right:oneway": null, "alt_name": null, "living_street": null, "smoothness": null, "sidewalk:both:surface": null, "cycleway:right": null, "lane_markings": null, "cycleway:left": null, "surface": "asphalt", "sidewalk": null, "oneway": "yes", "name:ru": "Аптечная улица", "name:pl": "ulica Apteczna", "name:lt": null, "name:etymology:wikidata": "Q13107184", "name:be": "Аптэчная вуліца", "name": "Аптечная улица" }, "geometry": { "type": "LineString", "coordinates": [ [ 20.1546054, 54.9429394 ], [ 20.154538, 54.9429137 ], [ 20.1537757, 54.9426233 ], [ 20.1537495, 54.94259 ], [ 20.1532195, 54.9417663 ] ] } },
{ "type": "Feature", "properties": { "full_id": "w298627646", "osm_id": "298627646", "osm_type": "way", "highway": "residential", "sidewalk:right:surface": null, "layer": null, "bridge": null, "sidewalk:both": null, "cycleway:left:oneway": null, "cycleway:both": "no", "incline": null, "shoulder": null, "sidewalk:left:surface": null, "sidewalk:right": null, "sidewalk:left": null, "vehicle": null, "parking:both:restriction": null, "parking:both": null, "motor_vehicle": null, "description": null, "bicycle": null, "foot": null, "lanes": null, "maxspeed:type": null, "maxspeed": null, "oneway:bicycle": null, "lit": "yes", "cycleway:right:oneway": null, "alt_name": null, "living_street": null, "smoothness": "good", "sidewalk:both:surface": "paving_stones", "cycleway:right": null, "lane_markings": null, "cycleway:left": null, "surface": "paving_stones", "sidewalk": "both", "oneway": "yes", "name:ru": null, "name:pl": null, "name:lt": null, "name:etymology:wikidata": null, "name:be": null, "name": "улица Динамо" }, "geometry": { "type": "LineString", "coordinates": [ [ 20.1554772, 54.9451894 ], [ 20.1553066, 54.9451585 ], [ 20.1525781, 54.9446485 ], [ 20.1524865, 54.944632 ] ] } },
{ "type": "Feature", "properties": { "full_id": "w298627648", "osm_id": "298627648", "osm_type": "way", "highway": "residential", "sidewalk:right:surface": null, "layer": null, "bridge": null, "sidewalk:both": null, "cycleway:left:oneway": "-1", "cycleway:both": null, "incline": null, "shoulder": null, "sidewalk:left:surface": null, "sidewalk:right": null, "sidewalk:left": null, "vehicle": "destination", "parking:both:restriction": "no_stopping", "parking:both": "no", "motor_vehicle": "yes", "description": null, "bicycle": "yes", "foot": null, "lanes": "1", "maxspeed:type": null, "maxspeed": null, "oneway:bicycle": "no", "lit": "yes", "cycleway:right:oneway": null, "alt_name": null, "living_street": null, "smoothness": null, "sidewalk:both:surface": null, "cycleway:right": "no", "lane_markings": null, "cycleway:left": "lane", "surface": "asphalt", "sidewalk": "both", "oneway": "yes", "name:ru": "улица Ленина", "name:pl": "ulica Lenina", "name:lt": "Lenino g.", "name:etymology:wikidata": "Q1394", "name:be": "вуліца Леніна", "name": "улица Ленина" }, "geometry": { "type": "LineString", "coordinates": [ [ 20.1564253, 54.944119 ], [ 20.1560034, 54.9440916 ], [ 20.1558265, 54.9440882 ], [ 20.1545738, 54.9440645 ], [ 20.153278, 54.9440621 ], [ 20.1531452, 54.9440618 ] ] } },
{ "type": "Feature", "properties": { "full_id": "w309952746", "osm_id": "309952746", "osm_type": "way", "highway": "residential", "sidewalk:right:surface": null, "layer": null, "bridge": null, "sidewalk:both": null, "cycleway:left:oneway": null, "cycleway:both": null, "incline": null, "shoulder": null, "sidewalk:left:surface": null, "sidewalk:right": null, "sidewalk:left": null, "vehicle": null, "parking:both:restriction": null, "parking:both": null, "motor_vehicle": null, "description": null, "bicycle": null, "foot": null, "lanes": null, "maxspeed:type": null, "maxspeed": null, "oneway:bicycle": null, "lit": null, "cycleway:right:oneway": "no", "alt_name": null, "living_street": null, "smoothness": null, "sidewalk:both:surface": null, "cycleway:right": "track", "lane_markings": null, "cycleway:left": "no", "surface": "asphalt", "sidewalk": null, "oneway": null, "name:ru": "Балтийская улица", "name:pl": null, "name:lt": null, "name:etymology:wikidata": null, "name:be": "Балтыйская вуліца", "name": "Балтийская улица" }, "geometry": { "type": "LineString", "coordinates": [ [ 20.1689105, 54.9433461 ], [ 20.1680923, 54.9428509 ] ] } },
{ "type": "Feature", "properties": { "full_id": "w309952747", "osm_id": "309952747", "osm_type": "way", "highway": "residential", "sidewalk:right:surface": null, "layer": null, "bridge": null, "sidewalk:both": null, "cycleway:left:oneway": null, "cycleway:both": null, "incline": null, "shoulder": null, "sidewalk:left:surface": null, "sidewalk:right": null, "sidewalk:left": null, "vehicle": null, "parking:both:restriction": null, "parking:both": null, "motor_vehicle": null, "description": null, "bicycle": null, "foot": null, "lanes": null, "maxspeed:type": null, "maxspeed": null, "oneway:bicycle": null, "lit": null, "cycleway:right:oneway": null, "alt_name": null, "living_street": null, "smoothness": null, "sidewalk:both:surface": null, "cycleway:right": null, "lane_markings": null, "cycleway:left": null, "surface": null, "sidewalk": null, "oneway": null, "name:ru": "Балтийская улица", "name:pl": null, "name:lt": null, "name:etymology:wikidata": null, "name:be": "Балтыйская вуліца", "name": "Балтийская улица" }, "geometry": { "type": "LineString", "coordinates": [ [ 20.1680923, 54.9428509 ], [ 20.1668669, 54.9415865 ], [ 20.1661073, 54.9407573 ], [ 20.16592, 54.9405531 ], [ 20.1658279, 54.9404527 ] ] } },
{ "type": "Feature", "properties": { "full_id": "w309952757", "osm_id": "309952757", "osm_type": "way", "highway": "residential", "sidewalk:right:surface": null, "layer": null, "bridge": null, "sidewalk:both": null, "cycleway:left:oneway": null, "cycleway:both": null, "incline": null, "shoulder": null, "sidewalk:left:surface": null, "sidewalk:right": null, "sidewalk:left": null, "vehicle": null, "parking:both:restriction": null, "parking:both": null, "motor_vehicle": null, "description": null, "bicycle": null, "foot": null, "lanes": null, "maxspeed:type": null, "maxspeed": null, "oneway:bicycle": null, "lit": null, "cycleway:right:oneway": null, "alt_name": null, "living_street": "yes", "smoothness": "bad", "sidewalk:both:surface": null, "cycleway:right": null, "lane_markings": null, "cycleway:left": null, "surface": "asphalt", "sidewalk": null, "oneway": null, "name:ru": "Заречная улица", "name:pl": "ulica Zarzeczna", "name:lt": null, "name:etymology:wikidata": "Q4022", "name:be": "Зарэчная вуліца", "name": "Заречная улица" }, "geometry": { "type": "LineString", "coordinates": [ [ 20.1740092, 54.9424032 ], [ 20.1737629, 54.9424296 ], [ 20.1729363, 54.9425181 ], [ 20.1729163, 54.9425232 ], [ 20.1727097, 54.9425534 ], [ 20.1709696, 54.9430984 ], [ 20.1704622, 54.9433031 ] ] } },
{ "type": "Feature", "properties": { "full_id": "w309952762", "osm_id": "309952762", "osm_type": "way", "highway": "residential", "sidewalk:right:surface": null, "layer": null, "bridge": null, "sidewalk:both": null, "cycleway:left:oneway": null, "cycleway:both": null, "incline": null, "shoulder": null, "sidewalk:left:surface": null, "sidewalk:right": null, "sidewalk:left": null, "vehicle": null, "parking:both:restriction": null, "parking:both": null, "motor_vehicle": null, "description": null, "bicycle": null, "foot": null, "lanes": null, "maxspeed:type": null, "maxspeed": null, "oneway:bicycle": "no", "lit": "yes", "cycleway:right:oneway": "no", "alt_name": null, "living_street": null, "smoothness": null, "sidewalk:both:surface": null, "cycleway:right": "lane", "lane_markings": "no", "cycleway:left": "no", "surface": "asphalt", "sidewalk": "both", "oneway": "yes", "name:ru": "улица Ленина", "name:pl": "ulica Lenina", "name:lt": "Lenino g.", "name:etymology:wikidata": "Q1394", "name:be": "вуліца Леніна", "name": "улица Ленина" }, "geometry": { "type": "LineString", "coordinates": [ [ 20.1663921, 54.9426806 ], [ 20.1652147, 54.9429691 ], [ 20.1647334, 54.9431001 ] ] } },
{ "type": "Feature", "properties": { "full_id": "w313026148", "osm_id": "313026148", "osm_type": "way", "highway": "residential", "sidewalk:right:surface": null, "layer": null, "bridge": null, "sidewalk:both": null, "cycleway:left:oneway": null, "cycleway:both": null, "incline": null, "shoulder": null, "sidewalk:left:surface": null, "sidewalk:right": null, "sidewalk:left": null, "vehicle": null, "parking:both:restriction": null, "parking:both": null, "motor_vehicle": null, "description": null, "bicycle": null, "foot": null, "lanes": null, "maxspeed:type": null, "maxspeed": null, "oneway:bicycle": null, "lit": null, "cycleway:right:oneway": null, "alt_name": null, "living_street": "yes", "smoothness": null, "sidewalk:both:surface": null, "cycleway:right": null, "lane_markings": null, "cycleway:left": null, "surface": null, "sidewalk": null, "oneway": null, "name:ru": null, "name:pl": null, "name:lt": null, "name:etymology:wikidata": null, "name:be": null, "name": null }, "geometry": { "type": "LineString", "coordinates": [ [ 20.1742106, 54.9424618 ], [ 20.1743315, 54.9426223 ], [ 20.1743158, 54.9427655 ], [ 20.1748657, 54.9433786 ] ] } },
{ "type": "Feature", "properties": { "full_id": "w313495560", "osm_id": "313495560", "osm_type": "way", "highway": "residential", "sidewalk:right:surface": null, "layer": null, "bridge": null, "sidewalk:both": null, "cycleway:left:oneway": null, "cycleway:both": null, "incline": null, "shoulder": null, "sidewalk:left:surface": null, "sidewalk:right": null, "sidewalk:left": null, "vehicle": null, "parking:both:restriction": null, "parking:both": null, "motor_vehicle": null, "description": null, "bicycle": null, "foot": null, "lanes": null, "maxspeed:type": null, "maxspeed": null, "oneway:bicycle": null, "lit": null, "cycleway:right:oneway": null, "alt_name": null, "living_street": null, "smoothness": null, "sidewalk:both:surface": null, "cycleway:right": null, "lane_markings": null, "cycleway:left": null, "surface": null, "sidewalk": null, "oneway": null, "name:ru": null, "name:pl": null, "name:lt": null, "name:etymology:wikidata": null, "name:be": null, "name": null }, "geometry": { "type": "LineString", "coordinates": [ [ 20.1678525, 54.9439097 ], [ 20.1676952, 54.9439221 ], [ 20.1674825, 54.9439078 ], [ 20.1673364, 54.9438616 ], [ 20.1672838, 54.9438035 ], [ 20.1672783, 54.9437497 ] ] } },
{ "type": "Feature", "properties": { "full_id": "w313509775", "osm_id": "313509775", "osm_type": "way", "highway": "residential", "sidewalk:right:surface": null, "layer": null, "bridge": null, "sidewalk:both": null, "cycleway:left:oneway": null, "cycleway:both": null, "incline": null, "shoulder": null, "sidewalk:left:surface": null, "sidewalk:right": null, "sidewalk:left": null, "vehicle": null, "parking:both:restriction": null, "parking:both": null, "motor_vehicle": null, "description": null, "bicycle": null, "foot": null, "lanes": null, "maxspeed:type": null, "maxspeed": null, "oneway:bicycle": null, "lit": null, "cycleway:right:oneway": null, "alt_name": null, "living_street": null, "smoothness": null, "sidewalk:both:surface": null, "cycleway:right": null, "lane_markings": null, "cycleway:left": null, "surface": null, "sidewalk": null, "oneway": null, "name:ru": null, "name:pl": null, "name:lt": null, "name:etymology:wikidata": null, "name:be": null, "name": "переулок Верещагина" }, "geometry": { "type": "LineString", "coordinates": [ [ 20.1648217, 54.9439341 ], [ 20.1656905, 54.9438297 ], [ 20.1658385, 54.9438286 ], [ 20.1658879, 54.9445852 ] ] } },
{ "type": "Feature", "properties": { "full_id": "w337056168", "osm_id": "337056168", "osm_type": "way", "highway": "residential", "sidewalk:right:surface": null, "layer": null, "bridge": null, "sidewalk:both": null, "cycleway:left:oneway": null, "cycleway:both": "no", "incline": null, "shoulder": null, "sidewalk:left:surface": null, "sidewalk:right": null, "sidewalk:left": null, "vehicle": null, "parking:both:restriction": null, "parking:both": null, "motor_vehicle": null, "description": null, "bicycle": null, "foot": null, "lanes": null, "maxspeed:type": null, "maxspeed": null, "oneway:bicycle": null, "lit": "yes", "cycleway:right:oneway": null, "alt_name": null, "living_street": null, "smoothness": "good", "sidewalk:both:surface": null, "cycleway:right": null, "lane_markings": null, "cycleway:left": null, "surface": "paving_stones", "sidewalk": null, "oneway": null, "name:ru": "Октябрьская улица", "name:pl": "ulica Październikowa", "name:lt": null, "name:etymology:wikidata": "Q42976", "name:be": "Кастрычніцкая вуліца", "name": "Октябрьская улица" }, "geometry": { "type": "LineString", "coordinates": [ [ 20.1520442, 54.9450027 ], [ 20.152118, 54.944934 ], [ 20.1524865, 54.944632 ] ] } },
{ "type": "Feature", "properties": { "full_id": "w361642569", "osm_id": "361642569", "osm_type": "way", "highway": "residential", "sidewalk:right:surface": null, "layer": null, "bridge": null, "sidewalk:both": null, "cycleway:left:oneway": null, "cycleway:both": null, "incline": null, "shoulder": null, "sidewalk:left:surface": null, "sidewalk:right": null, "sidewalk:left": null, "vehicle": null, "parking:both:restriction": null, "parking:both": null, "motor_vehicle": null, "description": null, "bicycle": null, "foot": null, "lanes": "2", "maxspeed:type": null, "maxspeed": null, "oneway:bicycle": null, "lit": null, "cycleway:right:oneway": null, "alt_name": null, "living_street": null, "smoothness": null, "sidewalk:both:surface": null, "cycleway:right": null, "lane_markings": null, "cycleway:left": null, "surface": "asphalt", "sidewalk": "both", "oneway": "yes", "name:ru": "улица Ленина", "name:pl": "ulica Lenina", "name:lt": "Lenino g.", "name:etymology:wikidata": "Q1394", "name:be": "вуліца Леніна", "name": "улица Ленина" }, "geometry": { "type": "LineString", "coordinates": [ [ 20.163518, 54.9433847 ], [ 20.1633772, 54.9434159 ], [ 20.1629668, 54.943516 ], [ 20.162507, 54.9436033 ], [ 20.1622862, 54.9436333 ], [ 20.1618618, 54.9436747 ], [ 20.1618362, 54.9436768 ], [ 20.161775, 54.9436858 ], [ 20.160823, 54.9438261 ], [ 20.1598182, 54.9440125 ] ] } },
{ "type": "Feature", "properties": { "full_id": "w464717065", "osm_id": "464717065", "osm_type": "way", "highway": "residential", "sidewalk:right:surface": null, "layer": null, "bridge": null, "sidewalk:both": null, "cycleway:left:oneway": null, "cycleway:both": null, "incline": null, "shoulder": null, "sidewalk:left:surface": null, "sidewalk:right": null, "sidewalk:left": null, "vehicle": null, "parking:both:restriction": null, "parking:both": null, "motor_vehicle": null, "description": null, "bicycle": null, "foot": null, "lanes": null, "maxspeed:type": null, "maxspeed": null, "oneway:bicycle": null, "lit": null, "cycleway:right:oneway": null, "alt_name": null, "living_street": null, "smoothness": null, "sidewalk:both:surface": null, "cycleway:right": null, "lane_markings": null, "cycleway:left": null, "surface": null, "sidewalk": null, "oneway": null, "name:ru": "Зелёная улица", "name:pl": "ulica Zielona", "name:lt": "Žalioji g.", "name:etymology:wikidata": null, "name:be": "Зялёная вуліца", "name": "Зелёная улица" }, "geometry": { "type": "LineString", "coordinates": [ [ 20.1537163, 54.9401361 ], [ 20.153988, 54.9403435 ], [ 20.1544985, 54.9407056 ], [ 20.1548728, 54.9410527 ] ] } },
{ "type": "Feature", "properties": { "full_id": "w600829453", "osm_id": "600829453", "osm_type": "way", "highway": "residential", "sidewalk:right:surface": null, "layer": null, "bridge": null, "sidewalk:both": "separate", "cycleway:left:oneway": null, "cycleway:both": "no", "incline": null, "shoulder": null, "sidewalk:left:surface": null, "sidewalk:right": null, "sidewalk:left": null, "vehicle": null, "parking:both:restriction": null, "parking:both": null, "motor_vehicle": null, "description": null, "bicycle": null, "foot": null, "lanes": null, "maxspeed:type": null, "maxspeed": null, "oneway:bicycle": null, "lit": null, "cycleway:right:oneway": null, "alt_name": null, "living_street": null, "smoothness": "good", "sidewalk:both:surface": null, "cycleway:right": null, "lane_markings": "no", "cycleway:left": null, "surface": "paving_stones", "sidewalk": null, "oneway": "yes", "name:ru": "Октябрьская улица", "name:pl": "ulica Październikowa", "name:lt": null, "name:etymology:wikidata": "Q42976", "name:be": "Кастрычніцкая вуліца", "name": "Октябрьская улица" }, "geometry": { "type": "LineString", "coordinates": [ [ 20.1524865, 54.944632 ], [ 20.1531452, 54.9440618 ] ] } },
{ "type": "Feature", "properties": { "full_id": "w627836809", "osm_id": "627836809", "osm_type": "way", "highway": "residential", "sidewalk:right:surface": null, "layer": null, "bridge": null, "sidewalk:both": null, "cycleway:left:oneway": null, "cycleway:both": null, "incline": null, "shoulder": null, "sidewalk:left:surface": null, "sidewalk:right": null, "sidewalk:left": null, "vehicle": null, "parking:both:restriction": null, "parking:both": null, "motor_vehicle": null, "description": null, "bicycle": null, "foot": null, "lanes": null, "maxspeed:type": null, "maxspeed": null, "oneway:bicycle": null, "lit": "yes", "cycleway:right:oneway": null, "alt_name": null, "living_street": null, "smoothness": null, "sidewalk:both:surface": null, "cycleway:right": null, "lane_markings": "no", "cycleway:left": null, "surface": "paving_stones", "sidewalk": "both", "oneway": "yes", "name:ru": null, "name:pl": null, "name:lt": null, "name:etymology:wikidata": null, "name:be": null, "name": null }, "geometry": { "type": "LineString", "coordinates": [ [ 20.1604687, 54.9450133 ], [ 20.160234, 54.9449763 ], [ 20.1600087, 54.9449085 ], [ 20.1599336, 54.9448592 ], [ 20.1598692, 54.9443847 ] ] } },
{ "type": "Feature", "properties": { "full_id": "w627836810", "osm_id": "627836810", "osm_type": "way", "highway": "residential", "sidewalk:right:surface": null, "layer": null, "bridge": null, "sidewalk:both": null, "cycleway:left:oneway": null, "cycleway:both": null, "incline": null, "shoulder": null, "sidewalk:left:surface": null, "sidewalk:right": null, "sidewalk:left": null, "vehicle": null, "parking:both:restriction": null, "parking:both": null, "motor_vehicle": null, "description": null, "bicycle": null, "foot": null, "lanes": null, "maxspeed:type": null, "maxspeed": null, "oneway:bicycle": null, "lit": "yes", "cycleway:right:oneway": null, "alt_name": null, "living_street": null, "smoothness": null, "sidewalk:both:surface": null, "cycleway:right": null, "lane_markings": null, "cycleway:left": null, "surface": "paving_stones", "sidewalk": null, "oneway": null, "name:ru": null, "name:pl": null, "name:lt": null, "name:etymology:wikidata": null, "name:be": null, "name": null }, "geometry": { "type": "LineString", "coordinates": [ [ 20.1604687, 54.9450133 ], [ 20.1605344, 54.9454477 ], [ 20.1605327, 54.9455961 ], [ 20.160532, 54.9456547 ], [ 20.1605296, 54.9458623 ], [ 20.160529, 54.945916 ], [ 20.1604516, 54.9459834 ], [ 20.1602071, 54.9461964 ] ] } },
{ "type": "Feature", "properties": { "full_id": "w827812112", "osm_id": "827812112", "osm_type": "way", "highway": "residential", "sidewalk:right:surface": null, "layer": null, "bridge": null, "sidewalk:both": null, "cycleway:left:oneway": null, "cycleway:both": null, "incline": null, "shoulder": null, "sidewalk:left:surface": null, "sidewalk:right": null, "sidewalk:left": null, "vehicle": null, "parking:both:restriction": null, "parking:both": null, "motor_vehicle": null, "description": null, "bicycle": null, "foot": null, "lanes": null, "maxspeed:type": null, "maxspeed": null, "oneway:bicycle": null, "lit": null, "cycleway:right:oneway": null, "alt_name": null, "living_street": null, "smoothness": null, "sidewalk:both:surface": null, "cycleway:right": null, "lane_markings": "no", "cycleway:left": null, "surface": "asphalt", "sidewalk": "both", "oneway": "yes", "name:ru": "Садовая улица", "name:pl": "ulica Sadowa", "name:lt": null, "name:etymology:wikidata": "Q1107656", "name:be": "Садовая вуліца", "name": "Садовая улица" }, "geometry": { "type": "LineString", "coordinates": [ [ 20.1624107, 54.941246 ], [ 20.161927, 54.9413682 ], [ 20.1617821, 54.9414022 ] ] } },
{ "type": "Feature", "properties": { "full_id": "w827812113", "osm_id": "827812113", "osm_type": "way", "highway": "residential", "sidewalk:right:surface": null, "layer": null, "bridge": null, "sidewalk:both": null, "cycleway:left:oneway": null, "cycleway:both": null, "incline": null, "shoulder": null, "sidewalk:left:surface": null, "sidewalk:right": null, "sidewalk:left": null, "vehicle": null, "parking:both:restriction": null, "parking:both": null, "motor_vehicle": null, "description": null, "bicycle": null, "foot": null, "lanes": null, "maxspeed:type": null, "maxspeed": null, "oneway:bicycle": null, "lit": null, "cycleway:right:oneway": null, "alt_name": null, "living_street": null, "smoothness": null, "sidewalk:both:surface": null, "cycleway:right": null, "lane_markings": "no", "cycleway:left": null, "surface": "asphalt", "sidewalk": "both", "oneway": "yes", "name:ru": "улица Гагарина", "name:pl": "ulica Gagarina", "name:lt": null, "name:etymology:wikidata": "Q7327", "name:be": "вуліца Гагарына", "name": "улица Гагарина" }, "geometry": { "type": "LineString", "coordinates": [ [ 20.1586653, 54.9422441 ], [ 20.1581533, 54.9415419 ], [ 20.1579183, 54.9412711 ], [ 20.1578266, 54.9411654 ] ] } },
{ "type": "Feature", "properties": { "full_id": "w968062866", "osm_id": "968062866", "osm_type": "way", "highway": "residential", "sidewalk:right:surface": null, "layer": null, "bridge": null, "sidewalk:both": null, "cycleway:left:oneway": null, "cycleway:both": null, "incline": null, "shoulder": null, "sidewalk:left:surface": null, "sidewalk:right": null, "sidewalk:left": null, "vehicle": null, "parking:both:restriction": null, "parking:both": null, "motor_vehicle": null, "description": null, "bicycle": null, "foot": null, "lanes": "2", "maxspeed:type": null, "maxspeed": null, "oneway:bicycle": null, "lit": "yes", "cycleway:right:oneway": "no", "alt_name": null, "living_street": null, "smoothness": null, "sidewalk:both:surface": null, "cycleway:right": "track", "lane_markings": null, "cycleway:left": "no", "surface": "asphalt", "sidewalk": "both", "oneway": null, "name:ru": "улица Ленина", "name:pl": "ulica Lenina", "name:lt": "Lenino g.", "name:etymology:wikidata": "Q1394", "name:be": "вуліца Леніна", "name": "улица Ленина" }, "geometry": { "type": "LineString", "coordinates": [ [ 20.1647334, 54.9431001 ], [ 20.163518, 54.9433847 ] ] } },
{ "type": "Feature", "properties": { "full_id": "w968062867", "osm_id": "968062867", "osm_type": "way", "highway": "residential", "sidewalk:right:surface": null, "layer": null, "bridge": null, "sidewalk:both": null, "cycleway:left:oneway": null, "cycleway:both": null, "incline": null, "shoulder": null, "sidewalk:left:surface": null, "sidewalk:right": null, "sidewalk:left": null, "vehicle": null, "parking:both:restriction": null, "parking:both": null, "motor_vehicle": null, "description": null, "bicycle": null, "foot": null, "lanes": null, "maxspeed:type": null, "maxspeed": null, "oneway:bicycle": null, "lit": null, "cycleway:right:oneway": null, "alt_name": null, "living_street": "yes", "smoothness": null, "sidewalk:both:surface": null, "cycleway:right": null, "lane_markings": null, "cycleway:left": null, "surface": null, "sidewalk": null, "oneway": null, "name:ru": "Береговая улица", "name:pl": "ulica Brzegowa", "name:lt": null, "name:etymology:wikidata": null, "name:be": "Берагавая вуліца", "name": "Береговая улица" }, "geometry": { "type": "LineString", "coordinates": [ [ 20.1692584, 54.9422409 ], [ 20.169099, 54.9423421 ], [ 20.168792, 54.9425061 ], [ 20.1680923, 54.9428509 ] ] } },
{ "type": "Feature", "properties": { "full_id": "w968062868", "osm_id": "968062868", "osm_type": "way", "highway": "residential", "sidewalk:right:surface": null, "layer": "1", "bridge": "yes", "sidewalk:both": null, "cycleway:left:oneway": null, "cycleway:both": null, "incline": null, "shoulder": null, "sidewalk:left:surface": null, "sidewalk:right": null, "sidewalk:left": null, "vehicle": null, "parking:both:restriction": null, "parking:both": null, "motor_vehicle": null, "description": null, "bicycle": null, "foot": null, "lanes": null, "maxspeed:type": null, "maxspeed": null, "oneway:bicycle": null, "lit": null, "cycleway:right:oneway": null, "alt_name": null, "living_street": "yes", "smoothness": null, "sidewalk:both:surface": null, "cycleway:right": null, "lane_markings": null, "cycleway:left": null, "surface": null, "sidewalk": null, "oneway": null, "name:ru": "Береговая улица", "name:pl": "ulica Brzegowa", "name:lt": null, "name:etymology:wikidata": null, "name:be": "Берагавая вуліца", "name": "Береговая улица" }, "geometry": { "type": "LineString", "coordinates": [ [ 20.169515, 54.9420755 ], [ 20.1692584, 54.9422409 ] ] } },
{ "type": "Feature", "properties": { "full_id": "w968063122", "osm_id": "968063122", "osm_type": "way", "highway": "residential", "sidewalk:right:surface": null, "layer": null, "bridge": null, "sidewalk:both": null, "cycleway:left:oneway": null, "cycleway:both": null, "incline": null, "shoulder": null, "sidewalk:left:surface": null, "sidewalk:right": null, "sidewalk:left": null, "vehicle": null, "parking:both:restriction": null, "parking:both": null, "motor_vehicle": null, "description": null, "bicycle": null, "foot": null, "lanes": null, "maxspeed:type": null, "maxspeed": null, "oneway:bicycle": null, "lit": null, "cycleway:right:oneway": null, "alt_name": null, "living_street": null, "smoothness": null, "sidewalk:both:surface": null, "cycleway:right": "no", "lane_markings": null, "cycleway:left": "separate", "surface": "asphalt", "sidewalk": null, "oneway": null, "name:ru": "Ольховая улица", "name:pl": null, "name:lt": null, "name:etymology:wikidata": null, "name:be": "Альховая вуліца", "name": "Ольховая улица" }, "geometry": { "type": "LineString", "coordinates": [ [ 20.1689105, 54.9433461 ], [ 20.1697249, 54.9433353 ], [ 20.1699932, 54.9432916 ], [ 20.1702233, 54.9432715 ] ] } },
{ "type": "Feature", "properties": { "full_id": "w968063123", "osm_id": "968063123", "osm_type": "way", "highway": "residential", "sidewalk:right:surface": null, "layer": "1", "bridge": "yes", "sidewalk:both": null, "cycleway:left:oneway": null, "cycleway:both": null, "incline": null, "shoulder": null, "sidewalk:left:surface": null, "sidewalk:right": null, "sidewalk:left": null, "vehicle": null, "parking:both:restriction": null, "parking:both": null, "motor_vehicle": null, "description": null, "bicycle": null, "foot": null, "lanes": null, "maxspeed:type": null, "maxspeed": null, "oneway:bicycle": null, "lit": null, "cycleway:right:oneway": null, "alt_name": null, "living_street": null, "smoothness": null, "sidewalk:both:surface": null, "cycleway:right": "no", "lane_markings": null, "cycleway:left": "separate", "surface": "asphalt", "sidewalk": null, "oneway": null, "name:ru": "Ольховая улица", "name:pl": null, "name:lt": null, "name:etymology:wikidata": null, "name:be": "Альховая вуліца", "name": "Ольховая улица" }, "geometry": { "type": "LineString", "coordinates": [ [ 20.1702233, 54.9432715 ], [ 20.170371, 54.9432809 ] ] } },
{ "type": "Feature", "properties": { "full_id": "w974018209", "osm_id": "974018209", "osm_type": "way", "highway": "residential", "sidewalk:right:surface": null, "layer": null, "bridge": null, "sidewalk:both": null, "cycleway:left:oneway": null, "cycleway:both": null, "incline": null, "shoulder": null, "sidewalk:left:surface": null, "sidewalk:right": null, "sidewalk:left": null, "vehicle": null, "parking:both:restriction": null, "parking:both": null, "motor_vehicle": null, "description": null, "bicycle": null, "foot": null, "lanes": null, "maxspeed:type": null, "maxspeed": null, "oneway:bicycle": null, "lit": "yes", "cycleway:right:oneway": null, "alt_name": null, "living_street": null, "smoothness": null, "sidewalk:both:surface": null, "cycleway:right": null, "lane_markings": null, "cycleway:left": null, "surface": "asphalt", "sidewalk": "left", "oneway": "yes", "name:ru": "Садовая улица", "name:pl": "ulica Sadowa", "name:lt": null, "name:etymology:wikidata": "Q1107656", "name:be": "Садовая вуліца", "name": "Садовая улица" }, "geometry": { "type": "LineString", "coordinates": [ [ 20.1569386, 54.9426956 ], [ 20.1568655, 54.9427451 ], [ 20.1568328, 54.9427779 ], [ 20.1564507, 54.943161 ] ] } },
{ "type": "Feature", "properties": { "full_id": "w974022002", "osm_id": "974022002", "osm_type": "way", "highway": "residential", "sidewalk:right:surface": null, "layer": null, "bridge": null, "sidewalk:both": null, "cycleway:left:oneway": null, "cycleway:both": null, "incline": null, "shoulder": null, "sidewalk:left:surface": null, "sidewalk:right": null, "sidewalk:left": null, "vehicle": null, "parking:both:restriction": null, "parking:both": null, "motor_vehicle": null, "description": null, "bicycle": null, "foot": null, "lanes": null, "maxspeed:type": null, "maxspeed": "RU:urban", "oneway:bicycle": null, "lit": "yes", "cycleway:right:oneway": null, "alt_name": null, "living_street": null, "smoothness": null, "sidewalk:both:surface": null, "cycleway:right": null, "lane_markings": "no", "cycleway:left": null, "surface": "asphalt", "sidewalk": "right", "oneway": null, "name:ru": "улица Верещагина", "name:pl": null, "name:lt": null, "name:etymology:wikidata": null, "name:be": "вуліца Верашчагіна", "name": "улица Верещагина" }, "geometry": { "type": "LineString", "coordinates": [ [ 20.1647394, 54.9432228 ], [ 20.1647334, 54.9431001 ] ] } },
{ "type": "Feature", "properties": { "full_id": "w974022562", "osm_id": "974022562", "osm_type": "way", "highway": "residential", "sidewalk:right:surface": null, "layer": null, "bridge": null, "sidewalk:both": null, "cycleway:left:oneway": null, "cycleway:both": null, "incline": null, "shoulder": null, "sidewalk:left:surface": null, "sidewalk:right": null, "sidewalk:left": null, "vehicle": null, "parking:both:restriction": null, "parking:both": null, "motor_vehicle": null, "description": null, "bicycle": null, "foot": null, "lanes": null, "maxspeed:type": "sign", "maxspeed": "20", "oneway:bicycle": null, "lit": "yes", "cycleway:right:oneway": null, "alt_name": null, "living_street": null, "smoothness": null, "sidewalk:both:surface": null, "cycleway:right": null, "lane_markings": null, "cycleway:left": null, "surface": "asphalt", "sidewalk": "no", "oneway": null, "name:ru": "улица Верещагина", "name:pl": null, "name:lt": null, "name:etymology:wikidata": null, "name:be": "вуліца Верашчагіна", "name": "улица Верещагина" }, "geometry": { "type": "LineString", "coordinates": [ [ 20.1649452, 54.9452874 ], [ 20.1649423, 54.9452203 ], [ 20.1648751, 54.944497 ], [ 20.1648217, 54.9439341 ] ] } },
{ "type": "Feature", "properties": { "full_id": "w974022710", "osm_id": "974022710", "osm_type": "way", "highway": "residential", "sidewalk:right:surface": null, "layer": null, "bridge": null, "sidewalk:both": null, "cycleway:left:oneway": null, "cycleway:both": null, "incline": null, "shoulder": null, "sidewalk:left:surface": null, "sidewalk:right": null, "sidewalk:left": null, "vehicle": null, "parking:both:restriction": null, "parking:both": null, "motor_vehicle": null, "description": null, "bicycle": null, "foot": null, "lanes": null, "maxspeed:type": "sign", "maxspeed": "20", "oneway:bicycle": null, "lit": "yes", "cycleway:right:oneway": null, "alt_name": null, "living_street": null, "smoothness": null, "sidewalk:both:surface": null, "cycleway:right": null, "lane_markings": null, "cycleway:left": null, "surface": "paving_stones", "sidewalk": "both", "oneway": null, "name:ru": "улица Верещагина", "name:pl": null, "name:lt": null, "name:etymology:wikidata": null, "name:be": "вуліца Верашчагіна", "name": "улица Верещагина" }, "geometry": { "type": "LineString", "coordinates": [ [ 20.1652204, 54.9473608 ], [ 20.1651697, 54.9471223 ], [ 20.1650832, 54.9466252 ] ] } },
{ "type": "Feature", "properties": { "full_id": "w974825368", "osm_id": "974825368", "osm_type": "way", "highway": "residential", "sidewalk:right:surface": null, "layer": null, "bridge": null, "sidewalk:both": null, "cycleway:left:oneway": null, "cycleway:both": null, "incline": null, "shoulder": null, "sidewalk:left:surface": null, "sidewalk:right": null, "sidewalk:left": null, "vehicle": null, "parking:both:restriction": null, "parking:both": null, "motor_vehicle": null, "description": null, "bicycle": null, "foot": null, "lanes": null, "maxspeed:type": "sign", "maxspeed": "20", "oneway:bicycle": null, "lit": "yes", "cycleway:right:oneway": null, "alt_name": null, "living_street": null, "smoothness": null, "sidewalk:both:surface": null, "cycleway:right": null, "lane_markings": null, "cycleway:left": null, "surface": "asphalt", "sidewalk": "both", "oneway": null, "name:ru": "улица Верещагина", "name:pl": null, "name:lt": null, "name:etymology:wikidata": null, "name:be": "вуліца Верашчагіна", "name": "улица Верещагина" }, "geometry": { "type": "LineString", "coordinates": [ [ 20.1648217, 54.9439341 ], [ 20.1647394, 54.9432228 ] ] } },
{ "type": "Feature", "properties": { "full_id": "w974921237", "osm_id": "974921237", "osm_type": "way", "highway": "residential", "sidewalk:right:surface": null, "layer": null, "bridge": null, "sidewalk:both": null, "cycleway:left:oneway": null, "cycleway:both": null, "incline": null, "shoulder": null, "sidewalk:left:surface": null, "sidewalk:right": null, "sidewalk:left": null, "vehicle": null, "parking:both:restriction": null, "parking:both": null, "motor_vehicle": null, "description": null, "bicycle": null, "foot": null, "lanes": null, "maxspeed:type": null, "maxspeed": null, "oneway:bicycle": null, "lit": "yes", "cycleway:right:oneway": null, "alt_name": null, "living_street": null, "smoothness": "good", "sidewalk:both:surface": "paving_stones", "cycleway:right": null, "lane_markings": "no", "cycleway:left": null, "surface": "paving_stones", "sidewalk": "both", "oneway": "yes", "name:ru": "Садовая улица", "name:pl": "ulica Sadowa", "name:lt": null, "name:etymology:wikidata": "Q1107656", "name:be": "Садовая вуліца", "name": "Садовая улица" }, "geometry": { "type": "LineString", "coordinates": [ [ 20.1564253, 54.944119 ], [ 20.1564231, 54.9441761 ], [ 20.1562536, 54.9443673 ], [ 20.1559561, 54.9447029 ] ] } },
{ "type": "Feature", "properties": { "full_id": "w974926676", "osm_id": "974926676", "osm_type": "way", "highway": "residential", "sidewalk:right:surface": null, "layer": null, "bridge": null, "sidewalk:both": null, "cycleway:left:oneway": null, "cycleway:both": null, "incline": null, "shoulder": null, "sidewalk:left:surface": null, "sidewalk:right": null, "sidewalk:left": null, "vehicle": null, "parking:both:restriction": null, "parking:both": null, "motor_vehicle": null, "description": null, "bicycle": null, "foot": null, "lanes": null, "maxspeed:type": null, "maxspeed": null, "oneway:bicycle": null, "lit": null, "cycleway:right:oneway": null, "alt_name": null, "living_street": null, "smoothness": null, "sidewalk:both:surface": null, "cycleway:right": null, "lane_markings": "no", "cycleway:left": null, "surface": "asphalt", "sidewalk": "both", "oneway": "yes", "name:ru": "Садовая улица", "name:pl": "ulica Sadowa", "name:lt": null, "name:etymology:wikidata": "Q1107656", "name:be": "Садовая вуліца", "name": "Садовая улица" }, "geometry": { "type": "LineString", "coordinates": [ [ 20.1606763, 54.941687 ], [ 20.1601913, 54.941812 ], [ 20.1586653, 54.9422441 ] ] } },
{ "type": "Feature", "properties": { "full_id": "w974926829", "osm_id": "974926829", "osm_type": "way", "highway": "residential", "sidewalk:right:surface": null, "layer": null, "bridge": null, "sidewalk:both": null, "cycleway:left:oneway": null, "cycleway:both": null, "incline": null, "shoulder": null, "sidewalk:left:surface": null, "sidewalk:right": null, "sidewalk:left": null, "vehicle": null, "parking:both:restriction": null, "parking:both": null, "motor_vehicle": null, "description": null, "bicycle": null, "foot": null, "lanes": null, "maxspeed:type": null, "maxspeed": null, "oneway:bicycle": null, "lit": null, "cycleway:right:oneway": null, "alt_name": null, "living_street": null, "smoothness": null, "sidewalk:both:surface": null, "cycleway:right": null, "lane_markings": "no", "cycleway:left": null, "surface": "asphalt", "sidewalk": "right", "oneway": "yes", "name:ru": "Садовая улица", "name:pl": "ulica Sadowa", "name:lt": null, "name:etymology:wikidata": "Q1107656", "name:be": "Садовая вуліца", "name": "Садовая улица" }, "geometry": { "type": "LineString", "coordinates": [ [ 20.1617821, 54.9414022 ], [ 20.1606763, 54.941687 ] ] } },
{ "type": "Feature", "properties": { "full_id": "w974927050", "osm_id": "974927050", "osm_type": "way", "highway": "residential", "sidewalk:right:surface": null, "layer": null, "bridge": null, "sidewalk:both": null, "cycleway:left:oneway": null, "cycleway:both": null, "incline": null, "shoulder": null, "sidewalk:left:surface": null, "sidewalk:right": null, "sidewalk:left": null, "vehicle": null, "parking:both:restriction": null, "parking:both": null, "motor_vehicle": null, "description": null, "bicycle": null, "foot": null, "lanes": null, "maxspeed:type": null, "maxspeed": null, "oneway:bicycle": null, "lit": null, "cycleway:right:oneway": null, "alt_name": null, "living_street": null, "smoothness": null, "sidewalk:both:surface": null, "cycleway:right": null, "lane_markings": "no", "cycleway:left": null, "surface": "asphalt", "sidewalk": "right", "oneway": "yes", "name:ru": "Садовая улица", "name:pl": "ulica Sadowa", "name:lt": null, "name:etymology:wikidata": "Q1107656", "name:be": "Садовая вуліца", "name": "Садовая улица" }, "geometry": { "type": "LineString", "coordinates": [ [ 20.1626411, 54.9412381 ], [ 20.1624107, 54.941246 ] ] } },
{ "type": "Feature", "properties": { "full_id": "w974927421", "osm_id": "974927421", "osm_type": "way", "highway": "residential", "sidewalk:right:surface": null, "layer": null, "bridge": null, "sidewalk:both": null, "cycleway:left:oneway": null, "cycleway:both": null, "incline": null, "shoulder": null, "sidewalk:left:surface": null, "sidewalk:right": null, "sidewalk:left": null, "vehicle": null, "parking:both:restriction": null, "parking:both": null, "motor_vehicle": null, "description": null, "bicycle": null, "foot": null, "lanes": null, "maxspeed:type": null, "maxspeed": null, "oneway:bicycle": null, "lit": null, "cycleway:right:oneway": null, "alt_name": null, "living_street": null, "smoothness": null, "sidewalk:both:surface": null, "cycleway:right": null, "lane_markings": null, "cycleway:left": null, "surface": "asphalt", "sidewalk": "left", "oneway": "yes", "name:ru": "улица Баха", "name:pl": null, "name:lt": null, "name:etymology:wikidata": null, "name:be": "вуліца Баха", "name": "улица Баха" }, "geometry": { "type": "LineString", "coordinates": [ [ 20.1653864, 54.9415323 ], [ 20.1637659, 54.941473 ] ] } },
{ "type": "Feature", "properties": { "full_id": "w974927676", "osm_id": "974927676", "osm_type": "way", "highway": "residential", "sidewalk:right:surface": null, "layer": null, "bridge": null, "sidewalk:both": null, "cycleway:left:oneway": null, "cycleway:both": null, "incline": null, "shoulder": null, "sidewalk:left:surface": null, "sidewalk:right": null, "sidewalk:left": null, "vehicle": null, "parking:both:restriction": null, "parking:both": null, "motor_vehicle": null, "description": null, "bicycle": null, "foot": null, "lanes": null, "maxspeed:type": null, "maxspeed": null, "oneway:bicycle": null, "lit": null, "cycleway:right:oneway": null, "alt_name": null, "living_street": null, "smoothness": null, "sidewalk:both:surface": null, "cycleway:right": null, "lane_markings": null, "cycleway:left": null, "surface": "asphalt", "sidewalk": "no", "oneway": "yes", "name:ru": "улица Баха", "name:pl": null, "name:lt": null, "name:etymology:wikidata": null, "name:be": "вуліца Баха", "name": "улица Баха" }, "geometry": { "type": "LineString", "coordinates": [ [ 20.1659777, 54.941554 ], [ 20.1653864, 54.9415323 ] ] } },
{ "type": "Feature", "properties": { "full_id": "w974928356", "osm_id": "974928356", "osm_type": "way", "highway": "residential", "sidewalk:right:surface": null, "layer": null, "bridge": null, "sidewalk:both": null, "cycleway:left:oneway": null, "cycleway:both": null, "incline": null, "shoulder": null, "sidewalk:left:surface": null, "sidewalk:right": null, "sidewalk:left": null, "vehicle": null, "parking:both:restriction": null, "parking:both": null, "motor_vehicle": null, "description": null, "bicycle": null, "foot": null, "lanes": null, "maxspeed:type": null, "maxspeed": null, "oneway:bicycle": null, "lit": null, "cycleway:right:oneway": null, "alt_name": null, "living_street": null, "smoothness": null, "sidewalk:both:surface": null, "cycleway:right": null, "lane_markings": null, "cycleway:left": null, "surface": "asphalt", "sidewalk": "left", "oneway": "yes", "name:ru": "улица Баха", "name:pl": null, "name:lt": null, "name:etymology:wikidata": null, "name:be": "вуліца Баха", "name": "улица Баха" }, "geometry": { "type": "LineString", "coordinates": [ [ 20.1668669, 54.9415865 ], [ 20.1659777, 54.941554 ] ] } },
{ "type": "Feature", "properties": { "full_id": "w975966332", "osm_id": "975966332", "osm_type": "way", "highway": "residential", "sidewalk:right:surface": null, "layer": null, "bridge": null, "sidewalk:both": null, "cycleway:left:oneway": null, "cycleway:both": null, "incline": null, "shoulder": null, "sidewalk:left:surface": null, "sidewalk:right": null, "sidewalk:left": null, "vehicle": null, "parking:both:restriction": null, "parking:both": null, "motor_vehicle": null, "description": null, "bicycle": null, "foot": null, "lanes": null, "maxspeed:type": null, "maxspeed": null, "oneway:bicycle": null, "lit": null, "cycleway:right:oneway": null, "alt_name": null, "living_street": null, "smoothness": null, "sidewalk:both:surface": null, "cycleway:right": null, "lane_markings": "no", "cycleway:left": null, "surface": "paving_stones", "sidewalk": null, "oneway": null, "name:ru": "улица Островского", "name:pl": "ulica Ostrowskiego", "name:lt": null, "name:etymology:wikidata": null, "name:be": "вуліца Астроўскага", "name": "улица Островского" }, "geometry": { "type": "LineString", "coordinates": [ [ 20.1559116, 54.9418792 ], [ 20.1558672, 54.9418496 ], [ 20.1557365, 54.9417626 ] ] } },
{ "type": "Feature", "properties": { "full_id": "w976661896", "osm_id": "976661896", "osm_type": "way", "highway": "residential", "sidewalk:right:surface": null, "layer": null, "bridge": null, "sidewalk:both": null, "cycleway:left:oneway": null, "cycleway:both": null, "incline": null, "shoulder": null, "sidewalk:left:surface": null, "sidewalk:right": null, "sidewalk:left": null, "vehicle": null, "parking:both:restriction": null, "parking:both": null, "motor_vehicle": null, "description": null, "bicycle": "yes", "foot": null, "lanes": null, "maxspeed:type": null, "maxspeed": null, "oneway:bicycle": null, "lit": null, "cycleway:right:oneway": null, "alt_name": null, "living_street": null, "smoothness": null, "sidewalk:both:surface": null, "cycleway:right": null, "lane_markings": "yes", "cycleway:left": null, "surface": "asphalt", "sidewalk": "both", "oneway": "yes", "name:ru": "улица Ленина", "name:pl": "ulica Lenina", "name:lt": "Lenino g.", "name:etymology:wikidata": "Q1394", "name:be": "вуліца Леніна", "name": "улица Ленина" }, "geometry": { "type": "LineString", "coordinates": [ [ 20.1508859, 54.9441582 ], [ 20.1503184, 54.9441778 ], [ 20.1497589, 54.9441971 ], [ 20.1496332, 54.9442014 ], [ 20.1491785, 54.9441857 ], [ 20.1484012, 54.9440843 ] ] } },
{ "type": "Feature", "properties": { "full_id": "w999903921", "osm_id": "999903921", "osm_type": "way", "highway": "residential", "sidewalk:right:surface": null, "layer": null, "bridge": null, "sidewalk:both": null, "cycleway:left:oneway": null, "cycleway:both": null, "incline": null, "shoulder": null, "sidewalk:left:surface": null, "sidewalk:right": null, "sidewalk:left": null, "vehicle": null, "parking:both:restriction": null, "parking:both": null, "motor_vehicle": null, "description": null, "bicycle": null, "foot": null, "lanes": null, "maxspeed:type": "sign", "maxspeed": "20", "oneway:bicycle": null, "lit": "yes", "cycleway:right:oneway": null, "alt_name": null, "living_street": null, "smoothness": null, "sidewalk:both:surface": null, "cycleway:right": null, "lane_markings": null, "cycleway:left": null, "surface": "paving_stones", "sidewalk": "left", "oneway": null, "name:ru": "улица Верещагина", "name:pl": null, "name:lt": null, "name:etymology:wikidata": null, "name:be": "вуліца Верашчагіна", "name": "улица Верещагина" }, "geometry": { "type": "LineString", "coordinates": [ [ 20.1650151, 54.9462333 ], [ 20.1650061, 54.9460803 ] ] } },
{ "type": "Feature", "properties": { "full_id": "w999903922", "osm_id": "999903922", "osm_type": "way", "highway": "residential", "sidewalk:right:surface": null, "layer": null, "bridge": null, "sidewalk:both": null, "cycleway:left:oneway": null, "cycleway:both": null, "incline": null, "shoulder": null, "sidewalk:left:surface": null, "sidewalk:right": null, "sidewalk:left": null, "vehicle": null, "parking:both:restriction": null, "parking:both": null, "motor_vehicle": null, "description": null, "bicycle": null, "foot": null, "lanes": null, "maxspeed:type": "sign", "maxspeed": "20", "oneway:bicycle": null, "lit": "yes", "cycleway:right:oneway": null, "alt_name": null, "living_street": null, "smoothness": null, "sidewalk:both:surface": null, "cycleway:right": null, "lane_markings": null, "cycleway:left": null, "surface": "paving_stones", "sidewalk": "right", "oneway": null, "name:ru": "улица Верещагина", "name:pl": null, "name:lt": null, "name:etymology:wikidata": null, "name:be": "вуліца Верашчагіна", "name": "улица Верещагина" }, "geometry": { "type": "LineString", "coordinates": [ [ 20.1650832, 54.9466252 ], [ 20.1650392, 54.9463721 ] ] } },
{ "type": "Feature", "properties": { "full_id": "w999903923", "osm_id": "999903923", "osm_type": "way", "highway": "residential", "sidewalk:right:surface": null, "layer": null, "bridge": null, "sidewalk:both": null, "cycleway:left:oneway": null, "cycleway:both": null, "incline": null, "shoulder": null, "sidewalk:left:surface": null, "sidewalk:right": null, "sidewalk:left": null, "vehicle": null, "parking:both:restriction": null, "parking:both": null, "motor_vehicle": null, "description": null, "bicycle": null, "foot": null, "lanes": null, "maxspeed:type": "sign", "maxspeed": "20", "oneway:bicycle": null, "lit": "yes", "cycleway:right:oneway": null, "alt_name": null, "living_street": null, "smoothness": null, "sidewalk:both:surface": null, "cycleway:right": null, "lane_markings": null, "cycleway:left": null, "surface": "paving_stones", "sidewalk": null, "oneway": null, "name:ru": "улица Верещагина", "name:pl": null, "name:lt": null, "name:etymology:wikidata": null, "name:be": "вуліца Верашчагіна", "name": "улица Верещагина" }, "geometry": { "type": "LineString", "coordinates": [ [ 20.1650392, 54.9463721 ], [ 20.1650151, 54.9462333 ] ] } },
{ "type": "Feature", "properties": { "full_id": "w1065807563", "osm_id": "1065807563", "osm_type": "way", "highway": "residential", "sidewalk:right:surface": null, "layer": null, "bridge": null, "sidewalk:both": null, "cycleway:left:oneway": null, "cycleway:both": null, "incline": null, "shoulder": null, "sidewalk:left:surface": null, "sidewalk:right": null, "sidewalk:left": null, "vehicle": null, "parking:both:restriction": null, "parking:both": null, "motor_vehicle": null, "description": null, "bicycle": null, "foot": null, "lanes": null, "maxspeed:type": null, "maxspeed": null, "oneway:bicycle": null, "lit": null, "cycleway:right:oneway": null, "alt_name": null, "living_street": null, "smoothness": null, "sidewalk:both:surface": null, "cycleway:right": null, "lane_markings": null, "cycleway:left": null, "surface": null, "sidewalk": null, "oneway": null, "name:ru": "Зелёная улица", "name:pl": "ulica Zielona", "name:lt": "Žalioji g.", "name:etymology:wikidata": null, "name:be": "Зялёная вуліца", "name": "Зелёная улица" }, "geometry": { "type": "LineString", "coordinates": [ [ 20.1538165, 54.9396184 ], [ 20.1537669, 54.9398656 ], [ 20.1537656, 54.9398769 ], [ 20.1537163, 54.9401361 ] ] } },
{ "type": "Feature", "properties": { "full_id": "w1070451172", "osm_id": "1070451172", "osm_type": "way", "highway": "residential", "sidewalk:right:surface": null, "layer": null, "bridge": null, "sidewalk:both": null, "cycleway:left:oneway": null, "cycleway:both": null, "incline": null, "shoulder": null, "sidewalk:left:surface": null, "sidewalk:right": null, "sidewalk:left": null, "vehicle": null, "parking:both:restriction": null, "parking:both": null, "motor_vehicle": null, "description": null, "bicycle": null, "foot": null, "lanes": null, "maxspeed:type": null, "maxspeed": null, "oneway:bicycle": null, "lit": null, "cycleway:right:oneway": null, "alt_name": null, "living_street": null, "smoothness": null, "sidewalk:both:surface": null, "cycleway:right": "separate", "lane_markings": null, "cycleway:left": "no", "surface": "asphalt", "sidewalk": null, "oneway": null, "name:ru": "Ольховая улица", "name:pl": null, "name:lt": null, "name:etymology:wikidata": null, "name:be": "Альховая вуліца", "name": "Ольховая улица" }, "geometry": { "type": "LineString", "coordinates": [ [ 20.1795359, 54.9474253 ], [ 20.1794539, 54.9473325 ], [ 20.1788995, 54.9468773 ], [ 20.1783005, 54.946421 ], [ 20.1779951, 54.9461881 ], [ 20.1779231, 54.9461332 ], [ 20.1775984, 54.945987 ], [ 20.1770884, 54.9458036 ], [ 20.1759435, 54.9453921 ], [ 20.1752127, 54.9451253 ] ] } },
{ "type": "Feature", "properties": { "full_id": "w1071419187", "osm_id": "1071419187", "osm_type": "way", "highway": "residential", "sidewalk:right:surface": null, "layer": null, "bridge": null, "sidewalk:both": null, "cycleway:left:oneway": null, "cycleway:both": null, "incline": null, "shoulder": null, "sidewalk:left:surface": null, "sidewalk:right": null, "sidewalk:left": null, "vehicle": null, "parking:both:restriction": null, "parking:both": null, "motor_vehicle": null, "description": null, "bicycle": null, "foot": null, "lanes": null, "maxspeed:type": null, "maxspeed": null, "oneway:bicycle": null, "lit": null, "cycleway:right:oneway": null, "alt_name": null, "living_street": null, "smoothness": null, "sidewalk:both:surface": null, "cycleway:right": null, "lane_markings": null, "cycleway:left": null, "surface": "asphalt", "sidewalk": null, "oneway": null, "name:ru": "Аптечная улица", "name:pl": "ulica Apteczna", "name:lt": null, "name:etymology:wikidata": "Q13107184", "name:be": "Аптэчная вуліца", "name": "Аптечная улица" }, "geometry": { "type": "LineString", "coordinates": [ [ 20.1522047, 54.9408104 ], [ 20.1521953, 54.9408473 ], [ 20.1523494, 54.9410299 ], [ 20.1527231, 54.9414413 ], [ 20.1528822, 54.9416662 ], [ 20.1532195, 54.9417663 ] ] } },
{ "type": "Feature", "properties": { "full_id": "w1105227248", "osm_id": "1105227248", "osm_type": "way", "highway": "residential", "sidewalk:right:surface": null, "layer": null, "bridge": null, "sidewalk:both": null, "cycleway:left:oneway": null, "cycleway:both": null, "incline": null, "shoulder": null, "sidewalk:left:surface": null, "sidewalk:right": null, "sidewalk:left": null, "vehicle": null, "parking:both:restriction": null, "parking:both": null, "motor_vehicle": null, "description": null, "bicycle": null, "foot": null, "lanes": null, "maxspeed:type": null, "maxspeed": null, "oneway:bicycle": null, "lit": null, "cycleway:right:oneway": null, "alt_name": null, "living_street": null, "smoothness": null, "sidewalk:both:surface": null, "cycleway:right": null, "lane_markings": null, "cycleway:left": null, "surface": null, "sidewalk": null, "oneway": null, "name:ru": null, "name:pl": null, "name:lt": null, "name:etymology:wikidata": null, "name:be": null, "name": "Дачная улица" }, "geometry": { "type": "LineString", "coordinates": [ [ 20.1775098, 54.9435702 ], [ 20.1775622, 54.9435421 ], [ 20.1776896, 54.9434738 ], [ 20.1782269, 54.9431857 ] ] } },
{ "type": "Feature", "properties": { "full_id": "w1170352418", "osm_id": "1170352418", "osm_type": "way", "highway": "residential", "sidewalk:right:surface": null, "layer": null, "bridge": null, "sidewalk:both": null, "cycleway:left:oneway": null, "cycleway:both": null, "incline": null, "shoulder": null, "sidewalk:left:surface": null, "sidewalk:right": null, "sidewalk:left": null, "vehicle": null, "parking:both:restriction": null, "parking:both": null, "motor_vehicle": null, "description": null, "bicycle": null, "foot": null, "lanes": null, "maxspeed:type": null, "maxspeed": null, "oneway:bicycle": null, "lit": "yes", "cycleway:right:oneway": null, "alt_name": null, "living_street": "yes", "smoothness": "excellent", "sidewalk:both:surface": null, "cycleway:right": null, "lane_markings": null, "cycleway:left": null, "surface": "asphalt", "sidewalk": "right", "oneway": null, "name:ru": null, "name:pl": null, "name:lt": null, "name:etymology:wikidata": null, "name:be": null, "name": null }, "geometry": { "type": "LineString", "coordinates": [ [ 20.1741111, 54.94926 ], [ 20.1742271, 54.9492303 ], [ 20.1743493, 54.9491906 ], [ 20.1744746, 54.9491538 ] ] } },
{ "type": "Feature", "properties": { "full_id": "w1170353364", "osm_id": "1170353364", "osm_type": "way", "highway": "residential", "sidewalk:right:surface": "paving_stones", "layer": null, "bridge": null, "sidewalk:both": null, "cycleway:left:oneway": null, "cycleway:both": null, "incline": null, "shoulder": null, "sidewalk:left:surface": null, "sidewalk:right": null, "sidewalk:left": null, "vehicle": null, "parking:both:restriction": null, "parking:both": null, "motor_vehicle": null, "description": null, "bicycle": null, "foot": null, "lanes": null, "maxspeed:type": null, "maxspeed": null, "oneway:bicycle": null, "lit": null, "cycleway:right:oneway": null, "alt_name": null, "living_street": null, "smoothness": "good", "sidewalk:both:surface": null, "cycleway:right": null, "lane_markings": null, "cycleway:left": null, "surface": "asphalt", "sidewalk": "right", "oneway": null, "name:ru": "Балтийская улица", "name:pl": null, "name:lt": null, "name:etymology:wikidata": null, "name:be": "Балтыйская вуліца", "name": "Балтийская улица" }, "geometry": { "type": "LineString", "coordinates": [ [ 20.1744746, 54.9491538 ], [ 20.1739079, 54.9486735 ], [ 20.1737952, 54.9485441 ], [ 20.1732286, 54.9476724 ] ] } },
{ "type": "Feature", "properties": { "full_id": "w1170353423", "osm_id": "1170353423", "osm_type": "way", "highway": "residential", "sidewalk:right:surface": null, "layer": null, "bridge": null, "sidewalk:both": null, "cycleway:left:oneway": null, "cycleway:both": null, "incline": null, "shoulder": null, "sidewalk:left:surface": "concrete", "sidewalk:right": null, "sidewalk:left": null, "vehicle": null, "parking:both:restriction": null, "parking:both": null, "motor_vehicle": null, "description": null, "bicycle": null, "foot": null, "lanes": null, "maxspeed:type": null, "maxspeed": null, "oneway:bicycle": null, "lit": null, "cycleway:right:oneway": null, "alt_name": null, "living_street": null, "smoothness": "good", "sidewalk:both:surface": null, "cycleway:right": null, "lane_markings": null, "cycleway:left": null, "surface": "asphalt", "sidewalk": "left", "oneway": null, "name:ru": "Балтийская улица", "name:pl": null, "name:lt": null, "name:etymology:wikidata": null, "name:be": "Балтыйская вуліца", "name": "Балтийская улица" }, "geometry": { "type": "LineString", "coordinates": [ [ 20.1732286, 54.9476724 ], [ 20.1732065, 54.9476327 ], [ 20.1731698, 54.9475656 ] ] } },
{ "type": "Feature", "properties": { "full_id": "w1171520653", "osm_id": "1171520653", "osm_type": "way", "highway": "residential", "sidewalk:right:surface": null, "layer": null, "bridge": null, "sidewalk:both": null, "cycleway:left:oneway": null, "cycleway:both": null, "incline": null, "shoulder": null, "sidewalk:left:surface": "paving_stones", "sidewalk:right": null, "sidewalk:left": null, "vehicle": null, "parking:both:restriction": null, "parking:both": null, "motor_vehicle": null, "description": null, "bicycle": null, "foot": null, "lanes": null, "maxspeed:type": null, "maxspeed": null, "oneway:bicycle": null, "lit": null, "cycleway:right:oneway": "no", "alt_name": null, "living_street": null, "smoothness": "good", "sidewalk:both:surface": null, "cycleway:right": "track", "lane_markings": null, "cycleway:left": "no", "surface": "asphalt", "sidewalk": "left", "oneway": null, "name:ru": "Балтийская улица", "name:pl": null, "name:lt": null, "name:etymology:wikidata": null, "name:be": "Балтыйская вуліца", "name": "Балтийская улица" }, "geometry": { "type": "LineString", "coordinates": [ [ 20.1690129, 54.9435236 ], [ 20.1689621, 54.9434356 ], [ 20.1689105, 54.9433461 ] ] } },
{ "type": "Feature", "properties": { "full_id": "w1302767979", "osm_id": "1302767979", "osm_type": "way", "highway": "residential", "sidewalk:right:surface": null, "layer": null, "bridge": null, "sidewalk:both": null, "cycleway:left:oneway": null, "cycleway:both": null, "incline": null, "shoulder": null, "sidewalk:left:surface": null, "sidewalk:right": null, "sidewalk:left": null, "vehicle": null, "parking:both:restriction": null, "parking:both": null, "motor_vehicle": null, "description": null, "bicycle": null, "foot": null, "lanes": null, "maxspeed:type": null, "maxspeed": null, "oneway:bicycle": null, "lit": null, "cycleway:right:oneway": null, "alt_name": null, "living_street": "yes", "smoothness": null, "sidewalk:both:surface": null, "cycleway:right": null, "lane_markings": null, "cycleway:left": null, "surface": null, "sidewalk": null, "oneway": null, "name:ru": "Северный переулок", "name:pl": "zaułek Północny", "name:lt": null, "name:etymology:wikidata": "Q659", "name:be": "Паўночны завулак", "name": "Северный переулок" }, "geometry": { "type": "LineString", "coordinates": [ [ 20.1704225, 54.9404257 ], [ 20.1701381, 54.9398428 ] ] } },
{ "type": "Feature", "properties": { "full_id": "w1363066822", "osm_id": "1363066822", "osm_type": "way", "highway": "residential", "sidewalk:right:surface": null, "layer": null, "bridge": null, "sidewalk:both": null, "cycleway:left:oneway": null, "cycleway:both": null, "incline": null, "shoulder": null, "sidewalk:left:surface": null, "sidewalk:right": null, "sidewalk:left": null, "vehicle": null, "parking:both:restriction": null, "parking:both": null, "motor_vehicle": null, "description": null, "bicycle": null, "foot": null, "lanes": null, "maxspeed:type": null, "maxspeed": null, "oneway:bicycle": null, "lit": "yes", "cycleway:right:oneway": null, "alt_name": null, "living_street": null, "smoothness": null, "sidewalk:both:surface": null, "cycleway:right": null, "lane_markings": null, "cycleway:left": null, "surface": "paving_stones", "sidewalk": null, "oneway": "yes", "name:ru": null, "name:pl": null, "name:lt": null, "name:etymology:wikidata": null, "name:be": null, "name": null }, "geometry": { "type": "LineString", "coordinates": [ [ 20.1598692, 54.9443847 ], [ 20.159955, 54.9444556 ], [ 20.1603627, 54.944568 ], [ 20.1604217, 54.9447021 ], [ 20.1604539, 54.9449153 ], [ 20.1604687, 54.9450133 ] ] } },
{ "type": "Feature", "properties": { "full_id": "w1363066823", "osm_id": "1363066823", "osm_type": "way", "highway": "residential", "sidewalk:right:surface": null, "layer": null, "bridge": null, "sidewalk:both": null, "cycleway:left:oneway": null, "cycleway:both": null, "incline": null, "shoulder": null, "sidewalk:left:surface": null, "sidewalk:right": null, "sidewalk:left": null, "vehicle": null, "parking:both:restriction": null, "parking:both": null, "motor_vehicle": null, "description": null, "bicycle": null, "foot": null, "lanes": null, "maxspeed:type": null, "maxspeed": null, "oneway:bicycle": null, "lit": "yes", "cycleway:right:oneway": null, "alt_name": null, "living_street": null, "smoothness": null, "sidewalk:both:surface": null, "cycleway:right": null, "lane_markings": null, "cycleway:left": null, "surface": "paving_stones", "sidewalk": null, "oneway": null, "name:ru": null, "name:pl": null, "name:lt": null, "name:etymology:wikidata": null, "name:be": null, "name": null }, "geometry": { "type": "LineString", "coordinates": [ [ 20.1598182, 54.9440125 ], [ 20.1598692, 54.9443847 ] ] } },
{ "type": "Feature", "properties": { "full_id": "w1443427700", "osm_id": "1443427700", "osm_type": "way", "highway": "residential", "sidewalk:right:surface": null, "layer": null, "bridge": null, "sidewalk:both": null, "cycleway:left:oneway": null, "cycleway:both": null, "incline": null, "shoulder": null, "sidewalk:left:surface": null, "sidewalk:right": null, "sidewalk:left": null, "vehicle": null, "parking:both:restriction": null, "parking:both": null, "motor_vehicle": null, "description": null, "bicycle": null, "foot": null, "lanes": null, "maxspeed:type": null, "maxspeed": null, "oneway:bicycle": null, "lit": null, "cycleway:right:oneway": null, "alt_name": null, "living_street": null, "smoothness": null, "sidewalk:both:surface": null, "cycleway:right": null, "lane_markings": null, "cycleway:left": null, "surface": "asphalt", "sidewalk": "both", "oneway": null, "name:ru": "улица Островского", "name:pl": "ulica Ostrowskiego", "name:lt": null, "name:etymology:wikidata": null, "name:be": "вуліца Астроўскага", "name": "улица Островского" }, "geometry": { "type": "LineString", "coordinates": [ [ 20.1556546, 54.9407871 ], [ 20.1557529, 54.9406569 ] ] } }
]
}
